{
"type": "FeatureCollection",
"name": "coalfields",
"crs": { "type": "name", "properties": { "name": "urn:ogc:def:crs:OGC:1.3:CRS84" } },
"features": [
{ "type": "Feature", "properties": { }, "geometry": { "type": "MultiPolygon", "coordinates": [ [ [ [ -82.673566, 41.624483 ], [ -82.688744, 41.585896 ], [ -82.73601, 41.601805 ], [ -82.673566, 41.624483 ] ] ], [ [ [ -82.793833, 41.665264 ], [ -82.813231, 41.644086 ], [ -82.842099, 41.628323 ], [ -82.835129, 41.656389 ], [ -82.793833, 41.665264 ] ] ], [ [ [ -82.844321, 41.679098 ], [ -82.851611, 41.677541 ], [ -82.856831, 41.681656 ], [ -82.844321, 41.679098 ] ] ], [ [ [ -82.822266, 41.69166 ], [ -82.82907, 41.690538 ], [ -82.830352, 41.691521 ], [ -82.822266, 41.69166 ] ] ], [ [ [ -82.799562, 41.695296 ], [ -82.806948, 41.67119 ], [ -82.82681, 41.684454 ], [ -82.799562, 41.695296 ] ] ], [ [ [ -82.82041, 41.724549 ], [ -82.806824, 41.70632 ], [ -82.83576, 41.710228 ], [ -82.82041, 41.724549 ] ] ], [ [ [ -83.34734, 41.88064 ], [ -83.346089, 41.881636 ], [ -83.345848, 41.88059 ], [ -83.34734, 41.88064 ] ] ], [ [ [ -83.151333, 42.089795 ], [ -83.157625, 42.085543 ], [ -83.158825, 42.087343 ], [ -83.151333, 42.089795 ] ] ], [ [ [ -83.153885, 42.093675 ], [ -83.148924, 42.091443 ], [ -83.156439, 42.090806 ], [ -83.153885, 42.093675 ] ] ], [ [ [ -83.142224, 42.20214 ], [ -83.138209, 42.129883 ], [ -83.165369, 42.088457 ], [ -83.142224, 42.20214 ] ] ], [ [ [ -82.99761, 42.339683 ], [ -82.953221, 42.346661 ], [ -83.004975, 42.333248 ], [ -82.99761, 42.339683 ] ] ], [ [ [ -82.679523, 42.53552 ], [ -82.641781, 42.55646 ], [ -82.667926, 42.537989 ], [ -82.672967, 42.535771 ], [ -82.679523, 42.53552 ] ] ], [ [ [ -82.672805, 42.574924 ], [ -82.641387, 42.593028 ], [ -82.659777, 42.578328 ], [ -82.672805, 42.574924 ] ] ], [ [ [ -82.527578, 42.613677 ], [ -82.530518, 42.612291 ], [ -82.527588, 42.61483 ], [ -82.527578, 42.613677 ] ] ], [ [ [ -82.522156, 42.615582 ], [ -82.592501, 42.551364 ], [ -82.641595, 42.557604 ], [ -82.608593, 42.560644 ], [ -82.629938, 42.586484 ], [ -82.666154, 42.569983 ], [ -82.640089, 42.590306 ], [ -82.605589, 42.595887 ], [ -82.592443, 42.613303 ], [ -82.544263, 42.604152 ], [ -82.522156, 42.615582 ] ] ], [ [ [ -82.667602, 42.597129 ], [ -82.613287, 42.618959 ], [ -82.589535, 42.617436 ], [ -82.667602, 42.597129 ] ] ], [ [ [ -86.117005, 45.048251 ], [ -86.077524, 45.031115 ], [ -86.093085, 45.008205 ], [ -86.155405, 45.00283 ], [ -86.117005, 45.048251 ] ] ], [ [ [ -83.192268, 45.036932 ], [ -83.205131, 45.040519 ], [ -83.212035, 45.052197 ], [ -83.192268, 45.036932 ] ] ], [ [ [ -86.04233, 45.159125 ], [ -85.977289, 45.139073 ], [ -85.962043, 45.060903 ], [ -86.002921, 45.05474 ], [ -86.058654, 45.100776 ], [ -86.04233, 45.159125 ] ] ], [ [ [ -83.339072, 45.190271 ], [ -83.324853, 45.196308 ], [ -83.319744, 45.18888 ], [ -83.339072, 45.190271 ] ] ], [ [ [ -87.334991, 45.203002 ], [ -87.327539, 45.1573 ], [ -87.377095, 45.178318 ], [ -87.375911, 45.198232 ], [ -87.334991, 45.203002 ] ] ], [ [ [ -86.948245, 45.312777 ], [ -86.956925, 45.304293 ], [ -86.960299, 45.312066 ], [ -86.948245, 45.312777 ] ] ], [ [ [ -86.930907, 45.339276 ], [ -86.918784, 45.336325 ], [ -86.89774, 45.295533 ], [ -86.904898, 45.296839 ], [ -86.905637, 45.309414 ], [ -86.923843, 45.322494 ], [ -86.931782, 45.333468 ], [ -86.930907, 45.339276 ] ] ], [ [ [ -86.92584, 45.397624 ], [ -86.877502, 45.413981 ], [ -86.837541, 45.392391 ], [ -86.869783, 45.332826 ], [ -86.921015, 45.354272 ], [ -86.948088, 45.335296 ], [ -86.937393, 45.420966 ], [ -86.92584, 45.397624 ] ] ], [ [ [ -86.810056, 45.422619 ], [ -86.834981, 45.402498 ], [ -86.830317, 45.428082 ], [ -86.810056, 45.422619 ] ] ], [ [ [ -85.697439, 45.697529 ], [ -85.663233, 45.743312 ], [ -85.642371, 45.742917 ], [ -85.641033, 45.742208 ], [ -85.697439, 45.697529 ] ] ], [ [ [ -85.562558, 45.759575 ], [ -85.500586, 45.753615 ], [ -85.521911, 45.73942 ], [ -85.486832, 45.622788 ], [ -85.56043, 45.571459 ], [ -85.630016, 45.598166 ], [ -85.562558, 45.759575 ] ] ], [ [ [ -85.375082, 45.816114 ], [ -85.355373, 45.77834 ], [ -85.398908, 45.777494 ], [ -85.375082, 45.816114 ] ] ], [ [ [ -84.590548, 45.81207 ], [ -84.433191, 45.786754 ], [ -84.421164, 45.811455 ], [ -84.355856, 45.770272 ], [ -84.405854, 45.722417 ], [ -84.481975, 45.730049 ], [ -84.590548, 45.81207 ] ] ], [ [ [ -85.521264, 45.828027 ], [ -85.468735, 45.806888 ], [ -85.453398, 45.776834 ], [ -85.506828, 45.778419 ], [ -85.521264, 45.828027 ] ] ], [ [ [ -84.603842, 45.850367 ], [ -84.650587, 45.859051 ], [ -84.64668, 45.884939 ], [ -84.622515, 45.87753 ], [ -84.603842, 45.850367 ] ] ], [ [ [ -83.864169, 45.963684 ], [ -83.867541, 45.961604 ], [ -83.866299, 45.964095 ], [ -83.864169, 45.963684 ] ] ], [ [ [ -84.642187, 45.974473 ], [ -84.614709, 45.963411 ], [ -84.638565, 45.957766 ], [ -84.642187, 45.974473 ] ] ], [ [ [ -83.731276, 46.088187 ], [ -83.580691, 46.089225 ], [ -83.533735, 46.006645 ], [ -83.473946, 45.988559 ], [ -83.515704, 45.923751 ], [ -83.63108, 45.929231 ], [ -83.632068, 45.958159 ], [ -83.791906, 45.934132 ], [ -83.81863, 45.964726 ], [ -83.846372, 45.952588 ], [ -83.856234, 45.992796 ], [ -83.883249, 45.969146 ], [ -83.845039, 46.026365 ], [ -83.806422, 45.983589 ], [ -83.762845, 46.025332 ], [ -83.666351, 46.036976 ], [ -83.688418, 46.043368 ], [ -83.665736, 46.071608 ], [ -83.731276, 46.088187 ] ] ], [ [ [ -84.172558, 46.325169 ], [ -84.102047, 46.255163 ], [ -84.148823, 46.214327 ], [ -84.212316, 46.291628 ], [ -84.211043, 46.323547 ], [ -84.172558, 46.325169 ] ] ], [ [ [ -84.364019, 46.501955 ], [ -84.333729, 46.496692 ], [ -84.377811, 46.500773 ], [ -84.364019, 46.501955 ] ] ], [ [ [ -84.198655, 46.534278 ], [ -84.118551, 46.515829 ], [ -84.193941, 46.427576 ], [ -84.114888, 46.321572 ], [ -84.170543, 46.330012 ], [ -84.24976, 46.464253 ], [ -84.286015, 46.472308 ], [ -84.198655, 46.534278 ] ] ], [ [ [ -86.709855, 46.544966 ], [ -86.626219, 46.535149 ], [ -86.647021, 46.486897 ], [ -86.608598, 46.492337 ], [ -86.622988, 46.456191 ], [ -86.687758, 46.456249 ], [ -86.709855, 46.544966 ] ] ], [ [ [ -92.06339, 46.72174 ], [ -92.04959, 46.71454 ], [ -92.04809, 46.71254 ], [ -92.06339, 46.72174 ] ] ], [ [ [ -92.091158, 46.778551 ], [ -92.059319, 46.739909 ], [ -92.01689, 46.70664 ], [ -92.05619, 46.73114 ], [ -92.091158, 46.778551 ] ] ], [ [ [ -90.613054, 46.874065 ], [ -90.568874, 46.847253 ], [ -90.788284, 46.752948 ], [ -90.790232, 46.786103 ], [ -90.613054, 46.874065 ] ] ], [ [ [ -90.938027, 47.003128 ], [ -90.933951, 46.962582 ], [ -90.982558, 46.975941 ], [ -90.938027, 47.003128 ] ] ], [ [ [ -89.837614, 47.87795 ], [ -89.839548, 47.876443 ], [ -89.840025, 47.877996 ], [ -89.837614, 47.87795 ] ] ], [ [ [ -89.827191, 47.880601 ], [ -89.828855, 47.880852 ], [ -89.826478, 47.881857 ], [ -89.827191, 47.880601 ] ] ], [ [ [ -89.661849, 47.955677 ], [ -89.659132, 47.950217 ], [ -89.665285, 47.952959 ], [ -89.661849, 47.955677 ] ] ], [ [ [ -89.577487, 47.966162 ], [ -89.585612, 47.958829 ], [ -89.587075, 47.959628 ], [ -89.577487, 47.966162 ] ] ], [ [ [ -89.590684, 47.967552 ], [ -89.588575, 47.96705 ], [ -89.592316, 47.966661 ], [ -89.590684, 47.967552 ] ] ], [ [ [ -89.565754, 47.97176 ], [ -89.56276, 47.971097 ], [ -89.5664, 47.971051 ], [ -89.565754, 47.97176 ] ] ], [ [ [ -89.559427, 47.971851 ], [ -89.559053, 47.969727 ], [ -89.56191, 47.969613 ], [ -89.559427, 47.971851 ] ] ], [ [ [ -89.589293, 47.972258 ], [ -89.595891, 47.971046 ], [ -89.587797, 47.973424 ], [ -89.589293, 47.972258 ] ] ], [ [ [ -89.568362, 47.974526 ], [ -89.568324, 47.973445 ], [ -89.570571, 47.973744 ], [ -89.568362, 47.974526 ] ] ], [ [ [ -89.590077, 47.974862 ], [ -89.587321, 47.9742 ], [ -89.590416, 47.97404 ], [ -89.590077, 47.974862 ] ] ], [ [ [ -89.559052, 47.978727 ], [ -89.56259, 47.979024 ], [ -89.558746, 47.979298 ], [ -89.559052, 47.978727 ] ] ], [ [ [ -89.582015, 47.978839 ], [ -89.567285, 47.978293 ], [ -89.588067, 47.969563 ], [ -89.582015, 47.978839 ] ] ], [ [ [ -89.61284, 47.980816 ], [ -89.615016, 47.979535 ], [ -89.615119, 47.980083 ], [ -89.61284, 47.980816 ] ] ], [ [ [ -89.558507, 47.989713 ], [ -89.560243, 47.9888 ], [ -89.560583, 47.989119 ], [ -89.558507, 47.989713 ] ] ], [ [ [ -88.422327, 48.190563 ], [ -88.646023, 48.06504 ], [ -88.579216, 48.090064 ], [ -88.607548, 48.041892 ], [ -89.005374, 47.897755 ], [ -88.911665, 47.891345 ], [ -89.119655, 47.827567 ], [ -89.235076, 47.852289 ], [ -89.153058, 47.916934 ], [ -89.222098, 47.894591 ], [ -89.168885, 47.939415 ], [ -88.686584, 48.113187 ], [ -88.706297, 48.09397 ], [ -88.707487, 48.085676 ], [ -88.712684, 48.083348 ], [ -88.712225, 48.08234 ], [ -88.670516, 48.110489 ], [ -88.673987, 48.127349 ], [ -88.422327, 48.190563 ] ] ], [ [ [ -95.146775, 49.380268 ], [ -95.058404, 49.353171 ], [ -94.957466, 49.370187 ], [ -94.816222, 49.320987 ], [ -94.750221, 49.099764 ], [ -94.750219, 48.999992 ], [ -94.718932, 48.999991 ], [ -94.68307, 48.884592 ], [ -94.694313, 48.789353 ], [ -94.640804, 48.741171 ], [ -94.452333, 48.692444 ], [ -94.290737, 48.707748 ], [ -94.224276, 48.649527 ], [ -93.840755, 48.628549 ], [ -93.794454, 48.516022 ], [ -93.467504, 48.545664 ], [ -93.464309, 48.591792 ], [ -93.254854, 48.642785 ], [ -92.954877, 48.631493 ], [ -92.728046, 48.53929 ], [ -92.634931, 48.542874 ], [ -92.627237, 48.503384 ], [ -92.698825, 48.494892 ], [ -92.712562, 48.463013 ], [ -92.656027, 48.43671 ], [ -92.507286, 48.447875 ], [ -92.456326, 48.414205 ], [ -92.469949, 48.351836 ], [ -92.369653, 48.220451 ], [ -92.269742, 48.248242 ], [ -92.306309, 48.316442 ], [ -92.26228, 48.354934 ], [ -92.055228, 48.359213 ], [ -92.000133, 48.321355 ], [ -92.006577, 48.265422 ], [ -91.958425, 48.233091 ], [ -91.715238, 48.199291 ], [ -91.71185, 48.114598 ], [ -91.559273, 48.108269 ], [ -91.567255, 48.043719 ], [ -91.266381, 48.078714 ], [ -90.885481, 48.245785 ], [ -90.839176, 48.239512 ], [ -90.836314, 48.176963 ], [ -90.77744, 48.163412 ], [ -90.79797, 48.136895 ], [ -90.751608, 48.090968 ], [ -90.579898, 48.123923 ], [ -90.556839, 48.096008 ], [ -90.374543, 48.090942 ], [ -90.140863, 48.112503 ], [ -90.023595, 48.084709 ], [ -89.993766, 48.028199 ], [ -89.89493, 47.987211 ], [ -89.775, 48.022631 ], [ -89.581008, 47.995899 ], [ -89.483385, 48.013717 ], [ -89.495344, 48.002356 ], [ -89.555376, 47.994236 ], [ -89.583956, 47.981168 ], [ -89.623812, 47.994788 ], [ -89.639273, 47.953477 ], [ -89.679395, 47.964357 ], [ -89.756645, 47.903954 ], [ -89.92365, 47.862062 ], [ -89.974296, 47.830514 ], [ -90.437712, 47.731612 ], [ -90.777003, 47.60623 ], [ -91.045646, 47.456525 ], [ -91.465736, 47.131659 ], [ -92.08608, 46.794351 ], [ -92.100988, 46.776153 ], [ -92.09399, 46.75274 ], [ -92.143182, 46.743493 ], [ -92.160991, 46.707841 ], [ -92.084221, 46.733455 ], [ -92.09879, 46.74774 ], [ -92.02808, 46.69455 ], [ -91.99239, 46.67984 ], [ -91.97299, 46.68524 ], [ -92.01629, 46.70394 ], [ -91.942989, 46.679939 ], [ -91.796378, 46.693397 ], [ -91.36882, 46.793837 ], [ -91.186853, 46.886444 ], [ -91.185586, 46.846477 ], [ -91.140165, 46.873202 ], [ -91.10549, 46.85762 ], [ -90.968686, 46.943819 ], [ -90.921812, 46.931323 ], [ -90.857544, 46.962391 ], [ -90.751032, 46.887963 ], [ -90.885021, 46.756341 ], [ -90.853829, 46.693458 ], [ -90.911367, 46.663276 ], [ -90.945443, 46.588808 ], [ -90.702952, 46.668286 ], [ -90.760633, 46.706955 ], [ -90.565067, 46.589287 ], [ -90.438244, 46.561001 ], [ -90.033372, 46.672313 ], [ -89.790663, 46.818469 ], [ -89.424761, 46.841546 ], [ -89.227915, 46.912955 ], [ -89.128699, 46.9926 ], [ -88.972434, 47.002096 ], [ -88.889141, 47.100575 ], [ -88.575575, 47.245051 ], [ -88.419817, 47.37192 ], [ -88.21789, 47.449652 ], [ -87.938686, 47.480113 ], [ -87.764791, 47.463464 ], [ -87.715942, 47.439816 ], [ -87.710942, 47.404418 ], [ -87.957058, 47.387261 ], [ -87.94336, 47.3359 ], [ -88.228988, 47.199043 ], [ -88.232164, 47.145976 ], [ -88.281701, 47.138212 ], [ -88.373966, 47.012263 ], [ -88.441967, 46.976388 ], [ -88.48375, 46.832938 ], [ -88.461922, 46.787933 ], [ -88.496654, 46.755506 ], [ -88.456689, 46.756696 ], [ -88.381411, 46.838467 ], [ -88.390746, 46.866718 ], [ -88.351941, 46.857028 ], [ -88.143688, 46.966665 ], [ -88.288555, 46.821084 ], [ -88.208961, 46.894315 ], [ -88.08187, 46.920458 ], [ -87.816795, 46.891155 ], [ -87.589918, 46.782541 ], [ -87.583544, 46.731738 ], [ -87.503025, 46.647498 ], [ -87.43346, 46.591021 ], [ -87.377295, 46.591051 ], [ -87.393988, 46.53317 ], [ -87.360971, 46.504335 ], [ -87.12744, 46.494014 ], [ -87.004683, 46.533751 ], [ -86.877641, 46.438059 ], [ -86.750749, 46.479179 ], [ -86.640362, 46.410819 ], [ -86.469439, 46.551743 ], [ -86.157772, 46.670505 ], [ -85.501376, 46.676423 ], [ -85.257227, 46.753381 ], [ -84.964653, 46.772846 ], [ -85.028279, 46.694847 ], [ -85.02546, 46.5453 ], [ -85.056565, 46.522292 ], [ -85.025598, 46.483029 ], [ -84.936814, 46.489297 ], [ -84.823938, 46.444004 ], [ -84.63102, 46.484868 ], [ -84.57973, 46.41334 ], [ -84.471848, 46.43429 ], [ -84.388412, 46.496315 ], [ -84.302828, 46.486769 ], [ -84.218212, 46.350344 ], [ -84.221477, 46.289958 ], [ -84.181992, 46.249496 ], [ -84.258585, 46.217863 ], [ -84.251128, 46.17518 ], [ -84.122348, 46.179228 ], [ -84.028277, 46.13302 ], [ -84.072036, 46.092876 ], [ -83.977839, 46.018824 ], [ -83.908584, 46.011472 ], [ -83.910711, 45.957936 ], [ -83.978854, 45.96917 ], [ -83.995733, 45.945949 ], [ -84.298164, 45.998359 ], [ -84.280051, 45.973472 ], [ -84.363275, 45.995813 ], [ -84.353424, 45.970203 ], [ -84.467644, 46.009677 ], [ -84.461523, 45.969178 ], [ -84.503357, 45.999051 ], [ -84.527838, 45.968488 ], [ -84.544406, 46.02286 ], [ -84.657947, 46.052473 ], [ -84.69549, 46.025237 ], [ -84.684796, 45.972791 ], [ -84.738849, 45.945792 ], [ -84.702028, 45.850745 ], [ -84.751999, 45.838862 ], [ -85.01399, 46.010775 ], [ -85.33394, 46.092322 ], [ -85.504186, 46.096461 ], [ -85.691501, 45.95833 ], [ -85.893621, 45.969287 ], [ -85.91377, 45.919439 ], [ -86.072068, 45.965314 ], [ -86.27604, 45.943154 ], [ -86.324232, 45.90608 ], [ -86.355542, 45.79157 ], [ -86.41875, 45.792857 ], [ -86.438748, 45.76019 ], [ -86.537341, 45.745855 ], [ -86.537258, 45.708361 ], [ -86.580936, 45.71192 ], [ -86.587528, 45.666457 ], [ -86.627904, 45.660117 ], [ -86.614281, 45.600259 ], [ -86.717996, 45.678394 ], [ -86.625138, 45.744999 ], [ -86.631018, 45.78202 ], [ -86.55836, 45.77187 ], [ -86.581759, 45.794798 ], [ -86.530453, 45.849774 ], [ -86.536359, 45.886508 ], [ -86.583304, 45.898784 ], [ -86.647007, 45.832754 ], [ -86.78208, 45.860196 ], [ -86.773279, 45.811386 ], [ -86.838746, 45.722307 ], [ -86.941354, 45.702624 ], [ -86.967338, 45.667754 ], [ -87.005081, 45.831719 ], [ -86.948112, 45.876534 ], [ -86.974388, 45.915507 ], [ -87.069876, 45.783708 ], [ -87.037364, 45.743062 ], [ -87.098597, 45.704058 ], [ -87.059363, 45.708654 ], [ -87.196917, 45.638814 ], [ -87.32989, 45.422357 ], [ -87.600248, 45.149907 ], [ -87.611845, 45.118192 ], [ -87.577416, 45.07222 ], [ -87.610395, 45.075617 ], [ -87.629776, 44.984022 ], [ -87.652393, 44.983024 ], [ -87.630298, 44.976866 ], [ -87.839028, 44.931718 ], [ -87.821352, 44.898935 ], [ -87.983494, 44.720197 ], [ -87.97835, 44.656338 ], [ -87.991379, 44.682032 ], [ -88.015092, 44.587094 ], [ -88.05004, 44.563183 ], [ -88.043854, 44.553854 ], [ -87.929001, 44.535993 ], [ -87.863019, 44.615821 ], [ -87.754653, 44.650363 ], [ -87.719351, 44.726469 ], [ -87.581306, 44.851792 ], [ -87.550289, 44.85129 ], [ -87.566936, 44.828746 ], [ -87.553763, 44.824791 ], [ -87.434094, 44.893017 ], [ -87.381905, 44.832025 ], [ -87.405005, 44.911807 ], [ -87.321344, 45.038341 ], [ -87.282385, 45.048032 ], [ -87.236997, 45.168837 ], [ -87.171098, 45.152524 ], [ -87.066017, 45.296543 ], [ -86.970454, 45.280307 ], [ -86.985037, 45.216512 ], [ -87.040773, 45.228317 ], [ -87.028977, 45.146143 ], [ -87.083965, 45.144864 ], [ -87.047567, 45.088049 ], [ -87.094563, 45.09175 ], [ -87.09054, 45.051098 ], [ -87.123006, 45.067479 ], [ -87.189407, 44.968633 ], [ -87.17183, 44.931111 ], [ -87.216428, 44.905636 ], [ -87.204545, 44.875594 ], [ -87.318599, 44.788484 ], [ -87.468093, 44.551925 ], [ -87.545382, 44.321386 ], [ -87.511692, 44.195826 ], [ -87.64657, 44.104664 ], [ -87.736178, 43.880421 ], [ -87.695598, 43.763905 ], [ -87.702977, 43.686139 ], [ -87.787864, 43.568126 ], [ -87.792104, 43.493296 ], [ -87.875608, 43.374115 ], [ -87.91179, 43.250331 ], [ -87.881086, 43.170609 ], [ -87.900487, 43.1259 ], [ -87.863984, 43.072913 ], [ -87.89579, 43.01581 ], [ -87.84518, 42.962001 ], [ -87.82328, 42.835318 ], [ -87.758099, 42.780704 ], [ -87.819675, 42.61582 ], [ -87.798035, 42.471721 ], [ -87.828544, 42.269926 ], [ -87.680059, 42.078829 ], [ -87.598778, 41.892237 ], [ -87.620452, 41.890133 ], [ -87.604852, 41.833529 ], [ -87.527632, 41.710773 ], [ -87.324638, 41.608836 ], [ -86.922337, 41.713909 ], [ -86.607952, 41.906493 ], [ -86.48881, 42.116233 ], [ -86.297141, 42.358204 ], [ -86.207324, 42.700943 ], [ -86.254647, 43.083409 ], [ -86.540917, 43.633159 ], [ -86.430283, 43.826862 ], [ -86.515496, 44.057595 ], [ -86.419775, 44.131013 ], [ -86.267275, 44.348068 ], [ -86.220698, 44.566742 ], [ -86.255638, 44.691411 ], [ -86.089186, 44.741496 ], [ -86.065169, 44.907309 ], [ -85.986586, 44.902315 ], [ -85.9316, 44.968789 ], [ -85.808627, 44.949061 ], [ -85.61864, 45.186771 ], [ -85.550652, 45.210879 ], [ -85.526734, 45.189317 ], [ -85.557741, 45.134342 ], [ -85.573894, 45.155488 ], [ -85.614319, 45.127563 ], [ -85.565744, 45.045188 ], [ -85.588417, 45.054513 ], [ -85.649672, 44.976399 ], [ -85.599371, 44.989545 ], [ -85.65153, 44.832928 ], [ -85.639789, 44.773995 ], [ -85.594411, 44.767818 ], [ -85.525044, 44.895469 ], [ -85.564509, 44.895247 ], [ -85.520034, 44.973997 ], [ -85.475044, 44.990962 ], [ -85.499315, 44.856443 ], [ -85.576552, 44.761142 ], [ -85.526511, 44.748739 ], [ -85.38935, 44.947773 ], [ -85.371594, 45.270834 ], [ -85.203385, 45.362127 ], [ -84.914521, 45.394623 ], [ -84.922419, 45.422094 ], [ -85.062048, 45.451526 ], [ -85.11548, 45.539407 ], [ -85.069959, 45.634271 ], [ -84.943496, 45.710817 ], [ -85.012539, 45.763261 ], [ -84.806642, 45.746171 ], [ -84.788939, 45.783616 ], [ -84.729101, 45.788161 ], [ -84.478928, 45.656584 ], [ -84.330254, 45.664472 ], [ -84.215268, 45.634768 ], [ -84.078845, 45.487247 ], [ -83.939261, 45.493189 ], [ -83.598528, 45.351923 ], [ -83.489996, 45.358636 ], [ -83.38171, 45.269874 ], [ -83.412411, 45.238906 ], [ -83.316119, 45.141958 ], [ -83.3145, 45.053892 ], [ -83.259967, 45.025105 ], [ -83.385575, 45.076553 ], [ -83.44931, 45.042217 ], [ -83.432769, 45.004524 ], [ -83.463823, 45.003333 ], [ -83.43078, 44.930444 ], [ -83.312563, 44.882927 ], [ -83.269194, 44.713946 ], [ -83.314518, 44.608726 ], [ -83.333328, 44.337515 ], [ -83.445356, 44.252488 ], [ -83.479531, 44.280091 ], [ -83.53526, 44.251514 ], [ -83.578004, 44.048841 ], [ -83.672969, 44.041027 ], [ -83.681661, 43.987385 ], [ -83.831519, 43.997918 ], [ -83.876078, 43.961611 ], [ -83.916815, 43.899051 ], [ -83.917821, 43.816811 ], [ -83.928744, 43.778189 ], [ -83.956717, 43.764772 ], [ -83.909484, 43.672629 ], [ -83.681934, 43.58222 ], [ -83.554904, 43.700863 ], [ -83.491906, 43.699751 ], [ -83.392769, 43.848781 ], [ -83.325819, 43.882924 ], [ -83.330763, 43.902852 ], [ -83.398606, 43.907695 ], [ -83.405433, 43.911949 ], [ -83.404893, 43.916635 ], [ -83.309138, 43.92073 ], [ -83.262035, 43.975583 ], [ -83.067298, 43.997474 ], [ -82.964683, 44.068357 ], [ -82.745967, 43.99675 ], [ -82.643167, 43.852469 ], [ -82.598636, 43.592349 ], [ -82.537981, 43.433035 ], [ -82.523024, 43.225042 ], [ -82.418728, 42.976859 ], [ -82.474423, 42.890728 ], [ -82.470929, 42.763351 ], [ -82.516209, 42.632051 ], [ -82.543771, 42.607719 ], [ -82.64661, 42.629671 ], [ -82.623028, 42.670038 ], [ -82.686908, 42.690173 ], [ -82.805519, 42.648633 ], [ -82.819018, 42.616334 ], [ -82.772716, 42.592235 ], [ -82.874417, 42.523536 ], [ -82.887814, 42.397337 ], [ -83.115272, 42.278513 ], [ -83.19824, 42.086341 ], [ -83.20769, 42.000302 ], [ -83.258147, 41.978014 ], [ -83.264604, 41.930511 ], [ -83.338243, 41.927611 ], [ -83.325626, 41.920113 ], [ -83.335179, 41.88984 ], [ -83.345534, 41.876524 ], [ -83.348776, 41.875497 ], [ -83.351683, 41.876431 ], [ -83.341877, 41.882112 ], [ -83.35059, 41.89118 ], [ -83.379145, 41.893378 ], [ -83.353203, 41.872581 ], [ -83.441649, 41.808646 ], [ -83.424081, 41.740759 ], [ -83.446925, 41.791031 ], [ -83.469033, 41.763247 ], [ -83.438221, 41.759403 ], [ -83.463478, 41.758134 ], [ -83.471836, 41.763946 ], [ -83.482736, 41.733339 ], [ -83.451133, 41.739147 ], [ -83.470598, 41.691063 ], [ -83.334938, 41.705915 ], [ -83.246106, 41.638448 ], [ -83.088414, 41.607732 ], [ -82.93437, 41.514353 ], [ -82.875196, 41.529708 ], [ -82.832792, 41.588045 ], [ -82.785497, 41.540676 ], [ -82.817989, 41.532049 ], [ -82.717878, 41.541929 ], [ -82.710193, 41.494177 ], [ -82.744602, 41.513138 ], [ -83.039524, 41.46364 ], [ -83.009571, 41.428753 ], [ -82.977179, 41.453823 ], [ -82.927962, 41.419614 ], [ -82.831595, 41.454333 ], [ -82.834583, 41.478395 ], [ -82.744417427999963, 41.450014138000029 ], [ -82.898513793999939, 41.136905670000033 ], [ -83.175682067999958, 40.767917633000025 ], [ -83.326148986999954, 40.42776107800006 ], [ -83.552352904999964, 40.142856598000037 ], [ -83.669250487999989, 39.877239227000075 ], [ -84.165267943999936, 39.311832428000059 ], [ -84.52242279099994, 38.648540497000056 ], [ -84.937767028999986, 38.189506531000063 ], [ -85.614562987999989, 37.203575134000062 ], [ -86.17545318599997, 36.578811646000077 ], [ -86.528572082999972, 36.107521057000042 ], [ -86.856399535999969, 35.744098663000045 ], [ -87.161888122999983, 35.503711700000053 ], [ -87.802009582999972, 34.897342682000044 ], [ -88.154495238999971, 34.639442444000053 ], [ -88.250137328999983, 34.509666443000071 ], [ -88.226295470999958, 34.785217285000044 ], [ -87.994026183999949, 35.698020935000045 ], [ -87.847656249999943, 36.516483307000044 ], [ -87.848243712999988, 36.651969910000048 ], [ -88.002609252999946, 36.995048523000037 ], [ -88.174674987999936, 37.143188477000024 ], [ -88.900871276999965, 37.384727478000059 ], [ -89.200698852999949, 37.447113037000065 ], [ -89.469924926999965, 37.461780548000036 ], [ -89.856842040999936, 37.401775360000045 ], [ -90.212829589999956, 37.256317139000032 ], [ -91.027084350999985, 36.750415802000077 ], [ -92.26992034899996, 35.546089172000052 ], [ -92.744789123999965, 35.132930756000064 ], [ -93.702140807999967, 34.516796112000065 ], [ -94.050262450999981, 34.339550018000068 ], [ -95.108970641999974, 34.005062103000057 ], [ -96.003952025999979, 33.670803070000034 ], [ -96.52153778099995, 33.339294434000067 ], [ -97.243659972999978, 32.606796265000071 ], [ -97.895965575999981, 31.601863861000027 ], [ -98.722084044999974, 30.620164871000043 ], [ -99.147628783999949, 30.261962891000053 ], [ -100.089393615999938, 29.574535370000035 ], [ -100.534698485999968, 29.334024429000067 ], [ -100.619247436999956, 29.217403412000067 ], [ -100.735869992999937, 29.137422616000038 ], [ -100.81398, 29.263148 ], [ -101.010614, 29.36867 ], [ -101.060151, 29.458661 ], [ -101.254895, 29.520342 ], [ -101.250383, 29.624172 ], [ -101.305533, 29.577925 ], [ -101.302517, 29.650426 ], [ -101.361313, 29.650063 ], [ -101.415585, 29.746534 ], [ -101.40232, 29.77119 ], [ -101.448881, 29.750699 ], [ -101.460906, 29.789664 ], [ -101.535998, 29.758951 ], [ -101.544769, 29.811869 ], [ -101.575808, 29.769319 ], [ -101.644843, 29.754326 ], [ -101.804889, 29.780331 ], [ -101.818361, 29.811707 ], [ -101.824056, 29.787498 ], [ -101.852106, 29.807967 ], [ -101.9295, 29.782553 ], [ -101.976086, 29.815981 ], [ -102.072833, 29.786743 ], [ -102.316021, 29.879898 ], [ -102.364543, 29.845387 ], [ -102.387597, 29.761068 ], [ -102.486819, 29.786725 ], [ -102.548248, 29.744888 ], [ -102.568835, 29.771543 ], [ -102.630152, 29.734316 ], [ -102.674852, 29.74425 ], [ -102.808693, 29.52232 ], [ -102.833452, 29.409922 ], [ -102.812256, 29.400025 ], [ -102.883722, 29.34806 ], [ -102.906193, 29.258751 ], [ -102.867212, 29.223983 ], [ -102.996559, 29.177809 ], [ -103.033771, 29.101561 ], [ -103.100503, 29.060542 ], [ -103.116449, 28.984444 ], [ -103.282951, 28.976636 ], [ -103.33113, 29.0434 ], [ -103.386116, 29.022394 ], [ -103.471895, 29.066841 ], [ -103.554475, 29.158493 ], [ -103.718706, 29.180997 ], [ -103.758664, 29.232905 ], [ -103.776961, 29.22019 ], [ -103.783535, 29.26533 ], [ -104.038283, 29.320157 ], [ -104.167245, 29.395043 ], [ -104.213153, 29.485358 ], [ -104.338113, 29.519968 ], [ -104.508643, 29.632893 ], [ -104.566056, 29.77138 ], [ -104.683272, 29.929107 ], [ -104.706277, 30.23475 ], [ -104.811851, 30.332928 ], [ -104.816503, 30.375148 ], [ -104.859416, 30.390207 ], [ -104.899001, 30.570401 ], [ -104.972442, 30.610651 ], [ -105.006802, 30.68604 ], [ -105.054167, 30.682109 ], [ -105.165625, 30.779279 ], [ -105.295498943999974, 30.825934379000046 ], [ -105.242378235, 31.271986008000056 ], [ -105.095657348999964, 31.974493027000051 ], [ -104.842109679999965, 32.535751343000072 ], [ -104.650337218999937, 33.290847778000057 ], [ -104.437599181999985, 33.930706024000074 ], [ -103.726089477999949, 35.855609894000054 ], [ -103.164489745999958, 37.066146851000042 ], [ -102.745368957999972, 37.818019867000032 ], [ -102.227226256999984, 38.500568390000069 ], [ -102.010871886999951, 38.87038040200008 ], [ -101.590362548999963, 39.743247986000029 ], [ -100.137138366999977, 42.040611267000031 ], [ -99.959403991999977, 42.263130188000048 ], [ -99.331626891999974, 43.353679657000043 ], [ -99.001472472999978, 44.26950073200004 ], [ -98.84361267099996, 44.827407837000067 ], [ -98.531837462999988, 45.310470581000061 ], [ -98.364059447999978, 45.674629211000081 ], [ -98.181274413999972, 46.524173737000069 ], [ -98.073104857999965, 46.885612488000049 ], [ -97.70494079599996, 47.647705078000058 ], [ -97.54051971399997, 48.138931274000072 ], [ -97.439933776999965, 48.624168396000073 ], [ -97.325111388999971, 48.906738281000059 ], [ -97.232266011999968, 49.000679362000028 ], [ -95.153711, 48.998903 ], [ -95.146775, 49.380268 ] ] ] ] } },
{ "type": "Feature", "properties": { }, "geometry": { "type": "Polygon", "coordinates": [ [ [ -115.354075886999965, 48.999917680000067 ], [ -111.500813, 48.996964 ], [ -97.232266011999968, 49.000679362000028 ], [ -97.325111388999971, 48.906738281000059 ], [ -97.439933776999965, 48.624168396000073 ], [ -97.54051971399997, 48.138931274000072 ], [ -97.777442931999985, 47.462326050000058 ], [ -98.073104857999965, 46.885612488000049 ], [ -98.181274413999972, 46.524173737000069 ], [ -98.364059447999978, 45.674629211000081 ], [ -98.531837462999988, 45.310470581000061 ], [ -98.84361267099996, 44.827407837000067 ], [ -99.001472472999978, 44.26950073200004 ], [ -99.331626891999974, 43.353679657000043 ], [ -99.959403991999977, 42.263130188000048 ], [ -100.137138366999977, 42.040611267000031 ], [ -101.144691466999973, 40.428073883000025 ], [ -101.319358825999984, 40.193847656000059 ], [ -101.662788391, 39.572704315000067 ], [ -102.268173217999959, 39.913909912000065 ], [ -102.71542358399995, 40.111736298000039 ], [ -103.376327514999957, 40.561294556000064 ], [ -104.065261840999938, 40.89218902600004 ], [ -104.731269835999967, 41.264896393000072 ], [ -105.488227843999937, 41.810436249000077 ], [ -106.061981200999981, 42.323356628000056 ], [ -106.518730163999976, 42.866558075000057 ], [ -106.870796203999987, 43.41381073000008 ], [ -107.364982604999966, 44.493114471000069 ], [ -107.467987060999974, 44.781784058000028 ], [ -107.826721191, 45.232704163000051 ], [ -108.01260376, 45.387187958000027 ], [ -108.579071044999978, 45.742782593000072 ], [ -108.99559783899997, 45.941978455000026 ], [ -109.348083495999958, 46.076232910000044 ], [ -111.38020324699994, 46.622859955000081 ], [ -112.285697936999952, 47.022865295000031 ], [ -113.694206238, 47.753410339000027 ], [ -113.982269286999951, 47.931953430000078 ], [ -114.354553222999982, 48.097503662000065 ], [ -114.474983214999952, 48.189144135000049 ], [ -114.75270080599995, 48.525157928000056 ], [ -115.354075886999965, 48.999917680000067 ] ] ] } },
{ "type": "Feature", "properties": { }, "geometry": { "type": "Polygon", "coordinates": [ [ [ -118.365861761999952, 49.000221703000079 ], [ -115.354075886999965, 48.999917680000067 ], [ -114.75270080599995, 48.525157928000056 ], [ -114.474983214999952, 48.189144135000049 ], [ -114.354553222999982, 48.097503662000065 ], [ -113.982269286999951, 47.931953430000078 ], [ -113.694206238, 47.753410339000027 ], [ -112.169937133999952, 46.967136383000081 ], [ -111.38020324699994, 46.622859955000081 ], [ -109.348083495999958, 46.076232910000044 ], [ -108.579071044999978, 45.742782593000072 ], [ -108.01260376, 45.387187958000027 ], [ -107.826721191, 45.232704163000051 ], [ -107.467987060999974, 44.781784058000028 ], [ -107.364982604999966, 44.493114471000069 ], [ -106.870796203999987, 43.41381073000008 ], [ -106.518730163999976, 42.866558075000057 ], [ -106.061981200999981, 42.323356628000056 ], [ -105.488227843999937, 41.810436249000077 ], [ -104.731269835999967, 41.264896393000072 ], [ -104.065261840999938, 40.89218902600004 ], [ -103.376327514999957, 40.561294556000064 ], [ -102.71542358399995, 40.111736298000039 ], [ -102.268173217999959, 39.913909912000065 ], [ -101.662788391, 39.572704315000067 ], [ -102.227226256999984, 38.500568390000069 ], [ -102.662292479999962, 37.941257477000079 ], [ -102.900192260999972, 37.553813934000061 ], [ -103.164489745999958, 37.066146851000042 ], [ -103.726089477999949, 35.855609894000054 ], [ -104.437599181999985, 33.930706024000074 ], [ -104.650337218999937, 33.290847778000057 ], [ -104.842109679999965, 32.535751343000072 ], [ -105.095657348999964, 31.974493027000051 ], [ -105.306236, 30.809948 ], [ -105.397367, 30.850188 ], [ -105.400114, 30.889698 ], [ -105.556791, 30.989469 ], [ -105.606341, 31.085214 ], [ -105.772671, 31.166394 ], [ -105.953944, 31.364749 ], [ -106.206438, 31.466458 ], [ -106.38104, 31.73211 ], [ -106.451542, 31.764809 ], [ -106.489543, 31.748409 ], [ -106.528544, 31.783908 ], [ -108.208395, 31.783599 ], [ -108.208573, 31.333396 ], [ -111.074825, 31.332239 ], [ -113.525020201999951, 32.098837579000076 ], [ -113.713668822999978, 32.873390198000038 ], [ -113.785423278999986, 33.382675171000074 ], [ -113.998657226999967, 34.171371460000046 ], [ -114.233886718999941, 34.873767853000061 ], [ -114.856292724999946, 35.945728302000077 ], [ -115.724533080999947, 37.016586304000043 ], [ -115.925323485999968, 37.431522369000049 ], [ -116.238731383999948, 38.22782516500007 ], [ -116.418777466, 38.502346039000031 ], [ -116.752433776999965, 39.152477264000026 ], [ -117.042022704999965, 39.844329834000064 ], [ -117.24224090599995, 40.48013687100007 ], [ -117.518920897999976, 41.098407745000031 ], [ -117.72818756099997, 41.982631683000079 ], [ -118.096710204999965, 43.193939209000064 ], [ -118.475456238, 46.475605011000027 ], [ -118.45353698699995, 46.946281433000081 ], [ -118.516090392999956, 47.538368225000056 ], [ -118.521507263, 48.023918152000078 ], [ -118.365861761999952, 49.000221703000079 ] ] ] } },
{ "type": "Feature", "properties": { }, "geometry": { "type": "MultiPolygon", "coordinates": [ [ [ [ -118.594034, 33.035951 ], [ -118.491213, 32.928536 ], [ -118.348648, 32.820383 ], [ -118.425634, 32.800595 ], [ -118.500125, 32.851525 ], [ -118.606559, 33.014691 ], [ -118.594034, 33.035951 ] ] ], [ [ [ -119.578943, 33.278629 ], [ -119.465227, 33.259376 ], [ -119.421549, 33.22851 ], [ -119.544755, 33.231849 ], [ -119.578943, 33.278629 ] ] ], [ [ [ -118.606054, 33.479013 ], [ -118.370324, 33.409285 ], [ -118.304593, 33.308971 ], [ -118.465369, 33.326056 ], [ -118.501428, 33.436086 ], [ -118.563442, 33.434382 ], [ -118.606054, 33.479013 ] ] ], [ [ [ -119.047777, 33.483318 ], [ -119.027912, 33.475597 ], [ -119.036058, 33.46479 ], [ -119.047777, 33.483318 ] ] ], [ [ [ -119.44403, 34.013549 ], [ -119.407193, 34.006242 ], [ -119.379096, 34.010353 ], [ -119.392186, 34.002414 ], [ -119.44403, 34.013549 ] ] ], [ [ [ -119.372502, 34.015936 ], [ -119.357435, 34.015645 ], [ -119.378048, 34.011909 ], [ -119.372502, 34.015936 ] ] ], [ [ [ -120.054558, 34.037478 ], [ -119.967706, 33.942918 ], [ -120.113444, 33.894137 ], [ -120.250416, 34.001338 ], [ -120.054558, 34.037478 ] ] ], [ [ [ -120.365801, 34.074109 ], [ -120.295692, 34.021811 ], [ -120.452374, 34.029431 ], [ -120.38546, 34.05467 ], [ -120.365801, 34.074109 ] ] ], [ [ [ -119.917011, 34.07735 ], [ -119.637742, 34.013179 ], [ -119.585019, 34.053566 ], [ -119.520587, 34.033805 ], [ -119.559749, 33.995417 ], [ -119.81794, 33.959954 ], [ -119.874183, 33.980009 ], [ -119.917011, 34.07735 ] ] ], [ [ [ -122.287931, 37.5681 ], [ -122.290275, 37.567895 ], [ -122.290993, 37.568627 ], [ -122.287931, 37.5681 ] ] ], [ [ [ -122.380782, 37.76023 ], [ -122.380982, 37.76213 ], [ -122.380682, 37.76223 ], [ -122.380782, 37.76023 ] ] ], [ [ [ -122.288981, 37.766129 ], [ -122.286981, 37.765529 ], [ -122.282081, 37.763629 ], [ -122.288981, 37.766129 ] ] ], [ [ [ -122.332014, 37.781744 ], [ -122.277189, 37.79179 ], [ -122.225166, 37.755256 ], [ -122.332014, 37.781744 ] ] ], [ [ [ -122.379382, 37.826828 ], [ -122.371082, 37.816028 ], [ -122.362381, 37.807229 ], [ -122.372792, 37.81105 ], [ -122.379382, 37.826828 ] ] ], [ [ [ -122.430683, 37.872127 ], [ -122.41866, 37.852535 ], [ -122.446283, 37.861027 ], [ -122.430683, 37.872127 ] ] ], [ [ [ -122.035427, 38.069023 ], [ -122.028034, 38.059504 ], [ -122.046595, 38.062928 ], [ -122.035427, 38.069023 ] ] ], [ [ [ -121.933414, 38.053166 ], [ -121.910159, 38.061405 ], [ -121.906923, 38.059063 ], [ -121.898973, 38.057507 ], [ -121.89297, 38.05282 ], [ -121.914279, 38.050144 ], [ -121.933414, 38.053166 ] ] ], [ [ [ -121.977788, 38.076037 ], [ -121.972722, 38.071628 ], [ -121.979131, 38.073093 ], [ -121.977788, 38.076037 ] ] ], [ [ [ -121.992406, 38.080173 ], [ -121.980704, 38.077143 ], [ -121.980963, 38.076633 ], [ -121.992406, 38.080173 ] ] ], [ [ [ -122.038611, 38.090255 ], [ -122.001074, 38.077853 ], [ -122.001458, 38.068911 ], [ -122.023154, 38.069711 ], [ -122.038611, 38.090255 ] ] ], [ [ [ -124.158003, 40.812587 ], [ -124.158398, 40.808393 ], [ -124.166572, 40.808086 ], [ -124.158003, 40.812587 ] ] ], [ [ [ -124.172568, 40.816773 ], [ -124.156451, 40.816526 ], [ -124.178435, 40.807561 ], [ -124.172568, 40.816773 ] ] ], [ [ [ -123.632044, 46.182145 ], [ -123.655613, 46.172005 ], [ -123.668741, 46.175894 ], [ -123.632044, 46.182145 ] ] ], [ [ [ -123.988387, 46.497009 ], [ -123.985892, 46.484804 ], [ -123.988027, 46.467866 ], [ -123.94393, 46.464632 ], [ -123.969623, 46.450113 ], [ -123.940782, 46.411168 ], [ -124.002122, 46.458444 ], [ -123.988387, 46.497009 ] ] ], [ [ [ -123.001258, 47.134463 ], [ -123.000804, 47.133962 ], [ -123.001063, 47.133763 ], [ -123.001258, 47.134463 ] ] ], [ [ [ -122.63734, 47.157119 ], [ -122.628739, 47.157419 ], [ -122.63884, 47.146819 ], [ -122.63734, 47.157119 ] ] ], [ [ [ -122.939072, 47.185766 ], [ -122.94148, 47.184985 ], [ -122.939042, 47.1867 ], [ -122.939072, 47.185766 ] ] ], [ [ [ -122.705941, 47.187437 ], [ -122.673153, 47.17364 ], [ -122.699042, 47.124219 ], [ -122.741673, 47.153604 ], [ -122.705941, 47.187437 ] ] ], [ [ [ -122.926744, 47.226053 ], [ -122.89912, 47.193385 ], [ -122.892112, 47.168091 ], [ -122.924336, 47.195083 ], [ -122.926744, 47.226053 ] ] ], [ [ [ -122.703642, 47.231219 ], [ -122.64354, 47.199504 ], [ -122.727339, 47.205736 ], [ -122.703642, 47.231219 ] ] ], [ [ [ -122.831549, 47.262818 ], [ -122.84095, 47.267618 ], [ -122.824749, 47.270918 ], [ -122.831549, 47.262818 ] ] ], [ [ [ -122.660541, 47.276219 ], [ -122.628963, 47.267715 ], [ -122.590554, 47.227892 ], [ -122.612629, 47.220018 ], [ -122.660541, 47.276219 ] ] ], [ [ [ -122.855122, 47.294334 ], [ -122.871997, 47.246541 ], [ -122.842042, 47.205823 ], [ -122.855029, 47.177846 ], [ -122.879329, 47.162557 ], [ -122.918942, 47.27549 ], [ -122.855122, 47.294334 ] ] ], [ [ [ -122.832057, 47.328193 ], [ -122.822997, 47.32021 ], [ -122.834308, 47.314869 ], [ -122.832057, 47.328193 ] ] ], [ [ [ -122.665043, 47.332919 ], [ -122.669569, 47.325293 ], [ -122.677944, 47.329218 ], [ -122.665043, 47.332919 ] ] ], [ [ [ -122.822925, 47.340687 ], [ -122.827356, 47.341805 ], [ -122.82204, 47.346622 ], [ -122.822925, 47.340687 ] ] ], [ [ [ -122.859399, 47.437316 ], [ -122.853315, 47.437416 ], [ -122.853464, 47.437316 ], [ -122.859399, 47.437316 ] ] ], [ [ [ -122.466287, 47.509177 ], [ -122.433387, 47.466431 ], [ -122.437661, 47.407429 ], [ -122.373634, 47.388712 ], [ -122.461965, 47.343002 ], [ -122.432421, 47.389016 ], [ -122.464641, 47.40148 ], [ -122.445153, 47.390255 ], [ -122.484121, 47.379822 ], [ -122.491629, 47.331116 ], [ -122.518849, 47.333319 ], [ -122.513864, 47.448791 ], [ -122.466287, 47.509177 ] ] ], [ [ [ -122.494486, 47.546111 ], [ -122.488519, 47.529388 ], [ -122.505808, 47.544349 ], [ -122.494486, 47.546111 ] ] ], [ [ [ -122.549627, 47.720998 ], [ -122.54845, 47.691997 ], [ -122.506227, 47.702404 ], [ -122.518253, 47.651318 ], [ -122.489009, 47.633414 ], [ -122.515836, 47.595373 ], [ -122.479167, 47.58348 ], [ -122.576233, 47.59863 ], [ -122.567385, 47.646875 ], [ -122.593809, 47.663229 ], [ -122.554475, 47.672583 ], [ -122.549627, 47.720998 ] ] ], [ [ [ -122.334524, 48.018917 ], [ -122.321217, 48.017384 ], [ -122.303469, 48.005594 ], [ -122.334524, 48.018917 ] ] ], [ [ [ -122.691812, 48.09428 ], [ -122.668738, 48.031387 ], [ -122.689215, 48.008192 ], [ -122.732626, 48.033813 ], [ -122.748344, 48.071389 ], [ -122.725647, 48.087944 ], [ -122.715933, 48.040435 ], [ -122.698922, 48.0162 ], [ -122.703061, 48.070101 ], [ -122.729813, 48.092491 ], [ -122.691812, 48.09428 ] ] ], [ [ [ -122.930455, 48.132602 ], [ -122.908747, 48.126108 ], [ -122.946429, 48.118938 ], [ -122.930455, 48.132602 ] ] ], [ [ [ -122.575135, 48.400942 ], [ -122.560244, 48.397079 ], [ -122.578838, 48.395695 ], [ -122.575135, 48.400942 ] ] ], [ [ [ -122.627317, 48.40426 ], [ -122.630581, 48.402137 ], [ -122.631404, 48.403028 ], [ -122.627317, 48.40426 ] ] ], [ [ [ -122.595486, 48.39728 ], [ -122.597621, 48.356877 ], [ -122.505828, 48.297678 ], [ -122.558437, 48.272166 ], [ -122.612102, 48.296059 ], [ -122.63058, 48.267627 ], [ -122.643012, 48.289365 ], [ -122.6584, 48.245082 ], [ -122.733927, 48.228052 ], [ -122.606406, 48.208262 ], [ -122.540704, 48.01594 ], [ -122.509513, 48.040746 ], [ -122.524533, 48.097087 ], [ -122.375552, 48.034689 ], [ -122.349522, 47.960509 ], [ -122.379274, 47.904388 ], [ -122.397349, 47.912326 ], [ -122.386393, 47.923016 ], [ -122.386391, 47.925736 ], [ -122.388837, 47.926971 ], [ -122.431851, 47.914207 ], [ -122.480941, 47.996216 ], [ -122.546779, 47.967177 ], [ -122.54291, 47.996416 ], [ -122.607394, 48.030918 ], [ -122.611585, 48.154625 ], [ -122.679044, 48.15477 ], [ -122.770045, 48.224396 ], [ -122.664659, 48.401508 ], [ -122.595486, 48.39728 ] ] ], [ [ [ -122.836477, 48.492934 ], [ -122.824066, 48.489897 ], [ -122.834171, 48.48464 ], [ -122.836477, 48.492934 ] ] ], [ [ [ -122.838174, 48.51538 ], [ -122.783354, 48.511151 ], [ -122.818118, 48.4811 ], [ -122.825611, 48.481282 ], [ -122.816023, 48.498695 ], [ -122.838174, 48.51538 ] ] ], [ [ [ -123.005569, 48.540948 ], [ -122.998074, 48.535886 ], [ -123.009402, 48.539058 ], [ -123.005569, 48.540948 ] ] ], [ [ [ -122.883768, 48.572702 ], [ -122.85126, 48.536651 ], [ -122.862643, 48.460569 ], [ -122.845867, 48.444785 ], [ -122.819115, 48.477969 ], [ -122.812106, 48.421664 ], [ -122.892752, 48.420511 ], [ -122.862899, 48.441076 ], [ -122.945522, 48.465423 ], [ -122.91993, 48.551073 ], [ -122.883768, 48.572702 ] ] ], [ [ [ -122.831179, 48.572235 ], [ -122.770349, 48.558106 ], [ -122.808973, 48.53147 ], [ -122.831179, 48.572235 ] ] ], [ [ [ -122.652038, 48.58512 ], [ -122.573381, 48.528799 ], [ -122.649257, 48.528769 ], [ -122.652038, 48.58512 ] ] ], [ [ [ -123.016992, 48.58052 ], [ -122.937105, 48.573287 ], [ -122.903046, 48.579359 ], [ -122.948462, 48.546641 ], [ -123.016992, 48.58052 ] ] ], [ [ [ -123.003642, 48.600211 ], [ -122.991186, 48.593474 ], [ -123.007265, 48.595003 ], [ -123.003642, 48.600211 ] ] ], [ [ [ -122.74052, 48.585114 ], [ -122.699603, 48.589993 ], [ -122.678112, 48.576899 ], [ -122.669231, 48.569198 ], [ -122.668544, 48.566158 ], [ -122.722407, 48.540607 ], [ -122.74052, 48.585114 ] ] ], [ [ [ -123.160781, 48.617337 ], [ -123.162024, 48.613841 ], [ -123.170121, 48.616014 ], [ -123.160781, 48.617337 ] ] ], [ [ [ -123.179184, 48.622389 ], [ -123.176572, 48.585439 ], [ -123.202026, 48.588638 ], [ -123.179184, 48.622389 ] ] ], [ [ [ -123.145268, 48.623616 ], [ -123.102121, 48.619643 ], [ -123.013086, 48.559792 ], [ -123.020195, 48.537857 ], [ -122.97901, 48.533517 ], [ -123.022604, 48.494161 ], [ -122.962489, 48.450407 ], [ -123.151066, 48.513956 ], [ -123.177353, 48.564259 ], [ -123.145268, 48.623616 ] ] ], [ [ [ -122.674173, 48.629945 ], [ -122.666149, 48.608088 ], [ -122.699266, 48.621115 ], [ -122.674173, 48.629945 ] ] ], [ [ [ -123.237424, 48.683787 ], [ -123.172067, 48.679867 ], [ -123.166794, 48.663847 ], [ -123.237424, 48.683787 ] ] ], [ [ [ -122.950709, 48.712455 ], [ -122.876773, 48.712874 ], [ -122.742082, 48.660689 ], [ -122.830432, 48.600319 ], [ -122.910211, 48.694099 ], [ -122.873317, 48.594798 ], [ -122.949197, 48.597988 ], [ -122.983102, 48.643095 ], [ -122.978308, 48.599672 ], [ -123.004399, 48.630497 ], [ -123.027648, 48.611533 ], [ -122.950709, 48.712455 ] ] ], [ [ [ -122.650877, 48.712132 ], [ -122.612564, 48.714932 ], [ -122.606105, 48.698556 ], [ -122.620068, 48.693641 ], [ -122.650877, 48.712132 ] ] ], [ [ [ -123.00958, 48.721263 ], [ -123.027809, 48.67895 ], [ -123.071738, 48.699247 ], [ -123.04018, 48.717297 ], [ -123.00958, 48.721263 ] ] ], [ [ [ -122.715501, 48.748832 ], [ -122.618398, 48.670927 ], [ -122.608573, 48.640448 ], [ -122.718833, 48.716819 ], [ -122.715501, 48.748832 ] ] ], [ [ [ -122.761439, 48.99172 ], [ -122.764273, 48.992684 ], [ -122.762932, 48.993294 ], [ -122.761439, 48.99172 ] ] ], [ [ [ -123.025033, 48.979815 ], [ -123.084006, 48.971456 ], [ -123.090547, 49.001977 ], [ -123.035394, 49.002155 ], [ -123.025033, 48.979815 ] ] ], [ [ [ -122.410434, 37.811415 ], [ -122.379982, 37.76243 ], [ -122.380882, 37.75523 ], [ -122.384082, 37.75503 ], [ -122.384182, 37.75463 ], [ -122.380772, 37.750339 ], [ -122.392823, 37.747655 ], [ -122.359005, 37.715941 ], [ -122.385484, 37.724648 ], [ -122.374481, 37.656054 ], [ -122.404094, 37.638072 ], [ -122.365382, 37.628534 ], [ -122.357405, 37.588088 ], [ -122.315281, 37.591335 ], [ -122.29268, 37.567635 ], [ -122.251194, 37.56727 ], [ -122.269286, 37.528531 ], [ -122.223977, 37.545936 ], [ -122.246822, 37.52604 ], [ -122.247477, 37.513336 ], [ -122.24339, 37.505067 ], [ -122.217177, 37.541836 ], [ -122.194176, 37.532236 ], [ -122.210286, 37.515643 ], [ -122.214508, 37.502109 ], [ -122.196576, 37.523637 ], [ -122.132677, 37.505334 ], [ -122.089701, 37.444049 ], [ -121.995496, 37.464153 ], [ -121.95747, 37.461539 ], [ -121.95307, 37.456339 ], [ -121.95137, 37.456939 ], [ -121.94597, 37.453039 ], [ -121.94417, 37.453539 ], [ -121.958171, 37.470839 ], [ -122.050388, 37.466762 ], [ -122.056273, 37.490738 ], [ -122.028173, 37.477339 ], [ -122.025073, 37.476839 ], [ -122.024273, 37.482739 ], [ -122.079074, 37.509938 ], [ -122.109475, 37.503538 ], [ -122.16268, 37.670257 ], [ -122.258871, 37.739625 ], [ -122.208189, 37.730483 ], [ -122.212586, 37.761195 ], [ -122.24768, 37.786528 ], [ -122.328376, 37.807735 ], [ -122.339994, 37.802924 ], [ -122.295397, 37.829414 ], [ -122.309179, 37.892627 ], [ -122.366882, 37.924625 ], [ -122.393082, 37.908112 ], [ -122.429783, 37.964622 ], [ -122.398583, 37.952824 ], [ -122.367382, 38.012422 ], [ -122.300674, 38.011026 ], [ -122.26198, 38.057221 ], [ -122.146179, 38.022121 ], [ -122.023393, 38.059057 ], [ -121.90837, 38.03962 ], [ -121.884464, 38.047766 ], [ -121.911869, 38.084521 ], [ -122.012659, 38.089152 ], [ -121.983725, 38.113733 ], [ -121.999089, 38.140448 ], [ -122.062052, 38.132798 ], [ -122.161125, 38.042909 ], [ -122.271768, 38.111906 ], [ -122.24698, 38.07592 ], [ -122.270381, 38.067621 ], [ -122.408228, 38.15609 ], [ -122.489537, 38.105484 ], [ -122.502687, 38.016622 ], [ -122.447285, 37.985223 ], [ -122.519081, 37.969345 ], [ -122.4762, 37.942329 ], [ -122.488685, 37.936925 ], [ -122.510088, 37.945996 ], [ -122.507517, 37.942802 ], [ -122.513788, 37.943538 ], [ -122.517986, 37.940925 ], [ -122.528587, 37.944524 ], [ -122.530387, 37.943124 ], [ -122.437984, 37.882426 ], [ -122.457885, 37.862128 ], [ -122.524886, 37.896426 ], [ -122.47137, 37.835504 ], [ -122.527485, 37.815128 ], [ -122.682867, 37.929805 ], [ -122.707403, 37.895007 ], [ -122.821384, 37.996735 ], [ -122.92975, 38.030598 ], [ -122.888104, 38.028207 ], [ -122.931921, 38.035612 ], [ -122.92873, 38.091148 ], [ -122.964375, 38.056099 ], [ -122.93606, 38.033918 ], [ -122.98325, 38.005616 ], [ -122.964525, 37.990143 ], [ -123.024066, 37.994879 ], [ -122.948756, 38.154221 ], [ -122.995209, 38.241036 ], [ -122.893626, 38.132785 ], [ -122.834861, 38.082904 ], [ -122.825537, 38.09126 ], [ -123.004123, 38.297012 ], [ -123.053968, 38.305863 ], [ -123.03691, 38.316643 ], [ -123.057306, 38.336196 ], [ -123.064978, 38.302773 ], [ -123.129088, 38.450991 ], [ -123.333912, 38.56577 ], [ -123.456207, 38.712881 ], [ -123.72783, 38.918949 ], [ -123.742303, 38.956205 ], [ -123.69124, 39.050795 ], [ -123.827717, 39.348434 ], [ -123.765525, 39.559188 ], [ -123.849813, 39.828404 ], [ -124.080667, 40.029911 ], [ -124.11055, 40.103765 ], [ -124.360993, 40.25743 ], [ -124.348693, 40.319415 ], [ -124.409591, 40.438077 ], [ -124.330274, 40.615126 ], [ -124.235035, 40.756187 ], [ -124.260736, 40.697422 ], [ -124.215848, 40.704843 ], [ -124.182832, 40.800377 ], [ -124.083252, 40.831078 ], [ -124.152062, 40.864365 ], [ -124.199687, 40.782346 ], [ -124.233719, 40.765248 ], [ -124.117662, 40.987342 ], [ -124.165383, 41.130258 ], [ -124.10865, 41.224553 ], [ -124.063167, 41.441982 ], [ -124.147413, 41.717956 ], [ -124.254354, 41.770661 ], [ -124.205592, 41.986347 ], [ -124.353671, 42.103287 ], [ -124.362643, 42.185304 ], [ -124.414244, 42.251578 ], [ -124.435537, 42.437993 ], [ -124.389981, 42.56991 ], [ -124.401178, 42.627193 ], [ -124.473864, 42.732671 ], [ -124.513709, 42.735388 ], [ -124.566705, 42.83643 ], [ -124.45804, 43.000987 ], [ -124.385791, 43.32981 ], [ -124.321939, 43.348848 ], [ -124.332989, 43.318569 ], [ -124.307371, 43.286188 ], [ -124.320681, 43.329936 ], [ -124.288069, 43.33373 ], [ -124.315013, 43.352462 ], [ -124.240212, 43.424014 ], [ -124.216374, 43.378712 ], [ -124.167127, 43.361381 ], [ -124.221335, 43.433486 ], [ -124.199365, 43.450478 ], [ -124.189102, 43.467127 ], [ -124.191018, 43.471335 ], [ -124.22026, 43.441213 ], [ -124.234547, 43.437794 ], [ -124.223091, 43.443794 ], [ -124.228476, 43.468995 ], [ -124.236672, 43.431098 ], [ -124.278684, 43.418937 ], [ -124.32122, 43.361427 ], [ -124.333191, 43.356004 ], [ -124.346762, 43.358974 ], [ -124.268262, 43.473476 ], [ -124.201893, 43.664784 ], [ -124.084402, 44.415612 ], [ -124.00943, 44.417019 ], [ -124.04812, 44.450277 ], [ -124.081917, 44.426154 ], [ -124.086509, 44.496074 ], [ -124.070458, 44.613073 ], [ -124.044999, 44.62518 ], [ -124.027078, 44.613981 ], [ -124.038287, 44.599579 ], [ -124.039217, 44.594617 ], [ -124.031954, 44.593175 ], [ -124.004571, 44.617676 ], [ -124.046797, 44.632137 ], [ -124.067713, 44.617929 ], [ -124.081036, 44.675966 ], [ -124.066747, 44.831192 ], [ -124.027168, 44.922162 ], [ -124.029116, 44.891985 ], [ -124.005808, 44.912643 ], [ -124.016239, 45.064897 ], [ -123.953597, 45.181079 ], [ -123.932488, 45.171957 ], [ -123.958091, 45.18373 ], [ -123.972076, 45.162259 ], [ -123.980521, 45.21772 ], [ -123.946662, 45.27247 ], [ -123.972899, 45.336891 ], [ -124.008047, 45.337134 ], [ -123.973398, 45.354792 ], [ -123.959746, 45.431808 ], [ -123.961181, 45.369198 ], [ -123.931499, 45.403736 ], [ -123.978784, 45.486419 ], [ -123.947557, 45.564879 ], [ -123.935783, 45.500845 ], [ -123.901897, 45.480136 ], [ -123.868396, 45.501468 ], [ -123.895253, 45.56218 ], [ -123.956711, 45.571303 ], [ -123.899467, 45.697079 ], [ -123.938353, 45.660415 ], [ -123.944427, 45.730873 ], [ -123.982578, 45.761815 ], [ -123.962837, 45.874046 ], [ -123.993703, 45.946431 ], [ -123.937473, 45.977307 ], [ -123.929776, 46.046801 ], [ -124.024305, 46.229257 ], [ -123.91951, 46.165533 ], [ -123.819975, 46.150725 ], [ -123.866118, 46.188727 ], [ -123.756953, 46.212982 ], [ -123.730284, 46.171814 ], [ -123.655317, 46.171639 ], [ -123.500706, 46.235086 ], [ -123.398448, 46.148847 ], [ -123.379303, 46.15133 ], [ -123.430848, 46.181827 ], [ -123.427629, 46.229348 ], [ -123.474844, 46.267832 ], [ -123.668512, 46.266627 ], [ -123.708042, 46.309504 ], [ -123.875098, 46.239834 ], [ -124.001264, 46.31326 ], [ -124.0512, 46.298532 ], [ -124.037923, 46.266233 ], [ -124.082188, 46.269159 ], [ -124.057838, 46.645257 ], [ -124.023567, 46.582559 ], [ -124.018201, 46.370138 ], [ -123.953821, 46.362421 ], [ -123.922009, 46.422001 ], [ -123.935132, 46.458644 ], [ -123.923462, 46.432516 ], [ -123.856861, 46.417264 ], [ -123.841576, 46.388628 ], [ -123.825618, 46.370197 ], [ -123.821621, 46.375201 ], [ -123.860806, 46.429559 ], [ -123.943468, 46.474415 ], [ -123.888743, 46.515243 ], [ -123.960642, 46.636364 ], [ -123.941496, 46.617858 ], [ -123.912937, 46.613284 ], [ -123.915097, 46.603296 ], [ -123.906876, 46.597557 ], [ -123.897392, 46.597371 ], [ -123.908128, 46.612803 ], [ -123.932869, 46.626127 ], [ -123.925834, 46.630698 ], [ -123.91784, 46.627177 ], [ -123.911767, 46.628798 ], [ -123.940468, 46.638926 ], [ -123.928781, 46.673554 ], [ -123.839227, 46.708431 ], [ -123.893055, 46.750204 ], [ -123.929073, 46.725278 ], [ -123.974192, 46.745752 ], [ -123.969677, 46.703469 ], [ -124.094533, 46.736972 ], [ -124.138829, 46.905687 ], [ -124.092459, 46.90158 ], [ -124.07874, 46.84522 ], [ -124.025083, 46.835068 ], [ -124.042557, 46.864189 ], [ -124.017327, 46.870491 ], [ -124.06635, 46.863505 ], [ -124.046344, 46.893972 ], [ -123.983514, 46.922556 ], [ -123.876567, 46.940811 ], [ -123.806564, 46.970788 ], [ -123.947796, 46.968551 ], [ -123.917467, 46.980626 ], [ -124.001282, 46.981719 ], [ -124.026346, 47.030187 ], [ -124.122057, 47.04165 ], [ -124.151289, 47.021116 ], [ -124.106699, 46.943971 ], [ -124.180111, 46.926358 ], [ -124.181084, 47.133458 ], [ -124.23635, 47.287288 ], [ -124.321061, 47.354964 ], [ -124.425195, 47.738434 ], [ -124.480974, 47.767704 ], [ -124.491468, 47.818747 ], [ -124.612557, 47.872282 ], [ -124.676753, 47.967059 ], [ -124.687101, 48.098658 ], [ -124.733174, 48.163394 ], [ -124.657968, 48.325436 ], [ -124.731383, 48.382895 ], [ -124.56484, 48.367921 ], [ -123.981033, 48.164762 ], [ -123.709064, 48.167788 ], [ -123.317684, 48.113292 ], [ -123.23913, 48.118218 ], [ -123.151995, 48.173204 ], [ -123.143178, 48.176218 ], [ -123.126289, 48.177467 ], [ -123.102745, 48.18463 ], [ -123.185444, 48.146884 ], [ -123.113135, 48.151489 ], [ -123.06621, 48.120469 ], [ -123.04572, 48.057325 ], [ -123.005225, 48.023169 ], [ -123.007019, 48.068901 ], [ -123.04104, 48.080634 ], [ -122.915995, 48.095534 ], [ -122.926862, 48.064605 ], [ -122.856765, 48.016982 ], [ -122.864013, 48.005111 ], [ -122.880864, 47.999041 ], [ -122.887545, 47.992898 ], [ -122.887615, 47.989766 ], [ -122.839998, 48.001949 ], [ -122.826764, 48.043247 ], [ -122.89169, 48.076216 ], [ -122.884738, 48.105804 ], [ -122.753823, 48.14422 ], [ -122.748814, 48.116984 ], [ -122.800956, 48.086031 ], [ -122.678833, 47.967883 ], [ -122.701928, 47.913561 ], [ -122.658247, 47.931349 ], [ -122.610342, 47.887343 ], [ -122.69376, 47.868002 ], [ -122.683743, 47.838774 ], [ -122.747928, 47.802627 ], [ -122.784085, 47.687008 ], [ -122.832521, 47.692427 ], [ -122.788781, 47.785499 ], [ -122.805048, 47.852987 ], [ -122.835846, 47.781614 ], [ -122.8601, 47.829371 ], [ -122.851546, 47.738656 ], [ -122.87523, 47.74535 ], [ -122.921145, 47.660202 ], [ -122.903292, 47.645823 ], [ -122.916821, 47.646147 ], [ -122.924124, 47.650764 ], [ -122.935387, 47.651657 ], [ -123.045843, 47.549281 ], [ -123.159575, 47.354314 ], [ -123.121179, 47.327678 ], [ -123.105068, 47.357877 ], [ -123.025895, 47.352507 ], [ -122.842567, 47.433154 ], [ -122.841718, 47.445466 ], [ -122.852498, 47.443429 ], [ -122.977928, 47.395804 ], [ -123.030264, 47.359114 ], [ -123.119532, 47.390671 ], [ -122.96471, 47.585093 ], [ -122.75289, 47.667505 ], [ -122.74016, 47.736228 ], [ -122.608093, 47.85673 ], [ -122.578732, 47.856051 ], [ -122.580312, 47.811967 ], [ -122.563749, 47.821874 ], [ -122.61386, 47.940429 ], [ -122.525753, 47.912211 ], [ -122.482117, 47.814023 ], [ -122.49501, 47.794771 ], [ -122.502294, 47.797807 ], [ -122.512164, 47.794543 ], [ -122.512947, 47.79187 ], [ -122.470501, 47.756239 ], [ -122.552399, 47.746046 ], [ -122.543962, 47.747553 ], [ -122.559312, 47.769988 ], [ -122.54945, 47.732719 ], [ -122.588394, 47.690281 ], [ -122.652502, 47.746067 ], [ -122.591849, 47.594218 ], [ -122.613649, 47.567218 ], [ -122.692358, 47.649716 ], [ -122.706765, 47.60421 ], [ -122.622854, 47.563592 ], [ -122.698052, 47.526717 ], [ -122.554934, 47.590496 ], [ -122.546723, 47.524191 ], [ -122.494836, 47.510535 ], [ -122.552407, 47.42504 ], [ -122.541938, 47.369829 ], [ -122.57134, 47.32722 ], [ -122.582041, 47.346319 ], [ -122.592581, 47.337545 ], [ -122.547738, 47.28522 ], [ -122.576136, 47.257117 ], [ -122.612341, 47.299519 ], [ -122.59993, 47.272337 ], [ -122.695741, 47.282718 ], [ -122.624156, 47.371739 ], [ -122.630119, 47.389314 ], [ -122.627144, 47.403519 ], [ -122.628567, 47.410092 ], [ -122.630139, 47.411672 ], [ -122.639744, 47.380721 ], [ -122.628645, 47.383419 ], [ -122.736427, 47.345704 ], [ -122.770745, 47.268339 ], [ -122.717929, 47.25084 ], [ -122.719992, 47.220985 ], [ -122.758943, 47.213518 ], [ -122.740343, 47.200218 ], [ -122.769845, 47.166618 ], [ -122.831449, 47.244218 ], [ -122.763561, 47.342124 ], [ -122.80741, 47.357267 ], [ -122.819244, 47.406931 ], [ -122.842869, 47.313992 ], [ -122.927415, 47.280611 ], [ -122.936075, 47.205097 ], [ -123.069967, 47.210669 ], [ -123.028812, 47.221338 ], [ -123.047721, 47.23508 ], [ -123.016423, 47.261813 ], [ -123.092037, 47.212952 ], [ -122.996331, 47.193949 ], [ -122.938221, 47.198283 ], [ -122.964273, 47.16921 ], [ -123.04761, 47.154764 ], [ -123.085899, 47.135495 ], [ -123.017525, 47.148656 ], [ -123.085783, 47.098401 ], [ -123.024556, 47.110007 ], [ -122.940608, 47.182759 ], [ -122.919881, 47.165886 ], [ -122.955772, 47.107671 ], [ -123.017398, 47.06645 ], [ -123.001256, 47.051755 ], [ -122.997581, 47.053496 ], [ -122.994514, 47.049224 ], [ -122.989281, 47.0466 ], [ -122.986369, 47.047095 ], [ -123.006318, 47.072987 ], [ -122.946231, 47.096357 ], [ -122.925708, 47.14705 ], [ -122.938253, 47.079418 ], [ -122.909333, 47.04362 ], [ -122.885592, 47.110171 ], [ -122.907442, 47.140226 ], [ -122.842347, 47.164188 ], [ -122.861834, 47.120687 ], [ -122.823516, 47.092389 ], [ -122.815186, 47.178113 ], [ -122.727565, 47.101339 ], [ -122.733852, 47.074858 ], [ -122.728893, 47.073973 ], [ -122.732219, 47.072394 ], [ -122.732219, 47.071158 ], [ -122.727809, 47.074095 ], [ -122.730785, 47.083037 ], [ -122.723888, 47.085089 ], [ -122.726451, 47.092138 ], [ -122.723232, 47.097319 ], [ -122.687142, 47.098919 ], [ -122.700442, 47.085719 ], [ -122.693742, 47.083119 ], [ -122.583438, 47.18682 ], [ -122.529938, 47.28192 ], [ -122.547539, 47.31772 ], [ -122.431894, 47.241894 ], [ -122.430035, 47.269421 ], [ -122.414415, 47.249189 ], [ -122.403086, 47.241192 ], [ -122.398628, 47.239649 ], [ -122.425941, 47.269027 ], [ -122.415535, 47.278321 ], [ -122.375625, 47.25372 ], [ -122.414835, 47.285021 ], [ -122.361193, 47.262497 ], [ -122.444379, 47.305985 ], [ -122.324853, 47.348483 ], [ -122.42115, 47.576041 ], [ -122.387256, 47.596361 ], [ -122.345538, 47.569301 ], [ -122.336451, 47.601021 ], [ -122.436948, 47.661737 ], [ -122.37645, 47.716477 ], [ -122.394942, 47.803266 ], [ -122.335939, 47.852298 ], [ -122.307066, 47.949088 ], [ -122.222847, 47.976318 ], [ -122.208719, 48.030628 ], [ -122.150282, 48.016737 ], [ -122.212251, 48.03832 ], [ -122.205934, 48.042203 ], [ -122.195528, 48.041952 ], [ -122.184013, 48.047485 ], [ -122.204744, 48.048201 ], [ -122.231763, 48.029876 ], [ -122.289434, 48.051567 ], [ -122.343241, 48.097632 ], [ -122.368634, 48.134848 ], [ -122.352279, 48.187966 ], [ -122.394997, 48.229831 ], [ -122.450995, 48.23188 ], [ -122.47901, 48.175694 ], [ -122.358697, 48.055866 ], [ -122.51156, 48.132945 ], [ -122.530451, 48.249841 ], [ -122.463963, 48.270541 ], [ -122.395863, 48.249822 ], [ -122.365011, 48.308422 ], [ -122.534864, 48.375572 ], [ -122.574935, 48.416799 ], [ -122.555502, 48.445272 ], [ -122.656865, 48.408064 ], [ -122.678928, 48.439467 ], [ -122.65658, 48.471617 ], [ -122.702743, 48.493852 ], [ -122.600038, 48.521116 ], [ -122.584431, 48.465539 ], [ -122.558038, 48.500442 ], [ -122.472679, 48.45169 ], [ -122.502056, 48.562215 ], [ -122.560855, 48.582956 ], [ -122.457398, 48.554758 ], [ -122.425272, 48.599523 ], [ -122.511383, 48.666289 ], [ -122.490295, 48.67959 ], [ -122.518715, 48.716246 ], [ -122.48481, 48.752423 ], [ -122.582906, 48.788829 ], [ -122.647421, 48.7175 ], [ -122.67297, 48.732565 ], [ -122.646778, 48.785011 ], [ -122.709816, 48.786205 ], [ -122.717074, 48.84719 ], [ -122.793175, 48.892927 ], [ -122.746581, 48.930706 ], [ -122.822118, 48.942124 ], [ -122.815943, 48.957296 ], [ -122.796887, 48.975027 ], [ -122.773757, 48.991221 ], [ -122.784358, 48.970752 ], [ -122.734736, 48.96233 ], [ -122.75802, 49.002357 ], [ -118.365861761999952, 49.000221703000079 ], [ -118.521507263, 48.023918152000078 ], [ -118.516090392999956, 47.538368225000056 ], [ -118.45353698699995, 46.946281433000081 ], [ -118.466293334999989, 46.296497345000034 ], [ -118.362106322999978, 45.65990448000008 ], [ -118.257362365999938, 44.742580414000031 ], [ -118.21932983399995, 44.106815338000047 ], [ -118.142776488999971, 43.697944641000049 ], [ -118.096710204999965, 43.193939209000064 ], [ -117.72818756099997, 41.982631683000079 ], [ -117.559288024999944, 41.22546386700003 ], [ -117.24224090599995, 40.48013687100007 ], [ -117.042022704999965, 39.844329834000064 ], [ -116.752433776999965, 39.152477264000026 ], [ -116.418777466, 38.502346039000031 ], [ -116.238731383999948, 38.22782516500007 ], [ -115.925323485999968, 37.431522369000049 ], [ -115.724533080999947, 37.016586304000043 ], [ -114.856292724999946, 35.945728302000077 ], [ -114.233886718999941, 34.873767853000061 ], [ -113.998657226999967, 34.171371460000046 ], [ -113.785423278999986, 33.382675171000074 ], [ -113.713668822999978, 32.873390198000038 ], [ -113.525020201999951, 32.098837579000076 ], [ -114.813613, 32.494277 ], [ -114.808662, 32.619158 ], [ -114.719634, 32.718764 ], [ -117.124863, 32.534157 ], [ -117.151665, 32.647953 ], [ -117.226969, 32.697952 ], [ -117.168266, 32.699173 ], [ -117.105258, 32.602961 ], [ -117.115964, 32.674353 ], [ -117.205284, 32.729246 ], [ -117.236069, 32.715351 ], [ -117.245269, 32.666652 ], [ -117.25274, 32.754065 ], [ -117.189113, 32.76135 ], [ -117.245881, 32.757395 ], [ -117.208865, 32.766953 ], [ -117.222454, 32.799947 ], [ -117.253878, 32.759174 ], [ -117.280972, 32.822274 ], [ -117.25167, 32.874347 ], [ -117.280447, 33.011888 ], [ -117.343791, 33.145232 ], [ -117.491527, 33.320195 ], [ -118.115102, 33.751821 ], [ -118.2006, 33.763414 ], [ -118.185299, 33.751539 ], [ -118.18307, 33.731045 ], [ -118.196181, 33.731233 ], [ -118.217303, 33.775618 ], [ -118.245304, 33.750519 ], [ -118.217459, 33.744202 ], [ -118.267803, 33.72092 ], [ -118.241405, 33.777018 ], [ -118.278402, 33.768514 ], [ -118.294205, 33.703719 ], [ -118.411507, 33.740717 ], [ -118.428407, 33.774716 ], [ -118.391102, 33.840612 ], [ -118.460111, 33.961112 ], [ -118.446505, 33.967728 ], [ -118.441311, 33.979812 ], [ -118.444412, 33.982811 ], [ -118.456212, 33.983511 ], [ -118.449835, 33.969878 ], [ -118.453236, 33.966696 ], [ -118.461791, 33.963399 ], [ -118.519535, 34.027528 ], [ -118.741928, 34.032423 ], [ -118.807386, 34.000072 ], [ -119.13017, 34.100102 ], [ -119.216294, 34.1456 ], [ -119.265517, 34.260769 ], [ -119.559487, 34.413407 ], [ -119.877972, 34.406996 ], [ -120.141165, 34.473406 ], [ -120.471764, 34.448007 ], [ -120.511697, 34.523183 ], [ -120.650586, 34.576802 ], [ -120.600451, 34.70464 ], [ -120.637416, 34.755895 ], [ -120.610266, 34.85818 ], [ -120.671559, 34.902856 ], [ -120.629931, 35.061515 ], [ -120.647485, 35.144219 ], [ -120.856967, 35.206007 ], [ -120.899666, 35.255091 ], [ -120.862529, 35.368342 ], [ -120.866713, 35.311542 ], [ -120.827258, 35.337875 ], [ -120.856186, 35.369877 ], [ -120.86969, 35.367292 ], [ -120.888029, 35.434296 ], [ -121.004562, 35.461237 ], [ -121.166713, 35.635399 ], [ -121.286604, 35.664563 ], [ -121.33186, 35.782535 ], [ -121.46491, 35.888457 ], [ -121.503113, 36.0003 ], [ -121.573503, 36.023646 ], [ -121.716611, 36.194735 ], [ -121.902727, 36.306108 ], [ -121.903195, 36.393604 ], [ -121.954511, 36.518623 ], [ -121.925938, 36.525174 ], [ -121.930787, 36.554962 ], [ -121.978714, 36.581488 ], [ -121.934752, 36.637418 ], [ -121.886749, 36.601458 ], [ -121.842259, 36.630064 ], [ -121.790566, 36.812453 ], [ -121.905632, 36.968784 ], [ -122.134578, 36.966851 ], [ -122.405082, 37.195798 ], [ -122.399885, 37.356642 ], [ -122.452109, 37.480538 ], [ -122.51779, 37.52404 ], [ -122.493916, 37.655856 ], [ -122.515048, 37.77966 ], [ -122.410434, 37.811415 ] ] ] ] } },
{ "type": "Feature", "properties": { }, "geometry": { "type": "MultiPolygon", "coordinates": [ [ [ [ -81.518827, 30.806373 ], [ -81.495276, 30.801072 ], [ -81.499817, 30.794263 ], [ -81.518827, 30.806373 ] ] ], [ [ [ -81.523993, 30.836994 ], [ -81.523947, 30.820148 ], [ -81.532177, 30.82698 ], [ -81.523993, 30.836994 ] ] ], [ [ [ -81.507802, 30.962468 ], [ -81.444524, 30.946987 ], [ -81.50027, 30.924579 ], [ -81.481433, 30.946978 ], [ -81.507802, 30.962468 ] ] ], [ [ [ -81.418752, 30.975475 ], [ -81.458047, 30.780891 ], [ -81.452992, 30.713537 ], [ -81.482739, 30.73512 ], [ -81.473467, 30.840731 ], [ -81.486041, 30.860162 ], [ -81.511645, 30.882413 ], [ -81.435935, 30.932181 ], [ -81.418752, 30.975475 ] ] ], [ [ [ -81.411187, 31.121257 ], [ -81.420474, 31.016704 ], [ -81.43362, 31.013381 ], [ -81.419646, 31.03584 ], [ -81.424301, 31.061648 ], [ -81.433379, 31.085002 ], [ -81.440276, 31.091969 ], [ -81.411187, 31.121257 ] ] ], [ [ [ -81.420927, 31.182062 ], [ -81.417304, 31.167874 ], [ -81.427593, 31.155018 ], [ -81.420927, 31.182062 ] ] ], [ [ [ -81.420651, 31.245385 ], [ -81.389577, 31.242765 ], [ -81.391019, 31.239877 ], [ -81.396325, 31.241988 ], [ -81.399767, 31.238734 ], [ -81.403482, 31.215312 ], [ -81.3969, 31.205273 ], [ -81.414072, 31.203351 ], [ -81.422712, 31.190244 ], [ -81.420651, 31.245385 ] ] ], [ [ [ -81.396221, 31.297336 ], [ -81.271778, 31.291929 ], [ -81.258373, 31.259381 ], [ -81.368242, 31.136534 ], [ -81.410841, 31.136275 ], [ -81.380776, 31.282893 ], [ -81.383387, 31.291487 ], [ -81.385178, 31.285919 ], [ -81.394061, 31.292477 ], [ -81.395715, 31.294609 ], [ -81.396221, 31.297336 ] ] ], [ [ [ -81.336676, 31.36041 ], [ -81.28812, 31.368455 ], [ -81.253963, 31.315505 ], [ -81.32444, 31.331673 ], [ -81.326712, 31.347212 ], [ -81.336676, 31.36041 ] ] ], [ [ [ -81.337821, 31.447523 ], [ -81.30569, 31.443927 ], [ -81.318065, 31.429008 ], [ -81.337821, 31.447523 ] ] ], [ [ [ -81.293788, 31.483481 ], [ -81.306545, 31.456372 ], [ -81.304513, 31.449542 ], [ -81.312834, 31.451272 ], [ -81.32833, 31.476556 ], [ -81.293788, 31.483481 ] ] ], [ [ [ -81.294161, 31.488362 ], [ -81.177255, 31.517075 ], [ -81.280617, 31.383826 ], [ -81.308577, 31.426602 ], [ -81.291515, 31.480823 ], [ -81.294161, 31.488362 ] ] ], [ [ [ -81.10762, 31.853174 ], [ -81.130977, 31.849914 ], [ -81.036874, 31.812721 ], [ -81.138449, 31.720934 ], [ -81.170776, 31.757367 ], [ -81.158165, 31.782435 ], [ -81.176243, 31.816032 ], [ -81.157953, 31.819288 ], [ -81.13511, 31.851956 ], [ -81.10762, 31.853174 ] ] ], [ [ [ -80.842121, 32.147617 ], [ -80.872982, 32.082117 ], [ -80.903229, 32.091618 ], [ -80.89434, 32.104218 ], [ -80.895474, 32.125208 ], [ -80.876259, 32.12932 ], [ -80.842121, 32.147617 ] ] ], [ [ [ -80.726113, 32.270984 ], [ -80.669162, 32.216725 ], [ -80.823725, 32.109359 ], [ -80.792129, 32.158 ], [ -80.784944, 32.221587 ], [ -80.750261, 32.231335 ], [ -80.726113, 32.270984 ] ] ], [ [ [ -80.75774, 32.276294 ], [ -80.751257, 32.240908 ], [ -80.787623, 32.22266 ], [ -80.775413, 32.258496 ], [ -80.766973, 32.257394 ], [ -80.75774, 32.276294 ] ] ], [ [ [ -80.478733, 32.344693 ], [ -80.453423, 32.322971 ], [ -80.562843, 32.275547 ], [ -80.583934, 32.274378 ], [ -80.478733, 32.344693 ] ] ], [ [ [ -80.683144, 32.363262 ], [ -80.66134, 32.332784 ], [ -80.664158, 32.29138 ], [ -80.737737, 32.352143 ], [ -80.683144, 32.363262 ] ] ], [ [ [ -80.431191, 32.392122 ], [ -80.456814, 32.336884 ], [ -80.479815, 32.349596 ], [ -80.474889, 32.384727 ], [ -80.462757, 32.35865 ], [ -80.451555, 32.36516 ], [ -80.43857, 32.390208 ], [ -80.431191, 32.392122 ] ] ], [ [ [ -80.437116, 32.413259 ], [ -80.428454, 32.399237 ], [ -80.43331, 32.403427 ], [ -80.454146, 32.367175 ], [ -80.437116, 32.413259 ] ] ], [ [ [ -80.531747, 32.499709 ], [ -80.480495, 32.477912 ], [ -80.478434, 32.466213 ], [ -80.538626, 32.46048 ], [ -80.531747, 32.499709 ] ] ], [ [ [ -80.691058, 32.476088 ], [ -80.558272, 32.490705 ], [ -80.543033, 32.454776 ], [ -80.480156, 32.447049 ], [ -80.457062, 32.409289 ], [ -80.566459, 32.356593 ], [ -80.54325, 32.331295 ], [ -80.631647, 32.255692 ], [ -80.672776, 32.368714 ], [ -80.648124, 32.436647 ], [ -80.691058, 32.476088 ] ] ], [ [ [ -80.742238, 32.538288 ], [ -80.682515, 32.500189 ], [ -80.723078, 32.443981 ], [ -80.691967, 32.455578 ], [ -80.668761, 32.452461 ], [ -80.661849, 32.436811 ], [ -80.682955, 32.370411 ], [ -80.742072, 32.351817 ], [ -80.810707, 32.473977 ], [ -80.742238, 32.538288 ] ] ], [ [ [ -79.891394, 32.687123 ], [ -79.886721, 32.682483 ], [ -79.915662, 32.664926 ], [ -79.975301, 32.639604 ], [ -79.903731, 32.674147 ], [ -79.891394, 32.687123 ] ] ], [ [ [ -79.813534, 32.77329 ], [ -79.848128, 32.755281 ], [ -79.866061, 32.765732 ], [ -79.8509, 32.760168 ], [ -79.813534, 32.77329 ] ] ], [ [ [ -79.793404, 32.807056 ], [ -79.781852, 32.802656 ], [ -79.754395, 32.813423 ], [ -79.787955, 32.796214 ], [ -79.785611, 32.799633 ], [ -79.793404, 32.807056 ] ] ], [ [ [ -79.737008, 32.827206 ], [ -79.73317, 32.802994 ], [ -79.810973, 32.776176 ], [ -79.750315, 32.810192 ], [ -79.737008, 32.827206 ] ] ], [ [ [ -79.728847, 32.843062 ], [ -79.699212, 32.840662 ], [ -79.721622, 32.825653 ], [ -79.728847, 32.843062 ] ] ], [ [ [ -78.540523, 33.859071 ], [ -78.523016, 33.858814 ], [ -78.543855, 33.853515 ], [ -78.540523, 33.859071 ] ] ], [ [ [ -78.539673, 33.875645 ], [ -78.520222, 33.867194 ], [ -78.545598, 33.86546 ], [ -78.539673, 33.875645 ] ] ], [ [ [ -78.526033, 33.861128 ], [ -78.49772, 33.87151 ], [ -78.483309, 33.873485 ], [ -78.521203, 33.859775 ], [ -78.526033, 33.861128 ] ] ], [ [ [ -78.48478, 33.887146 ], [ -78.485169, 33.876583 ], [ -78.502211, 33.882794 ], [ -78.48478, 33.887146 ] ] ], [ [ [ -78.483484, 33.887307 ], [ -78.474592, 33.886318 ], [ -78.478895, 33.873278 ], [ -78.483041, 33.876065 ], [ -78.483484, 33.887307 ] ] ], [ [ [ -77.972203, 33.900103 ], [ -77.968765, 33.880008 ], [ -77.989436, 33.893642 ], [ -77.972203, 33.900103 ] ] ], [ [ [ -78.435877, 33.895613 ], [ -78.389029, 33.897439 ], [ -78.47736, 33.876113 ], [ -78.435877, 33.895613 ] ] ], [ [ [ -77.947254, 33.910178 ], [ -77.959784, 33.839811 ], [ -78.00948, 33.860536 ], [ -77.997054, 33.886347 ], [ -77.967337, 33.878636 ], [ -77.947254, 33.910178 ] ] ], [ [ [ -78.291842, 33.912467 ], [ -78.237628, 33.913598 ], [ -78.379551, 33.904002 ], [ -78.369553, 33.911443 ], [ -78.361974, 33.908653 ], [ -78.301023, 33.915762 ], [ -78.291842, 33.912467 ] ] ], [ [ [ -78.197378, 33.918576 ], [ -78.097714, 33.917978 ], [ -78.05601, 33.919425 ], [ -78.014461, 33.89266 ], [ -78.229201, 33.912297 ], [ -78.236089, 33.919961 ], [ -78.221785, 33.914798 ], [ -78.184853, 33.916445 ], [ -78.213797, 33.920386 ], [ -78.197378, 33.918576 ] ] ], [ [ [ -77.815842, 34.181021 ], [ -77.869091, 34.080045 ], [ -77.881262, 34.078974 ], [ -77.860187, 34.143211 ], [ -77.815842, 34.181021 ] ] ], [ [ [ -77.814497, 34.214801 ], [ -77.794705, 34.217357 ], [ -77.801402, 34.205854 ], [ -77.814497, 34.214801 ] ] ], [ [ [ -77.807777, 34.221461 ], [ -77.765847, 34.244298 ], [ -77.811416, 34.185993 ], [ -77.788681, 34.218127 ], [ -77.807777, 34.221461 ] ] ], [ [ [ -77.763847, 34.255882 ], [ -77.774423, 34.24609 ], [ -77.781384, 34.249082 ], [ -77.753751, 34.265258 ], [ -77.753703, 34.26113 ], [ -77.763847, 34.255882 ] ] ], [ [ [ -77.764023, 34.245642 ], [ -77.752534, 34.26185 ], [ -77.752534, 34.269338 ], [ -77.749702, 34.26465 ], [ -77.743929, 34.293351 ], [ -77.716708, 34.293487 ], [ -77.764023, 34.245642 ] ] ], [ [ [ -77.725214, 34.316386 ], [ -77.715607, 34.299817 ], [ -77.731988, 34.295348 ], [ -77.725214, 34.316386 ] ] ], [ [ [ -77.699647, 34.343288 ], [ -77.668932, 34.339146 ], [ -77.6678, 34.341297 ], [ -77.6686, 34.34567 ], [ -77.66998, 34.34702 ], [ -77.658193, 34.347876 ], [ -77.712655, 34.296842 ], [ -77.699647, 34.343288 ] ] ], [ [ [ -77.351486, 34.526044 ], [ -77.341532, 34.53857 ], [ -77.342993, 34.525291 ], [ -77.489642, 34.457335 ], [ -77.646486, 34.348823 ], [ -77.654629, 34.348716 ], [ -77.556032, 34.423858 ], [ -77.588873, 34.414446 ], [ -77.5536, 34.427818 ], [ -77.550175, 34.42459 ], [ -77.510059, 34.465366 ], [ -77.512152, 34.447414 ], [ -77.351486, 34.526044 ] ] ], [ [ [ -77.241939, 34.596207 ], [ -77.242543, 34.590071 ], [ -77.239747, 34.590393 ], [ -77.23294, 34.595478 ], [ -77.233768, 34.591334 ], [ -77.314503, 34.53997 ], [ -77.333535, 34.53104 ], [ -77.338099, 34.531817 ], [ -77.280934, 34.564623 ], [ -77.241939, 34.596207 ] ] ], [ [ [ -77.231003, 34.597013 ], [ -77.199195, 34.612429 ], [ -77.177318, 34.620375 ], [ -77.231003, 34.597013 ] ] ], [ [ [ -77.206809, 34.627464 ], [ -77.201268, 34.625569 ], [ -77.192909, 34.616368 ], [ -77.202518, 34.614695 ], [ -77.209527, 34.62257 ], [ -77.206809, 34.627464 ] ] ], [ [ [ -77.144417, 34.641555 ], [ -77.11533, 34.641188 ], [ -77.173386, 34.623054 ], [ -77.144417, 34.641555 ] ] ], [ [ [ -76.655686, 34.688476 ], [ -76.656851, 34.688316 ], [ -76.655964, 34.688728 ], [ -76.655686, 34.688476 ] ] ], [ [ [ -76.663365, 34.692531 ], [ -76.662838, 34.689989 ], [ -76.651891, 34.683048 ], [ -76.539949, 34.651427 ], [ -76.526738, 34.630996 ], [ -76.651698, 34.679385 ], [ -76.665417, 34.688547 ], [ -76.663365, 34.692531 ] ] ], [ [ [ -76.470415, 34.697041 ], [ -76.472716, 34.696765 ], [ -76.469916, 34.697499 ], [ -76.470415, 34.697041 ] ] ], [ [ [ -76.815811, 34.703078 ], [ -76.803425, 34.697464 ], [ -76.818169, 34.69789 ], [ -76.815811, 34.703078 ] ] ], [ [ [ -76.699992, 34.711584 ], [ -76.696857, 34.700936 ], [ -76.703625, 34.708492 ], [ -76.699992, 34.711584 ] ] ], [ [ [ -76.742927, 34.711852 ], [ -76.676312, 34.693151 ], [ -76.860699, 34.688996 ], [ -76.99807, 34.668168 ], [ -77.095994, 34.643508 ], [ -77.103668, 34.644535 ], [ -77.065095, 34.667559 ], [ -76.825967, 34.703866 ], [ -76.816518, 34.703204 ], [ -76.818452, 34.697515 ], [ -76.812058, 34.696293 ], [ -76.745481, 34.702447 ], [ -76.742927, 34.711852 ] ] ], [ [ [ -76.581555, 34.698692 ], [ -76.527518, 34.693148 ], [ -76.525414, 34.685201 ], [ -76.581555, 34.698692 ] ] ], [ [ [ -76.670791, 34.717332 ], [ -76.673931, 34.716061 ], [ -76.67219, 34.719649 ], [ -76.670791, 34.717332 ] ] ], [ [ [ -76.686988, 34.722888 ], [ -76.67043, 34.721637 ], [ -76.681441, 34.720722 ], [ -76.678169, 34.716394 ], [ -76.682301, 34.720722 ], [ -76.683937, 34.707372 ], [ -76.686988, 34.722888 ] ] ], [ [ [ -76.443745, 34.731672 ], [ -76.444938, 34.730596 ], [ -76.445382, 34.731283 ], [ -76.443745, 34.731672 ] ] ], [ [ [ -76.41669, 34.760876 ], [ -76.417134, 34.759937 ], [ -76.417689, 34.760693 ], [ -76.41669, 34.760876 ] ] ], [ [ [ -76.405031, 34.770057 ], [ -76.405364, 34.769278 ], [ -76.405531, 34.769416 ], [ -76.405031, 34.770057 ] ] ], [ [ [ -76.320943, 34.853055 ], [ -76.484183, 34.674685 ], [ -76.536479, 34.581733 ], [ -76.555029, 34.615352 ], [ -76.553114, 34.62965 ], [ -76.530627, 34.613105 ], [ -76.48605, 34.69076 ], [ -76.476177, 34.686849 ], [ -76.423493, 34.749398 ], [ -76.438612, 34.760855 ], [ -76.419299, 34.754647 ], [ -76.320943, 34.853055 ] ] ], [ [ [ -76.313832, 34.855118 ], [ -76.211351, 34.933008 ], [ -76.244951, 34.904826 ], [ -76.313832, 34.855118 ] ] ], [ [ [ -76.188048, 34.961135 ], [ -76.187797, 34.95431 ], [ -76.191136, 34.955913 ], [ -76.195197, 34.956073 ], [ -76.188048, 34.961135 ] ] ], [ [ [ -76.18432, 34.961707 ], [ -76.185516, 34.961295 ], [ -76.185627, 34.964456 ], [ -76.184459, 34.964158 ], [ -76.18432, 34.961707 ] ] ], [ [ [ -76.176725, 34.964135 ], [ -76.177949, 34.963654 ], [ -76.176948, 34.964616 ], [ -76.176725, 34.964135 ] ] ], [ [ [ -76.183763, 34.966792 ], [ -76.179674, 34.962578 ], [ -76.180592, 34.960631 ], [ -76.182929, 34.9607 ], [ -76.184403, 34.965326 ], [ -76.186072, 34.965234 ], [ -76.183763, 34.966792 ] ] ], [ [ [ -76.175779, 34.967776 ], [ -76.174082, 34.966058 ], [ -76.176141, 34.964707 ], [ -76.175779, 34.967776 ] ] ], [ [ [ -76.147419, 34.992642 ], [ -76.150301, 34.991429 ], [ -76.148057, 34.993421 ], [ -76.147419, 34.992642 ] ] ], [ [ [ -76.126652, 35.000168 ], [ -76.207653, 34.935757 ], [ -76.212937, 34.936397 ], [ -76.199647, 34.954056 ], [ -76.191997, 34.950371 ], [ -76.173804, 34.965875 ], [ -76.175445, 34.972677 ], [ -76.16426, 34.972424 ], [ -76.168404, 34.979478 ], [ -76.126652, 35.000168 ] ] ], [ [ [ -76.143764, 35.003247 ], [ -76.135581, 35.004297 ], [ -76.141654, 35.000168 ], [ -76.143764, 35.003247 ] ] ], [ [ [ -76.333628, 35.025809 ], [ -76.296714, 35.010993 ], [ -76.275751, 34.959501 ], [ -76.297176, 34.923665 ], [ -76.382807, 34.931555 ], [ -76.381637, 34.979439 ], [ -76.316503, 34.957262 ], [ -76.355898, 35.021932 ], [ -76.318147, 35.002796 ], [ -76.333628, 35.025809 ] ] ], [ [ [ -76.04168, 35.058814 ], [ -76.042599, 35.058311 ], [ -76.042181, 35.059021 ], [ -76.04168, 35.058814 ] ] ], [ [ [ -76.078196, 35.063302 ], [ -76.075938, 35.054371 ], [ -76.085073, 35.05682 ], [ -76.078196, 35.063302 ] ] ], [ [ [ -76.040788, 35.063463 ], [ -76.04115, 35.062662 ], [ -76.041679, 35.063326 ], [ -76.040788, 35.063463 ] ] ], [ [ [ -76.037892, 35.062935 ], [ -76.037612, 35.063417 ], [ -76.039703, 35.056866 ], [ -76.12598, 35.001178 ], [ -76.043491, 35.055471 ], [ -76.037892, 35.062935 ] ] ], [ [ [ -76.075717, 35.065616 ], [ -76.070259, 35.069968 ], [ -76.070704, 35.067426 ], [ -76.075717, 35.065616 ] ] ], [ [ [ -76.069367, 35.07022 ], [ -76.054325, 35.065021 ], [ -76.073767, 35.060715 ], [ -76.069367, 35.07022 ] ] ], [ [ [ -75.764433, 35.190155 ], [ -75.922039, 35.123357 ], [ -76.014185, 35.066204 ], [ -75.983252, 35.120323 ], [ -75.764433, 35.190155 ] ] ], [ [ [ -75.521991, 35.277257 ], [ -75.521574, 35.271943 ], [ -75.523582, 35.277807 ], [ -75.521991, 35.277257 ] ] ], [ [ [ -75.521815, 35.772741 ], [ -75.499879, 35.738151 ], [ -75.489278, 35.711594 ], [ -75.459978, 35.584291 ], [ -75.48705, 35.394536 ], [ -75.527989, 35.225183 ], [ -75.754166, 35.190175 ], [ -75.595804, 35.269081 ], [ -75.519649, 35.267385 ], [ -75.466213, 35.581176 ], [ -75.521815, 35.772741 ] ] ], [ [ [ -75.568045, 35.815532 ], [ -75.569001, 35.814387 ], [ -75.569423, 35.81528 ], [ -75.568045, 35.815532 ] ] ], [ [ [ -75.566724, 35.815234 ], [ -75.567595, 35.814891 ], [ -75.566724, 35.815761 ], [ -75.566724, 35.815234 ] ] ], [ [ [ -75.62246, 35.900162 ], [ -75.615504, 35.895333 ], [ -75.622626, 35.896543 ], [ -75.62246, 35.900162 ] ] ], [ [ [ -75.999638, 35.903302 ], [ -75.999638, 35.898846 ], [ -76.00379, 35.899765 ], [ -75.999638, 35.903302 ] ] ], [ [ [ -75.724369, 35.926388 ], [ -75.645486, 35.909834 ], [ -75.625851, 35.819133 ], [ -75.724369, 35.926388 ] ] ], [ [ [ -75.976274, 37.085914 ], [ -75.954558, 37.097573 ], [ -75.954842, 37.090246 ], [ -75.976274, 37.085914 ] ] ], [ [ [ -76.75841, 37.211779 ], [ -76.737889, 37.20802 ], [ -76.734144, 37.204692 ], [ -76.75256, 37.1901 ], [ -76.783078, 37.213939 ], [ -76.773034, 37.211556 ], [ -76.769169, 37.214347 ], [ -76.76745, 37.218535 ], [ -76.75841, 37.211779 ] ] ], [ [ [ -75.993929, 37.228828 ], [ -75.994386, 37.22837 ], [ -75.994587, 37.228599 ], [ -75.993929, 37.228828 ] ] ], [ [ [ -76.275739, 37.306789 ], [ -76.278692, 37.304866 ], [ -76.278432, 37.308095 ], [ -76.275739, 37.306789 ] ] ], [ [ [ -76.315298, 37.489271 ], [ -76.281043, 37.507821 ], [ -76.265344, 37.481961 ], [ -76.261444, 37.472253 ], [ -76.29036, 37.499113 ], [ -76.315298, 37.489271 ] ] ], [ [ [ -75.520534, 37.823006 ], [ -75.518673, 37.795626 ], [ -75.532401, 37.807489 ], [ -75.520534, 37.823006 ] ] ], [ [ [ -75.9983, 37.812626 ], [ -75.984401, 37.825132 ], [ -75.978847, 37.802884 ], [ -75.9983, 37.812626 ] ] ], [ [ [ -75.420795, 37.885284 ], [ -75.497994, 37.820441 ], [ -75.508037, 37.823894 ], [ -75.466196, 37.863462 ], [ -75.461611, 37.88574 ], [ -75.420795, 37.885284 ] ] ], [ [ [ -75.425264, 37.941554 ], [ -75.420322, 37.933862 ], [ -75.432173, 37.933772 ], [ -75.429022, 37.935443 ], [ -75.425264, 37.941554 ] ] ], [ [ [ -75.422025, 37.947803 ], [ -75.431999, 37.935121 ], [ -75.438127, 37.939426 ], [ -75.446567, 37.940914 ], [ -75.422025, 37.947803 ] ] ], [ [ [ -76.024281, 37.968126 ], [ -76.017575, 37.964851 ], [ -76.023213, 37.963731 ], [ -76.024281, 37.968126 ] ] ], [ [ [ -75.300194, 37.979899 ], [ -75.29898, 37.974748 ], [ -75.30433, 37.974955 ], [ -75.300194, 37.979899 ] ] ], [ [ [ -75.318242, 37.983562 ], [ -75.349303, 37.919137 ], [ -75.382095, 37.915994 ], [ -75.407791, 37.898787 ], [ -75.318242, 37.983562 ] ] ], [ [ [ -76.030212, 37.995174 ], [ -76.029428, 37.995655 ], [ -76.029255, 37.995555 ], [ -76.030212, 37.995174 ] ] ], [ [ [ -76.049085, 37.996951 ], [ -76.025001, 37.973643 ], [ -76.040588, 37.970625 ], [ -76.049085, 37.996951 ] ] ], [ [ [ -76.498259, 38.136084 ], [ -76.472088, 38.121507 ], [ -76.465331, 38.10583 ], [ -76.476163, 38.104615 ], [ -76.482283, 38.11768 ], [ -76.495908, 38.130752 ], [ -76.498259, 38.136084 ] ] ], [ [ [ -75.959413, 38.136614 ], [ -75.933502, 38.161201 ], [ -75.939387, 38.153784 ], [ -75.921389, 38.136501 ], [ -75.927418, 38.127048 ], [ -75.959413, 38.136614 ] ] ], [ [ [ -76.844461, 38.25504 ], [ -76.848558, 38.263231 ], [ -76.84104, 38.264561 ], [ -76.838078, 38.260328 ], [ -76.844461, 38.25504 ] ] ], [ [ [ -75.094906, 38.323913 ], [ -75.203381, 38.080332 ], [ -75.351677, 37.870396 ], [ -75.368996, 37.858987 ], [ -75.392008, 37.867738 ], [ -75.354508, 37.871173 ], [ -75.381028, 37.913017 ], [ -75.335663, 37.921567 ], [ -75.287294, 37.978043 ], [ -75.308378, 37.994093 ], [ -75.215281, 38.072088 ], [ -75.094906, 38.323913 ] ] ], [ [ [ -76.198148, 38.326807 ], [ -76.172404, 38.326121 ], [ -76.196868, 38.316576 ], [ -76.198148, 38.326807 ] ] ], [ [ [ -76.227943, 38.348178 ], [ -76.201133, 38.290002 ], [ -76.173222, 38.297395 ], [ -76.160706, 38.291716 ], [ -76.181473, 38.269768 ], [ -76.153501, 38.239824 ], [ -76.22484, 38.307048 ], [ -76.227943, 38.348178 ] ] ], [ [ [ -75.091222, 38.615865 ], [ -75.074262, 38.617956 ], [ -75.077692, 38.609815 ], [ -75.091222, 38.615865 ] ] ], [ [ [ -76.334752, 38.720266 ], [ -76.32169, 38.688688 ], [ -76.338472, 38.669529 ], [ -76.348411, 38.691795 ], [ -76.334752, 38.720266 ] ] ], [ [ [ -76.505365, 38.902499 ], [ -76.503082, 38.899315 ], [ -76.507523, 38.9015 ], [ -76.505365, 38.902499 ] ] ], [ [ [ -76.166726, 38.902018 ], [ -76.128741, 38.896581 ], [ -76.104536, 38.882945 ], [ -76.153433, 38.892311 ], [ -76.186059, 38.864196 ], [ -76.166726, 38.902018 ] ] ], [ [ [ -76.494684, 38.910215 ], [ -76.504182, 38.902114 ], [ -76.504488, 38.904707 ], [ -76.494684, 38.910215 ] ] ], [ [ [ -76.447682, 38.994712 ], [ -76.450682, 38.994912 ], [ -76.450682, 38.995912 ], [ -76.447682, 38.994712 ] ] ], [ [ [ -74.851534, 38.997384 ], [ -74.834224, 38.993466 ], [ -74.838389, 38.985741 ], [ -74.841765, 38.993396 ], [ -74.846782, 38.996198 ], [ -74.851534, 38.997384 ] ] ], [ [ [ -74.822255, 39.00228 ], [ -74.818501, 38.996567 ], [ -74.826249, 38.998103 ], [ -74.833728, 38.994874 ], [ -74.822255, 39.00228 ] ] ], [ [ [ -74.798333, 39.007927 ], [ -74.792769, 38.991967 ], [ -74.864458, 38.940411 ], [ -74.860259, 38.972137 ], [ -74.840546, 38.97269 ], [ -74.798333, 39.007927 ] ] ], [ [ [ -74.811669, 39.027074 ], [ -74.799212, 39.007991 ], [ -74.812316, 39.004652 ], [ -74.811669, 39.027074 ] ] ], [ [ [ -76.301028, 39.032007 ], [ -76.278515, 38.98335 ], [ -76.243383, 38.980917 ], [ -76.276056, 38.951475 ], [ -76.251183, 38.954665 ], [ -76.248812, 38.921433 ], [ -76.287504, 38.937011 ], [ -76.281814, 38.953919 ], [ -76.282747, 38.963757 ], [ -76.299961, 38.901539 ], [ -76.294443, 38.967083 ], [ -76.31637, 38.976032 ], [ -76.313261, 38.944107 ], [ -76.330577, 38.956449 ], [ -76.34027, 38.957043 ], [ -76.342395, 38.95241 ], [ -76.315855, 38.915031 ], [ -76.343445, 38.928626 ], [ -76.347853, 38.912405 ], [ -76.331032, 38.86432 ], [ -76.375866, 38.838085 ], [ -76.361725, 38.939175 ], [ -76.301028, 39.032007 ] ] ], [ [ [ -74.791273, 39.041227 ], [ -74.791745, 39.028935 ], [ -74.800313, 39.031201 ], [ -74.791273, 39.041227 ] ] ], [ [ [ -76.21978, 39.054541 ], [ -76.216189, 39.022918 ], [ -76.208502, 39.024819 ], [ -76.197645, 39.012027 ], [ -76.242537, 39.028428 ], [ -76.21978, 39.054541 ] ] ], [ [ [ -74.728057, 39.104784 ], [ -74.724589, 39.100758 ], [ -74.731467, 39.104533 ], [ -74.728057, 39.104784 ] ] ], [ [ [ -74.722037, 39.102358 ], [ -74.725237, 39.106038 ], [ -74.720178, 39.10432 ], [ -74.722037, 39.102358 ] ] ], [ [ [ -74.751069, 39.101068 ], [ -74.730548, 39.116338 ], [ -74.72741, 39.115434 ], [ -74.751069, 39.101068 ] ] ], [ [ [ -74.707001, 39.108276 ], [ -74.778778, 39.023073 ], [ -74.782741, 39.019572 ], [ -74.788051, 39.019733 ], [ -74.732451, 39.089113 ], [ -74.746084, 39.095234 ], [ -74.72933, 39.092409 ], [ -74.713955, 39.109469 ], [ -74.718672, 39.118043 ], [ -74.707001, 39.108276 ] ] ], [ [ [ -74.699295, 39.168797 ], [ -74.647683, 39.200979 ], [ -74.716297, 39.119974 ], [ -74.696866, 39.15497 ], [ -74.699295, 39.168797 ] ] ], [ [ [ -74.594417, 39.275443 ], [ -74.591137, 39.273697 ], [ -74.595409, 39.274803 ], [ -74.594417, 39.275443 ] ] ], [ [ [ -74.594178, 39.270167 ], [ -74.561019, 39.278726 ], [ -74.653812, 39.217219 ], [ -74.65474, 39.2265 ], [ -74.647777, 39.228856 ], [ -74.645778, 39.23337 ], [ -74.646819, 39.239155 ], [ -74.629154, 39.244371 ], [ -74.623507, 39.250244 ], [ -74.62445, 39.257395 ], [ -74.600738, 39.275989 ], [ -74.594178, 39.270167 ] ] ], [ [ [ -74.530898, 39.319916 ], [ -74.534597, 39.312416 ], [ -74.539098, 39.312516 ], [ -74.530898, 39.319916 ] ] ], [ [ [ -76.34148, 39.302708 ], [ -76.34968, 39.33441 ], [ -76.32758, 39.314108 ], [ -76.34148, 39.302708 ] ] ], [ [ [ -74.499322, 39.357227 ], [ -74.483301, 39.368814 ], [ -74.471902, 39.368413 ], [ -74.464595, 39.361516 ], [ -74.499322, 39.357227 ] ] ], [ [ [ -74.430094, 39.387117 ], [ -74.412693, 39.360817 ], [ -74.53788, 39.304094 ], [ -74.510499, 39.340515 ], [ -74.44795, 39.358418 ], [ -74.430094, 39.387117 ] ] ], [ [ [ -74.418393, 39.382417 ], [ -74.334789, 39.432017 ], [ -74.366991, 39.402017 ], [ -74.418393, 39.382417 ] ] ], [ [ [ -75.568381, 39.50127 ], [ -75.569296, 39.500597 ], [ -75.56906, 39.50127 ], [ -75.568381, 39.50127 ] ] ], [ [ [ -74.184774, 39.65832 ], [ -74.18666, 39.654265 ], [ -74.188978, 39.654681 ], [ -74.184774, 39.65832 ] ] ], [ [ [ -74.20162, 39.649371 ], [ -74.188564, 39.661112 ], [ -74.190785, 39.650859 ], [ -74.20162, 39.649371 ] ] ], [ [ [ -74.193811, 39.743065 ], [ -74.1634, 39.737006 ], [ -74.165387, 39.719539 ], [ -74.184593, 39.72359 ], [ -74.18368, 39.72855 ], [ -74.193811, 39.743065 ] ] ], [ [ [ -74.117892, 39.772828 ], [ -74.101396, 39.7562 ], [ -74.139035, 39.693211 ], [ -74.240482, 39.554914 ], [ -74.27737, 39.514065 ], [ -74.293062, 39.507912 ], [ -74.139713, 39.696987 ], [ -74.117892, 39.772828 ] ] ], [ [ [ -74.072259, 40.00069 ], [ -74.070481, 39.996318 ], [ -74.066781, 39.993918 ], [ -74.071181, 39.992418 ], [ -74.072259, 40.00069 ] ] ], [ [ [ -73.711768, 40.588016 ], [ -73.575371, 40.59399 ], [ -73.754777, 40.584405 ], [ -73.743904, 40.593083 ], [ -73.711768, 40.588016 ] ] ], [ [ [ -73.661442, 40.605978 ], [ -73.665093, 40.59752 ], [ -73.668749, 40.604404 ], [ -73.661442, 40.605978 ] ] ], [ [ [ -73.844125, 40.629947 ], [ -73.835771, 40.631882 ], [ -73.840611, 40.624523 ], [ -73.844125, 40.629947 ] ] ], [ [ [ -73.822421, 40.636197 ], [ -73.815356, 40.606522 ], [ -73.821539, 40.595088 ], [ -73.834279, 40.595305 ], [ -73.822421, 40.636197 ] ] ], [ [ [ -73.572662, 40.5894 ], [ -73.299863, 40.6398 ], [ -73.248682, 40.641572 ], [ -73.562373, 40.583703 ], [ -73.570964, 40.584508 ], [ -73.572662, 40.5894 ] ] ], [ [ [ -73.298064, 40.6446 ], [ -73.289364, 40.6439 ], [ -73.305864, 40.6432 ], [ -73.298064, 40.6446 ] ] ], [ [ [ -74.07837, 40.648598 ], [ -74.068185, 40.584105 ], [ -74.251488, 40.497907 ], [ -74.247974, 40.54345 ], [ -74.210889, 40.560905 ], [ -74.195775, 40.602368 ], [ -74.193277, 40.639115 ], [ -74.07837, 40.648598 ] ] ], [ [ [ -73.276063, 40.6555 ], [ -73.251748, 40.645201 ], [ -73.279763, 40.6461 ], [ -73.276063, 40.6555 ] ] ], [ [ [ -73.202774, 40.659779 ], [ -73.196914, 40.653399 ], [ -73.20455, 40.657973 ], [ -73.202774, 40.659779 ] ] ], [ [ [ -74.045885, 40.691203 ], [ -74.044485, 40.688303 ], [ -74.047185, 40.690403 ], [ -74.045885, 40.691203 ] ] ], [ [ [ -74.020892, 40.693788 ], [ -74.015514, 40.687044 ], [ -74.027268, 40.684196 ], [ -74.020892, 40.693788 ] ] ], [ [ [ -74.040985, 40.700503 ], [ -74.038085, 40.698303 ], [ -74.043685, 40.697903 ], [ -74.040985, 40.700503 ] ] ], [ [ [ -72.793194, 40.763299 ], [ -72.755796, 40.763674 ], [ -72.861951, 40.733418 ], [ -73.01254, 40.679643 ], [ -73.085253, 40.658763 ], [ -73.258139, 40.621897 ], [ -73.31046, 40.620261 ], [ -73.314108, 40.628709 ], [ -73.098014, 40.658235 ], [ -72.793194, 40.763299 ] ] ], [ [ [ -73.940073, 40.770202 ], [ -73.960383, 40.750602 ], [ -73.939982, 40.772601 ], [ -73.940073, 40.770202 ] ] ], [ [ [ -73.889351, 40.787316 ], [ -73.874627, 40.792325 ], [ -73.87118, 40.786801 ], [ -73.889351, 40.787316 ] ] ], [ [ [ -73.925382, 40.802001 ], [ -73.924392, 40.782486 ], [ -73.936082, 40.783901 ], [ -73.926993, 40.796189 ], [ -73.925382, 40.802001 ] ] ], [ [ [ -72.499454, 40.843245 ], [ -72.477469, 40.839604 ], [ -72.753113, 40.76357 ], [ -72.73052, 40.779299 ], [ -72.710375, 40.777651 ], [ -72.596392, 40.808646 ], [ -72.57131, 40.818733 ], [ -72.571294, 40.821402 ], [ -72.511246, 40.833156 ], [ -72.499454, 40.843245 ] ] ], [ [ [ -73.791786, 40.857087 ], [ -73.781779, 40.845904 ], [ -73.784051, 40.836522 ], [ -73.791786, 40.857087 ] ] ], [ [ [ -73.772677, 40.8597 ], [ -73.767577, 40.844701 ], [ -73.769172, 40.844599 ], [ -73.772677, 40.8597 ] ] ], [ [ [ -73.770373, 40.887902 ], [ -73.769875, 40.880001 ], [ -73.774774, 40.882202 ], [ -73.770373, 40.887902 ] ] ], [ [ [ -73.786172, 40.886398 ], [ -73.78314, 40.881588 ], [ -73.786577, 40.8831 ], [ -73.786172, 40.886398 ] ] ], [ [ [ -72.466906, 40.965989 ], [ -72.45849, 40.975781 ], [ -72.452445, 40.957038 ], [ -72.466906, 40.965989 ] ] ], [ [ [ -73.657072, 40.982198 ], [ -73.659972, 40.968398 ], [ -73.671173, 40.966798 ], [ -73.65944, 40.975948 ], [ -73.662143, 40.981499 ], [ -73.657072, 40.982198 ] ] ], [ [ [ -73.506835, 41.036953 ], [ -73.504494, 41.035377 ], [ -73.507246, 41.03697 ], [ -73.506835, 41.036953 ] ] ], [ [ [ -73.501666, 41.041098 ], [ -73.501266, 41.049097 ], [ -73.495966, 41.047497 ], [ -73.501666, 41.041098 ] ] ], [ [ [ -73.383739, 41.098499 ], [ -73.379462, 41.095198 ], [ -73.384862, 41.092697 ], [ -73.383739, 41.098499 ] ] ], [ [ [ -72.323815, 41.101107 ], [ -72.277302, 41.077843 ], [ -72.323575, 41.088019 ], [ -72.283134, 41.067859 ], [ -72.271028, 41.02637 ], [ -72.356533, 41.065535 ], [ -72.342711, 41.043012 ], [ -72.373551, 41.051908 ], [ -72.384168, 41.071444 ], [ -72.323815, 41.101107 ] ] ], [ [ [ -72.143041, 41.096388 ], [ -72.077487, 41.099364 ], [ -72.097923, 41.047093 ], [ -72.106336, 41.0901 ], [ -72.143041, 41.096388 ] ] ], [ [ [ -72.230472, 41.161059 ], [ -72.404617, 41.075425 ], [ -72.386351, 41.032671 ], [ -72.436137, 41.035656 ], [ -72.433689, 40.985252 ], [ -72.460314, 41.008565 ], [ -72.639496, 40.916226 ], [ -72.473404, 40.899717 ], [ -72.401193, 40.954132 ], [ -72.376684, 41.019728 ], [ -72.327271, 40.996324 ], [ -72.312934, 41.04087 ], [ -72.29882, 41.0036 ], [ -72.255002, 40.994179 ], [ -72.239221, 41.035219 ], [ -72.261205, 41.041699 ], [ -72.15989, 41.053748 ], [ -72.096403, 40.991145 ], [ -71.962777, 41.04287 ], [ -71.956075, 41.073158 ], [ -71.85615, 41.070774 ], [ -72.474317, 40.83858 ], [ -72.412986, 40.863172 ], [ -72.412907, 40.871919 ], [ -72.501404, 40.885122 ], [ -72.501405, 40.846148 ], [ -72.541711, 40.868324 ], [ -72.55032, 40.837892 ], [ -72.645309, 40.796951 ], [ -72.723792, 40.815972 ], [ -72.807354, 40.777219 ], [ -72.832187, 40.802277 ], [ -72.811514, 40.764003 ], [ -72.8735, 40.737507 ], [ -72.888525, 40.762515 ], [ -72.944853, 40.740445 ], [ -73.019433, 40.760945 ], [ -73.034854, 40.7295 ], [ -73.105028, 40.716515 ], [ -73.150326, 40.745938 ], [ -73.14799, 40.694787 ], [ -73.224599, 40.725239 ], [ -73.277939, 40.684702 ], [ -73.484669, 40.651902 ], [ -73.501371, 40.623902 ], [ -73.543977, 40.652786 ], [ -73.571672, 40.624203 ], [ -73.622274, 40.632703 ], [ -73.651247, 40.59609 ], [ -73.658279, 40.634013 ], [ -73.692048, 40.637744 ], [ -73.713176, 40.601604 ], [ -73.685995, 40.593502 ], [ -73.734576, 40.596405 ], [ -73.734176, 40.601104 ], [ -73.727476, 40.604504 ], [ -73.726776, 40.608004 ], [ -73.940351, 40.544284 ], [ -73.768309, 40.597773 ], [ -73.744796, 40.640103 ], [ -73.784855, 40.620477 ], [ -73.838599, 40.662295 ], [ -73.916584, 40.632103 ], [ -73.87698, 40.590305 ], [ -73.895875, 40.5768 ], [ -74.001897, 40.571108 ], [ -74.040485, 40.615204 ], [ -73.997284, 40.667703 ], [ -74.019411, 40.679541 ], [ -73.96969, 40.700408 ], [ -73.910081, 40.790801 ], [ -73.85312, 40.759734 ], [ -73.852658, 40.79453 ], [ -73.777277, 40.796601 ], [ -73.754576, 40.766187 ], [ -73.753176, 40.838001 ], [ -73.709966, 40.795517 ], [ -73.699275, 40.8338 ], [ -73.737076, 40.8476 ], [ -73.713675, 40.8701 ], [ -73.649861, 40.80125 ], [ -73.633109, 40.902397 ], [ -73.521861, 40.918391 ], [ -73.520273, 40.886603 ], [ -73.526861, 40.914196 ], [ -73.579067, 40.90269 ], [ -73.508081, 40.872304 ], [ -73.493567, 40.894598 ], [ -73.462366, 40.859596 ], [ -73.496673, 40.923287 ], [ -73.48534, 40.946415 ], [ -73.428764, 40.927298 ], [ -73.428764, 40.921298 ], [ -73.435464, 40.913898 ], [ -73.430964, 40.924298 ], [ -73.449172, 40.915394 ], [ -73.480966, 40.912998 ], [ -73.484066, 40.908998 ], [ -73.420064, 40.885702 ], [ -73.433065, 40.905598 ], [ -73.372847, 40.892881 ], [ -73.374862, 40.913598 ], [ -73.362769, 40.887706 ], [ -73.354428, 40.890517 ], [ -73.35163, 40.922658 ], [ -73.378162, 40.924998 ], [ -73.369562, 40.931098 ], [ -73.381562, 40.942798 ], [ -73.405063, 40.915598 ], [ -73.394662, 40.955396 ], [ -73.230231, 40.904369 ], [ -73.149206, 40.92916 ], [ -73.182628, 40.913346 ], [ -73.170197, 40.89344 ], [ -73.140065, 40.932455 ], [ -73.158882, 40.967458 ], [ -73.118662, 40.977217 ], [ -73.090959, 40.966275 ], [ -73.114987, 40.973595 ], [ -73.126225, 40.952882 ], [ -73.07232, 40.946228 ], [ -73.091871, 40.972323 ], [ -73.032728, 40.95067 ], [ -72.637475, 40.981571 ], [ -72.353656, 41.139748 ], [ -72.230472, 41.161059 ] ] ], [ [ [ -71.568636, 41.225511 ], [ -71.546537, 41.154211 ], [ -71.608981, 41.151067 ], [ -71.591972, 41.198203 ], [ -71.59112, 41.189216 ], [ -71.572307, 41.180966 ], [ -71.568636, 41.225511 ] ] ], [ [ [ -70.812638, 41.264505 ], [ -70.804429, 41.249003 ], [ -70.832432, 41.257824 ], [ -70.812638, 41.264505 ] ] ], [ [ [ -72.037966, 41.249651 ], [ -71.93526, 41.280579 ], [ -71.997614, 41.254627 ], [ -72.037966, 41.249651 ] ] ], [ [ [ -72.342713, 41.298621 ], [ -72.325912, 41.289565 ], [ -72.324844, 41.281302 ], [ -72.342713, 41.298621 ] ] ], [ [ [ -70.27398, 41.30799 ], [ -70.246849, 41.306218 ], [ -70.239558, 41.294304 ], [ -70.255701, 41.288722 ], [ -70.27398, 41.30799 ] ] ], [ [ [ -71.964217, 41.321499 ], [ -71.961891, 41.322252 ], [ -71.96314, 41.320886 ], [ -71.964217, 41.321499 ] ] ], [ [ [ -70.000342, 41.337742 ], [ -69.959367, 41.2734 ], [ -69.994244, 41.241321 ], [ -70.217649, 41.275072 ], [ -70.062566, 41.308727 ], [ -70.023731, 41.36127 ], [ -70.049656, 41.392475 ], [ -70.000342, 41.337742 ] ] ], [ [ [ -70.93783, 41.424702 ], [ -70.908537, 41.421383 ], [ -70.949647, 41.409583 ], [ -70.93783, 41.424702 ] ] ], [ [ [ -70.857122, 41.449967 ], [ -70.866947, 41.422379 ], [ -70.906834, 41.424447 ], [ -70.857122, 41.449967 ] ] ], [ [ [ -70.833199, 41.457682 ], [ -70.808328, 41.443916 ], [ -70.841555, 41.448463 ], [ -70.833199, 41.457682 ] ] ], [ [ [ -70.558411, 41.459696 ], [ -70.558958, 41.459896 ], [ -70.557484, 41.460658 ], [ -70.55725, 41.460321 ], [ -70.558033, 41.460014 ], [ -70.558411, 41.459696 ] ] ], [ [ [ -70.558365, 41.459089 ], [ -70.547984, 41.416756 ], [ -70.564309, 41.434937 ], [ -70.572094, 41.414533 ], [ -70.506558, 41.399922 ], [ -70.513645, 41.386009 ], [ -70.497678, 41.355155 ], [ -70.509205, 41.348504 ], [ -70.466537, 41.348776 ], [ -70.50868, 41.388558 ], [ -70.489543, 41.38391 ], [ -70.466468, 41.399907 ], [ -70.460088, 41.401603 ], [ -70.451087, 41.353995 ], [ -70.449792, 41.413704 ], [ -70.473276, 41.406722 ], [ -70.450432, 41.420704 ], [ -70.446234, 41.398494 ], [ -70.450387, 41.348733 ], [ -70.709827, 41.341724 ], [ -70.775666, 41.300983 ], [ -70.838564, 41.346043 ], [ -70.772241, 41.350571 ], [ -70.659435, 41.460486 ], [ -70.62241, 41.44802 ], [ -70.598419, 41.481107 ], [ -70.601074, 41.456147 ], [ -70.586908, 41.457328 ], [ -70.598638, 41.450711 ], [ -70.589288, 41.45228 ], [ -70.600723, 41.440361 ], [ -70.603232, 41.431296 ], [ -70.599962, 41.429548 ], [ -70.558365, 41.459089 ] ] ], [ [ [ -71.327121, 41.49327 ], [ -71.327899, 41.483008 ], [ -71.327627, 41.493208 ], [ -71.327121, 41.49327 ] ] ], [ [ [ -70.698506, 41.506425 ], [ -70.7017, 41.506127 ], [ -70.699662, 41.509193 ], [ -70.698506, 41.506425 ] ] ], [ [ [ -71.325686, 41.503341 ], [ -71.327265, 41.505383 ], [ -71.325654, 41.504246 ], [ -71.325686, 41.503341 ] ] ], [ [ [ -70.712322, 41.512141 ], [ -70.710522, 41.491834 ], [ -70.805774, 41.450229 ], [ -70.787039, 41.477355 ], [ -70.712322, 41.512141 ] ] ], [ [ [ -70.67763, 41.516284 ], [ -70.689376, 41.504619 ], [ -70.700667, 41.511 ], [ -70.67763, 41.516284 ] ] ], [ [ [ -70.710103, 41.518957 ], [ -70.706114, 41.512897 ], [ -70.709188, 41.513674 ], [ -70.710103, 41.518957 ] ] ], [ [ [ -70.526243, 41.572916 ], [ -70.528437, 41.547334 ], [ -70.547813, 41.552516 ], [ -70.543124, 41.552332 ], [ -70.526243, 41.572916 ] ] ], [ [ [ -71.372335, 41.573921 ], [ -71.354752, 41.479823 ], [ -71.385667, 41.48817 ], [ -71.399934, 41.448657 ], [ -71.372335, 41.573921 ] ] ], [ [ [ -70.457871, 41.583418 ], [ -70.463537, 41.585607 ], [ -70.463546, 41.588353 ], [ -70.457871, 41.583418 ] ] ], [ [ [ -70.841383, 41.596524 ], [ -70.815582, 41.592227 ], [ -70.821935, 41.582752 ], [ -70.841383, 41.596524 ] ] ], [ [ [ -70.817047, 41.625577 ], [ -70.8194, 41.625049 ], [ -70.819431, 41.627113 ], [ -70.817047, 41.625577 ] ] ], [ [ [ -70.420784, 41.62197 ], [ -70.402226, 41.608397 ], [ -70.421677, 41.611315 ], [ -70.420784, 41.62197 ] ] ], [ [ [ -69.968066, 41.643862 ], [ -69.988215, 41.554705 ], [ -70.011504, 41.542924 ], [ -70.016036, 41.552077 ], [ -69.968066, 41.643862 ] ] ], [ [ [ -71.285536, 41.637 ], [ -71.278122, 41.647228 ], [ -71.27225, 41.636951 ], [ -71.285536, 41.637 ] ] ], [ [ [ -71.217804, 41.643991 ], [ -71.239291, 41.476205 ], [ -71.286269, 41.489513 ], [ -71.307894, 41.451503 ], [ -71.356303, 41.449917 ], [ -71.316406, 41.477539 ], [ -71.322569, 41.515224 ], [ -71.330847, 41.51831 ], [ -71.272278, 41.623755 ], [ -71.217804, 41.643991 ] ] ], [ [ [ -71.367071, 41.660536 ], [ -71.353459, 41.658034 ], [ -71.360509, 41.65006 ], [ -71.367071, 41.660536 ] ] ], [ [ [ -71.337318, 41.657314 ], [ -71.304201, 41.619078 ], [ -71.326029, 41.578835 ], [ -71.352885, 41.639575 ], [ -71.337318, 41.657314 ] ] ], [ [ [ -70.62586, 41.712202 ], [ -70.624476, 41.712093 ], [ -70.62171, 41.707941 ], [ -70.622835, 41.703549 ], [ -70.62586, 41.712202 ] ] ], [ [ [ -70.643509, 41.731993 ], [ -70.643253, 41.734617 ], [ -70.640917, 41.733561 ], [ -70.643509, 41.731993 ] ] ], [ [ [ -69.941333, 41.812187 ], [ -69.940601, 41.810608 ], [ -69.944206, 41.811199 ], [ -69.941333, 41.812187 ] ] ], [ [ [ -70.0236, 41.899003 ], [ -70.002858, 41.890317 ], [ -70.024731, 41.897396 ], [ -70.0236, 41.899003 ] ] ], [ [ [ -70.189305, 42.082337 ], [ -70.064486, 42.044388 ], [ -69.985352, 41.949254 ], [ -69.956459, 41.880402 ], [ -69.939775, 41.819786 ], [ -69.969938, 41.83484 ], [ -69.985568, 41.788516 ], [ -69.934331, 41.800089 ], [ -69.928261, 41.691701 ], [ -69.933114, 41.670014 ], [ -69.95062, 41.641281 ], [ -69.929969, 41.704442 ], [ -69.949396, 41.766279 ], [ -69.996944, 41.718738 ], [ -69.945355, 41.703664 ], [ -69.961879, 41.653105 ], [ -70.187726, 41.649446 ], [ -70.266035, 41.60931 ], [ -70.240768, 41.636947 ], [ -70.275154, 41.651707 ], [ -70.400606, 41.606387 ], [ -70.405469, 41.649303 ], [ -70.453, 41.58761 ], [ -70.458629, 41.613236 ], [ -70.480001, 41.556397 ], [ -70.526753, 41.547567 ], [ -70.513873, 41.577852 ], [ -70.530258, 41.579861 ], [ -70.544744, 41.571474 ], [ -70.548118, 41.550665 ], [ -70.686943, 41.522094 ], [ -70.640579, 41.577056 ], [ -70.651094, 41.645726 ], [ -70.614983, 41.657424 ], [ -70.654212, 41.666218 ], [ -70.617389, 41.670029 ], [ -70.627508, 41.69346 ], [ -70.661336, 41.682833 ], [ -70.643302, 41.694981 ], [ -70.618598, 41.695469 ], [ -70.615987, 41.725557 ], [ -70.636917, 41.723326 ], [ -70.58305, 41.749665 ], [ -70.556167, 41.773212 ], [ -70.504037, 41.77015 ], [ -70.495272, 41.775186 ], [ -70.274227, 41.724999 ], [ -70.301312, 41.720269 ], [ -70.313831, 41.727818 ], [ -70.346318, 41.723626 ], [ -70.354413, 41.729821 ], [ -70.372916, 41.727387 ], [ -70.299654, 41.70494 ], [ -70.019477, 41.786288 ], [ -69.988721, 41.913431 ], [ -70.068459, 41.930589 ], [ -70.066648, 41.877827 ], [ -70.095612, 42.032854 ], [ -70.155423, 42.062448 ], [ -70.210534, 42.034391 ], [ -70.167425, 42.0343 ], [ -70.190834, 42.020028 ], [ -70.210595, 42.032904 ], [ -70.233317, 42.057805 ], [ -70.225859, 42.061331 ], [ -70.245385, 42.06265 ], [ -70.189305, 42.082337 ] ] ], [ [ [ -70.927305, 42.299244 ], [ -70.950237, 42.289765 ], [ -70.927482, 42.302201 ], [ -70.927305, 42.299244 ] ] ], [ [ [ -71.008194, 42.319598 ], [ -71.011594, 42.308898 ], [ -71.017294, 42.312598 ], [ -71.008194, 42.319598 ] ] ], [ [ [ -70.983093, 42.327698 ], [ -70.987691, 42.31996 ], [ -70.990993, 42.326698 ], [ -70.983093, 42.327698 ] ] ], [ [ [ -70.966295, 42.313798 ], [ -70.976993, 42.310304 ], [ -70.953992, 42.329698 ], [ -70.966295, 42.313798 ] ] ], [ [ [ -70.589052, 42.662788 ], [ -70.590097, 42.658543 ], [ -70.593892, 42.660475 ], [ -70.589052, 42.662788 ] ] ], [ [ [ -78.961062, 42.962257 ], [ -78.956761, 42.958757 ], [ -78.963462, 42.961057 ], [ -78.961062, 42.962257 ] ] ], [ [ [ -78.882868, 43.030771 ], [ -78.88566, 43.023557 ], [ -78.88826, 43.034457 ], [ -78.882868, 43.030771 ] ] ], [ [ [ -78.997859, 43.064455 ], [ -78.89966, 43.041057 ], [ -78.943945, 42.995081 ], [ -78.939266, 42.95815 ], [ -79.017264, 42.993956 ], [ -78.997859, 43.064455 ] ] ], [ [ [ -70.743297, 43.066889 ], [ -70.745972, 43.065084 ], [ -70.749305, 43.065276 ], [ -70.743297, 43.066889 ] ] ], [ [ [ -70.739197, 43.071489 ], [ -70.741599, 43.069797 ], [ -70.740797, 43.071689 ], [ -70.739197, 43.071489 ] ] ], [ [ [ -70.716425, 43.073397 ], [ -70.713183, 43.055796 ], [ -70.736877, 43.071386 ], [ -70.716425, 43.073397 ] ] ], [ [ [ -70.722997, 43.077389 ], [ -70.725815, 43.076653 ], [ -70.725297, 43.077689 ], [ -70.722997, 43.077389 ] ] ], [ [ [ -70.755794, 43.081588 ], [ -70.753101, 43.082587 ], [ -70.748966, 43.082265 ], [ -70.755794, 43.081588 ] ] ], [ [ [ -79.071667, 43.078856 ], [ -79.063993, 43.081467 ], [ -79.062467, 43.079256 ], [ -79.071667, 43.078856 ] ] ], [ [ [ -70.746997, 43.080389 ], [ -70.724093, 43.081685 ], [ -70.723004, 43.079699 ], [ -70.746997, 43.080389 ] ] ], [ [ [ -76.954081, 43.259306 ], [ -76.947008, 43.252745 ], [ -76.953579, 43.254985 ], [ -76.954081, 43.259306 ] ] ], [ [ [ -76.941879, 43.262371 ], [ -76.946729, 43.266464 ], [ -76.944321, 43.270831 ], [ -76.941879, 43.262371 ] ] ], [ [ [ -70.430195, 43.366252 ], [ -70.432013, 43.367304 ], [ -70.429788, 43.367669 ], [ -70.430195, 43.366252 ] ] ], [ [ [ -70.359706, 43.455887 ], [ -70.361087, 43.455475 ], [ -70.361213, 43.456527 ], [ -70.359706, 43.455887 ] ] ], [ [ [ -76.480883, 43.481457 ], [ -76.486765, 43.48662 ], [ -76.486644, 43.486763 ], [ -76.480883, 43.481457 ] ] ], [ [ [ -70.206993, 43.634384 ], [ -70.197993, 43.644584 ], [ -70.190193, 43.645484 ], [ -70.206993, 43.634384 ] ] ], [ [ [ -70.205912, 43.670573 ], [ -70.210121, 43.662963 ], [ -70.212881, 43.665408 ], [ -70.205912, 43.670573 ] ] ], [ [ [ -70.199987, 43.662192 ], [ -70.181893, 43.653084 ], [ -70.200493, 43.652184 ], [ -70.199987, 43.662192 ] ] ], [ [ [ -70.201393, 43.684783 ], [ -70.19388, 43.673906 ], [ -70.20509, 43.673173 ], [ -70.201393, 43.684783 ] ] ], [ [ [ -70.231052, 43.692407 ], [ -70.228638, 43.687101 ], [ -70.235826, 43.687746 ], [ -70.231052, 43.692407 ] ] ], [ [ [ -70.139611, 43.706871 ], [ -70.151693, 43.682584 ], [ -70.168827, 43.676343 ], [ -70.170587, 43.687693 ], [ -70.139611, 43.706871 ] ] ], [ [ [ -70.092893, 43.709984 ], [ -70.088093, 43.699384 ], [ -70.117093, 43.683684 ], [ -70.092893, 43.709984 ] ] ], [ [ [ -70.097004, 43.748809 ], [ -70.10816, 43.724027 ], [ -70.128435, 43.706985 ], [ -70.127353, 43.745656 ], [ -70.097004, 43.748809 ] ] ], [ [ [ -70.129816, 43.763912 ], [ -70.12345, 43.75802 ], [ -70.13501, 43.753117 ], [ -70.129816, 43.763912 ] ] ], [ [ [ -69.321121, 43.76591 ], [ -69.300819, 43.768599 ], [ -69.322559, 43.755883 ], [ -69.321121, 43.76591 ] ] ], [ [ [ -70.14525, 43.773591 ], [ -70.141191, 43.750392 ], [ -70.158588, 43.750422 ], [ -70.14525, 43.773591 ] ] ], [ [ [ -69.718365, 43.783759 ], [ -69.718932, 43.782364 ], [ -69.719248, 43.783759 ], [ -69.718365, 43.783759 ] ] ], [ [ [ -69.922188, 43.782161 ], [ -69.910195, 43.778752 ], [ -69.915436, 43.774568 ], [ -69.922188, 43.782161 ] ] ], [ [ [ -69.97401, 43.776142 ], [ -69.955421, 43.772556 ], [ -70.006651, 43.717449 ], [ -69.97401, 43.776142 ] ] ], [ [ [ -70.066002, 43.800821 ], [ -70.07844, 43.796864 ], [ -70.066192, 43.804206 ], [ -70.066002, 43.800821 ] ] ], [ [ [ -69.636339, 43.809047 ], [ -69.624994, 43.807065 ], [ -69.634702, 43.803419 ], [ -69.636339, 43.809047 ] ] ], [ [ [ -69.685474, 43.816328 ], [ -69.682032, 43.811068 ], [ -69.684842, 43.809261 ], [ -69.685474, 43.816328 ] ] ], [ [ [ -69.882287, 43.823586 ], [ -69.879736, 43.814918 ], [ -69.887763, 43.807971 ], [ -69.882287, 43.823586 ] ] ], [ [ [ -69.650035, 43.823572 ], [ -69.646056, 43.821489 ], [ -69.646974, 43.819088 ], [ -69.650035, 43.823572 ] ] ], [ [ [ -70.014364, 43.823635 ], [ -69.998106, 43.820563 ], [ -70.014437, 43.811607 ], [ -70.014364, 43.823635 ] ] ], [ [ [ -69.566822, 43.82832 ], [ -69.562493, 43.826762 ], [ -69.564864, 43.823516 ], [ -69.566822, 43.82832 ] ] ], [ [ [ -69.668157, 43.851475 ], [ -69.648988, 43.831644 ], [ -69.65495, 43.786137 ], [ -69.690307, 43.822484 ], [ -69.668157, 43.851475 ] ] ], [ [ [ -69.713912, 43.848363 ], [ -69.705535, 43.837502 ], [ -69.709294, 43.835855 ], [ -69.713912, 43.848363 ] ] ], [ [ [ -69.904659, 43.858012 ], [ -69.886149, 43.851738 ], [ -69.890846, 43.781124 ], [ -69.913978, 43.83578 ], [ -69.94854, 43.765948 ], [ -69.952561, 43.815457 ], [ -69.934339, 43.84091 ], [ -69.933775, 43.80506 ], [ -69.904659, 43.858012 ] ] ], [ [ [ -69.685856, 43.860213 ], [ -69.677098, 43.86083 ], [ -69.680291, 43.856027 ], [ -69.685856, 43.860213 ] ] ], [ [ [ -69.565689, 43.855869 ], [ -69.545399, 43.858589 ], [ -69.555826, 43.832861 ], [ -69.565689, 43.855869 ] ] ], [ [ [ -68.902112, 43.869472 ], [ -68.884042, 43.856429 ], [ -68.908159, 43.84951 ], [ -68.902112, 43.869472 ] ] ], [ [ [ -76.300259, 43.917889 ], [ -76.326254, 43.882196 ], [ -76.356413, 43.878369 ], [ -76.345231, 43.894493 ], [ -76.316551, 43.904308 ], [ -76.313641, 43.914186 ], [ -76.300259, 43.917889 ] ] ], [ [ [ -76.410401, 43.918825 ], [ -76.376584, 43.920939 ], [ -76.446426, 43.889378 ], [ -76.410401, 43.918825 ] ] ], [ [ [ -69.303065, 43.952121 ], [ -69.30715, 43.9435 ], [ -69.319873, 43.944437 ], [ -69.309365, 43.953653 ], [ -69.303065, 43.952121 ] ] ], [ [ [ -69.148562, 43.997259 ], [ -69.145877, 43.986486 ], [ -69.148949, 43.985756 ], [ -69.148562, 43.997259 ] ] ], [ [ [ -69.127587, 44.000082 ], [ -69.114989, 44.001115 ], [ -69.109412, 43.999336 ], [ -69.127587, 44.000082 ] ] ], [ [ [ -68.83718, 44.040276 ], [ -68.832708, 44.033622 ], [ -68.838193, 44.036571 ], [ -68.83718, 44.040276 ] ] ], [ [ [ -76.329752, 44.04405 ], [ -76.32268, 44.030286 ], [ -76.338084, 44.03273 ], [ -76.329752, 44.04405 ] ] ], [ [ [ -76.34729, 44.053946 ], [ -76.359038, 44.033593 ], [ -76.383251, 44.037479 ], [ -76.369579, 44.052474 ], [ -76.34729, 44.053946 ] ] ], [ [ [ -68.661384, 44.047687 ], [ -68.601339, 44.085873 ], [ -68.610704, 44.013422 ], [ -68.654622, 44.006475 ], [ -68.639826, 44.046216 ], [ -68.661384, 44.047687 ] ] ], [ [ [ -68.375827, 44.115958 ], [ -68.331033, 44.10758 ], [ -68.36749, 44.097324 ], [ -68.375827, 44.115958 ] ] ], [ [ [ -68.842774, 44.131155 ], [ -68.804135, 44.112338 ], [ -68.84053, 44.084419 ], [ -68.787161, 44.094703 ], [ -68.776295, 44.06424 ], [ -68.818442, 44.032046 ], [ -68.826497, 44.047345 ], [ -68.874967, 44.053412 ], [ -68.896697, 44.116058 ], [ -68.901118, 44.10179 ], [ -68.907627, 44.094474 ], [ -68.91264, 44.09635 ], [ -68.907903, 44.114484 ], [ -68.887864, 44.125414 ], [ -68.855194, 44.094401 ], [ -68.842774, 44.131155 ] ] ], [ [ [ -68.823416, 44.185173 ], [ -68.818517, 44.145268 ], [ -68.943263, 44.109845 ], [ -68.917287, 44.148239 ], [ -68.823416, 44.185173 ] ] ], [ [ [ -76.311404, 44.169023 ], [ -76.264791, 44.178501 ], [ -76.307338, 44.167011 ], [ -76.311404, 44.169023 ] ] ], [ [ [ -68.417673, 44.187048 ], [ -68.383855, 44.155846 ], [ -68.405879, 44.13397 ], [ -68.503305, 44.150492 ], [ -68.417673, 44.187048 ] ] ], [ [ [ -68.726295, 44.204056 ], [ -68.72432, 44.197722 ], [ -68.731666, 44.202247 ], [ -68.726295, 44.204056 ] ] ], [ [ [ -68.336594, 44.198321 ], [ -68.323564, 44.205343 ], [ -68.314789, 44.197157 ], [ -68.336594, 44.198321 ] ] ], [ [ [ -76.080199, 44.246216 ], [ -76.078321, 44.244318 ], [ -76.080841, 44.245923 ], [ -76.080199, 44.246216 ] ] ], [ [ [ -76.049981, 44.25899 ], [ -76.062038, 44.252288 ], [ -76.067256, 44.252608 ], [ -76.049981, 44.25899 ] ] ], [ [ [ -68.27432, 44.259175 ], [ -68.240038, 44.239992 ], [ -68.27516, 44.237237 ], [ -68.27432, 44.259175 ] ] ], [ [ [ -68.240279, 44.251629 ], [ -68.214647, 44.263164 ], [ -68.211331, 44.256513 ], [ -68.240279, 44.251629 ] ] ], [ [ [ -68.965709, 44.258487 ], [ -68.935927, 44.256981 ], [ -68.955713, 44.243805 ], [ -68.965709, 44.258487 ] ] ], [ [ [ -68.945093, 44.276486 ], [ -68.947002, 44.269191 ], [ -68.948245, 44.277744 ], [ -68.945093, 44.276486 ] ] ], [ [ [ -76.052015, 44.292738 ], [ -76.044407, 44.288737 ], [ -76.058764, 44.283318 ], [ -76.052015, 44.292738 ] ] ], [ [ [ -68.732033, 44.307784 ], [ -68.610162, 44.244643 ], [ -68.647066, 44.215718 ], [ -68.584351, 44.214854 ], [ -68.564351, 44.192172 ], [ -68.675237, 44.215907 ], [ -68.614115, 44.181687 ], [ -68.708857, 44.15725 ], [ -68.695964, 44.182795 ], [ -68.720331, 44.1682 ], [ -68.710689, 44.209686 ], [ -68.732984, 44.221021 ], [ -68.679466, 44.224598 ], [ -68.676532, 44.272691 ], [ -68.732033, 44.307784 ] ] ], [ [ [ -76.075638, 44.300992 ], [ -76.08053, 44.275313 ], [ -76.122129, 44.251518 ], [ -76.16152, 44.262508 ], [ -76.075638, 44.300992 ] ] ], [ [ [ -75.925884, 44.356191 ], [ -76.016575, 44.285259 ], [ -76.043419, 44.296785 ], [ -76.02495, 44.323194 ], [ -76.057683, 44.318898 ], [ -75.925884, 44.356191 ] ] ], [ [ [ -68.86758, 44.377851 ], [ -68.86418, 44.354842 ], [ -68.892716, 44.343091 ], [ -68.887461, 44.303094 ], [ -68.913531, 44.24497 ], [ -68.930425, 44.231069 ], [ -68.914726, 44.280829 ], [ -68.943471, 44.282158 ], [ -68.904747, 44.311219 ], [ -68.911635, 44.365027 ], [ -68.86758, 44.377851 ] ] ], [ [ [ -68.36579, 44.424503 ], [ -68.24909, 44.433488 ], [ -68.173609, 44.328397 ], [ -68.294357, 44.287053 ], [ -68.330612, 44.377295 ], [ -68.325295, 44.271068 ], [ -68.290682, 44.250078 ], [ -68.336572, 44.221668 ], [ -68.345694, 44.266424 ], [ -68.364941, 44.226507 ], [ -68.431168, 44.312253 ], [ -68.348643, 44.403291 ], [ -68.36579, 44.424503 ] ] ], [ [ [ -67.58143, 44.516022 ], [ -67.594608, 44.487024 ], [ -67.562382, 44.471732 ], [ -67.587533, 44.447083 ], [ -67.605954, 44.498475 ], [ -67.58143, 44.516022 ] ] ], [ [ [ -67.6208, 44.518821 ], [ -67.601587, 44.507855 ], [ -67.620498, 44.503845 ], [ -67.6208, 44.518821 ] ] ], [ [ [ -73.501266, 41.049097 ], [ -73.570038, 41.001594 ], [ -73.589174, 41.041799 ], [ -73.639581, 41.010894 ], [ -73.667662, 40.981951 ], [ -73.685773, 40.943799 ], [ -73.732275, 40.948599 ], [ -73.808953, 40.870926 ], [ -73.784573, 40.87809 ], [ -73.800078, 40.8477 ], [ -73.821977, 40.870298 ], [ -73.819483, 40.884821 ], [ -73.820689, 40.886712 ], [ -73.823878, 40.8876 ], [ -73.820878, 40.8599 ], [ -73.81498, 40.8609 ], [ -73.813754, 40.823812 ], [ -73.789978, 40.805101 ], [ -73.842377, 40.828114 ], [ -73.847569, 40.805111 ], [ -73.928434, 40.803843 ], [ -73.97148, 40.742707 ], [ -73.977783, 40.710103 ], [ -74.066074, 40.697901 ], [ -74.066786, 40.666016 ], [ -74.085686, 40.674903 ], [ -74.095587, 40.677103 ], [ -74.102986, 40.674403 ], [ -74.070091, 40.661105 ], [ -74.145828, 40.644509 ], [ -74.092378, 40.738907 ], [ -74.202689, 40.633703 ], [ -74.218118, 40.561875 ], [ -74.25249, 40.553705 ], [ -74.287842, 40.496257 ], [ -74.261902, 40.464711 ], [ -73.987886, 40.406821 ], [ -73.981065, 40.38493 ], [ -74.024083, 40.394609 ], [ -74.077468, 40.357118 ], [ -73.978844, 40.375951 ], [ -74.04722, 40.317936 ], [ -73.997308, 40.330541 ], [ -74.009082, 40.307011 ], [ -73.973582, 40.368707 ], [ -73.992578, 40.445607 ], [ -74.017184, 40.475707 ], [ -73.978283, 40.440208 ], [ -73.971029, 40.361507 ], [ -73.97424, 40.302695 ], [ -74.097072, 39.767847 ], [ -74.118524, 39.78308 ], [ -74.095655, 39.782211 ], [ -74.0793, 39.936831 ], [ -74.198385, 39.950666 ], [ -74.105082, 39.929918 ], [ -74.130356, 39.872876 ], [ -74.162492, 39.870165 ], [ -74.128556, 39.859488 ], [ -74.192643, 39.763622 ], [ -74.195808, 39.73571 ], [ -74.182934, 39.719859 ], [ -74.15991, 39.714112 ], [ -74.158509, 39.710977 ], [ -74.261793, 39.605292 ], [ -74.336872, 39.579179 ], [ -74.298049, 39.538398 ], [ -74.307184, 39.507662 ], [ -74.334703, 39.548192 ], [ -74.394117, 39.537818 ], [ -74.403561, 39.561101 ], [ -74.413091, 39.550413 ], [ -74.417106, 39.561168 ], [ -74.461527, 39.556705 ], [ -74.41835, 39.555172 ], [ -74.377016, 39.482869 ], [ -74.410856, 39.486421 ], [ -74.418825, 39.475429 ], [ -74.392248, 39.442805 ], [ -74.446186, 39.457253 ], [ -74.491396, 39.399017 ], [ -74.447133, 39.361757 ], [ -74.520454, 39.386832 ], [ -74.5674, 39.303316 ], [ -74.655332, 39.317156 ], [ -74.614641, 39.283054 ], [ -74.626862, 39.273551 ], [ -74.627442, 39.248099 ], [ -74.647033, 39.239992 ], [ -74.648483, 39.228931 ], [ -74.665957, 39.228202 ], [ -74.670133, 39.205571 ], [ -74.710427, 39.184836 ], [ -74.700307, 39.15728 ], [ -74.750069, 39.148498 ], [ -74.717491, 39.127957 ], [ -74.758388, 39.13367 ], [ -74.753418, 39.103267 ], [ -74.797114, 39.092967 ], [ -74.765461, 39.057886 ], [ -74.810379, 39.071305 ], [ -74.826113, 39.049994 ], [ -74.801898, 39.035367 ], [ -74.850423, 39.021719 ], [ -74.852637, 38.998023 ], [ -74.840973, 38.990249 ], [ -74.845514, 38.981665 ], [ -74.906133, 38.95111 ], [ -74.870639, 38.943425 ], [ -74.971996, 38.94037 ], [ -74.892546, 39.113193 ], [ -74.900479, 39.172084 ], [ -75.035672, 39.215415 ], [ -75.139136, 39.180022 ], [ -75.251277, 39.299661 ], [ -75.288633, 39.289191 ], [ -75.465212, 39.438931 ], [ -75.536845, 39.460902 ], [ -75.513614, 39.564721 ], [ -75.565636, 39.558509 ], [ -75.58944, 39.460813 ], [ -75.402965, 39.254627 ], [ -75.402035, 39.066886 ], [ -75.318354, 38.988192 ], [ -75.305544, 38.914786 ], [ -75.190553, 38.806861 ], [ -75.087101, 38.790102 ], [ -75.061906, 38.608894 ], [ -75.077673, 38.694256 ], [ -75.16172, 38.703359 ], [ -75.126333, 38.643137 ], [ -75.182283, 38.667027 ], [ -75.188239, 38.658924 ], [ -75.100581, 38.617423 ], [ -75.168339, 38.619924 ], [ -75.184972, 38.592571 ], [ -75.245814, 38.592671 ], [ -75.257523, 38.584684 ], [ -75.257965, 38.590092 ], [ -75.275622, 38.586454 ], [ -75.274569, 38.592703 ], [ -75.281102, 38.595749 ], [ -75.282794, 38.593552 ], [ -75.287023, 38.595796 ], [ -75.289064, 38.595133 ], [ -75.275739, 38.584668 ], [ -75.266058, 38.581711 ], [ -75.182474, 38.583895 ], [ -75.226633, 38.558457 ], [ -75.204094, 38.556238 ], [ -75.117337, 38.592122 ], [ -75.101973, 38.550536 ], [ -75.059295, 38.60777 ], [ -75.049329, 38.444541 ], [ -75.061378, 38.389455 ], [ -75.085839, 38.324233 ], [ -75.055986, 38.427784 ], [ -75.057383, 38.506321 ], [ -75.103773, 38.508996 ], [ -75.066174, 38.481008 ], [ -75.088631, 38.4911 ], [ -75.118275, 38.483445 ], [ -75.081493, 38.482495 ], [ -75.063524, 38.462834 ], [ -75.066317, 38.44642 ], [ -75.133032, 38.448645 ], [ -75.100599, 38.389991 ], [ -75.19042, 38.430283 ], [ -75.172891, 38.408832 ], [ -75.196286, 38.406795 ], [ -75.196353, 38.401393 ], [ -75.123109, 38.378738 ], [ -75.166898, 38.35688 ], [ -75.128905, 38.339749 ], [ -75.117227, 38.368268 ], [ -75.092894, 38.329332 ], [ -75.191833, 38.207504 ], [ -75.190255, 38.259331 ], [ -75.245438, 38.231092 ], [ -75.297045, 38.099448 ], [ -75.334273, 38.106291 ], [ -75.37537, 38.008046 ], [ -75.432574, 37.992239 ], [ -75.430322, 37.94904 ], [ -75.447638, 37.94176 ], [ -75.445756, 37.906139 ], [ -75.500134, 37.869928 ], [ -75.478782, 37.85414 ], [ -75.512551, 37.84727 ], [ -75.541408, 37.793206 ], [ -75.534721, 37.778575 ], [ -75.561574, 37.740553 ], [ -75.613729, 37.708583 ], [ -75.605901, 37.677475 ], [ -75.697536, 37.588291 ], [ -75.663592, 37.574118 ], [ -75.69037, 37.556836 ], [ -75.674673, 37.529844 ], [ -75.700544, 37.522769 ], [ -75.704893, 37.55894 ], [ -75.716452, 37.557084 ], [ -75.755214, 37.517263 ], [ -75.720595, 37.493441 ], [ -75.806235, 37.472108 ], [ -75.746781, 37.544458 ], [ -75.744551, 37.561171 ], [ -75.728311, 37.575075 ], [ -75.732338, 37.575348 ], [ -75.763466, 37.558383 ], [ -75.784823, 37.504796 ], [ -75.778919, 37.535174 ], [ -75.809852, 37.512492 ], [ -75.794454, 37.490032 ], [ -75.832709, 37.443741 ], [ -75.813212, 37.415813 ], [ -75.880521, 37.381436 ], [ -75.916286, 37.311829 ], [ -75.941469, 37.134177 ], [ -75.971288, 37.116549 ], [ -76.01407, 37.210496 ], [ -75.985281, 37.227138 ], [ -75.98702, 37.260607 ], [ -76.002688, 37.234964 ], [ -76.025754, 37.257408 ], [ -75.983223, 37.2808 ], [ -76.0154, 37.281717 ], [ -76.003405, 37.307168 ], [ -75.96616, 37.313223 ], [ -75.992889, 37.334114 ], [ -76.020089, 37.297468 ], [ -76.018645, 37.31782 ], [ -75.987925, 37.36809 ], [ -75.977794, 37.355823 ], [ -75.957232, 37.360042 ], [ -75.9817, 37.365551 ], [ -75.984005, 37.386316 ], [ -75.964555, 37.391793 ], [ -75.944211, 37.37877 ], [ -75.937239, 37.382227 ], [ -75.974833, 37.405205 ], [ -75.929291, 37.414071 ], [ -75.952052, 37.425105 ], [ -75.938992, 37.433554 ], [ -75.930494, 37.442597 ], [ -75.980773, 37.402387 ], [ -75.962143, 37.466013 ], [ -75.888839, 37.479698 ], [ -75.920178, 37.48362 ], [ -75.910665, 37.495683 ], [ -75.891301, 37.493732 ], [ -75.885091, 37.499315 ], [ -75.893121, 37.524251 ], [ -75.963295, 37.474689 ], [ -75.938622, 37.543626 ], [ -75.844729, 37.54797 ], [ -75.828431, 37.567777 ], [ -75.941182, 37.563839 ], [ -75.884492, 37.574222 ], [ -75.926397, 37.594812 ], [ -75.90584, 37.626886 ], [ -75.871765, 37.592875 ], [ -75.830345, 37.632383 ], [ -75.883657, 37.611924 ], [ -75.893137, 37.64554 ], [ -75.841818, 37.670039 ], [ -75.837686, 37.712986 ], [ -75.80343, 37.726837 ], [ -75.825243, 37.741329 ], [ -75.772248, 37.757101 ], [ -75.78259, 37.78018 ], [ -75.808721, 37.782632 ], [ -75.815443, 37.785654 ], [ -75.818587, 37.791606 ], [ -75.712682, 37.795129 ], [ -75.714487, 37.837777 ], [ -75.67963, 37.853362 ], [ -75.694171, 37.893368 ], [ -75.670798, 37.904241 ], [ -75.65644, 37.903392 ], [ -75.655922, 37.899271 ], [ -75.648961, 37.895697 ], [ -75.646563, 37.896452 ], [ -75.65615, 37.905017 ], [ -75.668689, 37.906484 ], [ -75.669901, 37.910261 ], [ -75.708616, 37.89996 ], [ -75.730786, 37.92019 ], [ -75.641482, 37.936809 ], [ -75.62299, 37.994353 ], [ -75.662604, 37.961195 ], [ -75.714254, 37.989008 ], [ -75.73752, 37.962606 ], [ -75.73568, 37.979341 ], [ -75.749181, 37.988096 ], [ -75.747337, 37.991389 ], [ -75.750829, 37.991995 ], [ -75.746952, 37.969607 ], [ -75.819354, 37.966898 ], [ -75.818455, 37.940389 ], [ -75.848508, 37.923855 ], [ -75.8517, 38.004008 ], [ -75.89861, 37.973346 ], [ -75.858589, 38.010873 ], [ -75.872555, 38.03543 ], [ -75.817228, 38.01898 ], [ -75.826337, 38.046913 ], [ -75.781791, 38.038761 ], [ -75.804018, 38.049867 ], [ -75.754759, 38.073706 ], [ -75.773399, 38.093377 ], [ -75.762049, 38.085178 ], [ -75.754632, 38.088746 ], [ -75.749652, 38.086213 ], [ -75.744933, 38.088607 ], [ -75.757174, 38.09843 ], [ -75.799206, 38.093566 ], [ -75.800514, 38.062022 ], [ -75.871503, 38.05887 ], [ -75.873614, 38.090161 ], [ -75.854552, 38.082273 ], [ -75.850471, 38.087791 ], [ -75.860667, 38.089435 ], [ -75.867305, 38.0963 ], [ -75.864209, 38.101108 ], [ -75.842199, 38.11318 ], [ -75.853955, 38.101891 ], [ -75.851112, 38.094704 ], [ -75.828115, 38.099379 ], [ -75.838406, 38.125555 ], [ -75.768333, 38.132922 ], [ -75.788238, 38.145975 ], [ -75.758234, 38.152215 ], [ -75.749651, 38.158529 ], [ -75.747977, 38.163313 ], [ -75.741803, 38.165697 ], [ -75.741022, 38.167024 ], [ -75.808269, 38.140438 ], [ -75.855965, 38.170028 ], [ -75.869187, 38.134381 ], [ -75.951973, 38.176239 ], [ -75.826747, 38.216274 ], [ -75.861401, 38.232723 ], [ -75.802572, 38.252848 ], [ -75.794703, 38.265322 ], [ -75.774581, 38.2693 ], [ -75.760712, 38.285941 ], [ -75.758488, 38.298291 ], [ -75.762563, 38.304616 ], [ -75.759454, 38.30997 ], [ -75.763205, 38.305532 ], [ -75.76153, 38.290286 ], [ -75.779691, 38.269004 ], [ -75.875816, 38.255466 ], [ -75.891975, 38.227828 ], [ -75.9202, 38.264202 ], [ -75.833064, 38.387275 ], [ -75.849154, 38.403958 ], [ -75.816025, 38.43546 ], [ -75.834509, 38.446102 ], [ -75.812069, 38.464737 ], [ -75.81945, 38.482769 ], [ -75.851429, 38.412381 ], [ -75.852846, 38.39812 ], [ -75.842864, 38.387433 ], [ -75.940961, 38.306733 ], [ -75.947982, 38.237701 ], [ -75.972212, 38.233301 ], [ -76.018584, 38.309175 ], [ -75.971295, 38.31902 ], [ -75.947825, 38.348483 ], [ -76.013197, 38.375121 ], [ -76.016683, 38.33243 ], [ -76.062653, 38.305291 ], [ -76.026471, 38.281436 ], [ -76.061448, 38.250123 ], [ -76.044339, 38.243742 ], [ -76.032625, 38.216455 ], [ -76.107069, 38.261518 ], [ -76.072843, 38.267936 ], [ -76.106653, 38.303299 ], [ -76.149477, 38.271846 ], [ -76.131448, 38.308072 ], [ -76.223867, 38.39522 ], [ -76.228118, 38.349895 ], [ -76.274495, 38.364866 ], [ -76.332236, 38.474729 ], [ -76.328652, 38.501025 ], [ -76.283596, 38.504158 ], [ -76.305328, 38.48021 ], [ -76.291852, 38.458031 ], [ -76.273225, 38.451849 ], [ -76.284275, 38.482542 ], [ -76.247357, 38.523804 ], [ -76.211284, 38.512876 ], [ -76.223271, 38.539904 ], [ -76.196487, 38.516289 ], [ -76.180842, 38.527183 ], [ -76.183795, 38.506185 ], [ -76.158942, 38.500454 ], [ -76.174665, 38.529952 ], [ -76.141834, 38.518134 ], [ -76.123072, 38.528067 ], [ -76.206863, 38.53636 ], [ -76.14702, 38.572564 ], [ -76.18449, 38.589378 ], [ -76.184105, 38.561653 ], [ -76.212786, 38.557118 ], [ -76.197023, 38.583111 ], [ -76.202565, 38.59239 ], [ -76.234957, 38.540243 ], [ -76.238296, 38.601626 ], [ -76.244017, 38.537447 ], [ -76.271497, 38.577165 ], [ -76.278106, 38.532468 ], [ -76.308322, 38.572022 ], [ -76.260518, 38.602611 ], [ -76.27618, 38.603578 ], [ -76.289296, 38.629386 ], [ -76.211112, 38.59985 ], [ -76.202599, 38.613012 ], [ -76.170062, 38.629226 ], [ -76.180792, 38.598333 ], [ -76.140818, 38.605566 ], [ -76.11099, 38.570499 ], [ -76.111919, 38.583425 ], [ -76.090451, 38.592776 ], [ -76.086748, 38.593029 ], [ -76.081702, 38.592069 ], [ -76.022987, 38.554068 ], [ -75.967545, 38.586594 ], [ -75.937239, 38.676759 ], [ -76.012581, 38.72532 ], [ -75.992719, 38.7375 ], [ -75.996004, 38.75634 ], [ -76.015152, 38.724657 ], [ -75.950472, 38.673807 ], [ -76.028689, 38.578904 ], [ -76.037781, 38.593899 ], [ -76.017889, 38.598723 ], [ -76.024352, 38.622253 ], [ -76.036023, 38.618 ], [ -76.040584, 38.586599 ], [ -76.075555, 38.632336 ], [ -76.114032, 38.614991 ], [ -76.089662, 38.659442 ], [ -76.148588, 38.638605 ], [ -76.155116, 38.659433 ], [ -76.129145, 38.656219 ], [ -76.091336, 38.688088 ], [ -76.176862, 38.675258 ], [ -76.091614, 38.713711 ], [ -76.140682, 38.709246 ], [ -76.136678, 38.730927 ], [ -76.072157, 38.732218 ], [ -76.11798, 38.738248 ], [ -76.095742, 38.768039 ], [ -76.146809, 38.744892 ], [ -76.152555, 38.704681 ], [ -76.162914, 38.736383 ], [ -76.189329, 38.715214 ], [ -76.199552, 38.670252 ], [ -76.220081, 38.697541 ], [ -76.195579, 38.707272 ], [ -76.227499, 38.697892 ], [ -76.23851, 38.736191 ], [ -76.216645, 38.720062 ], [ -76.18696, 38.723932 ], [ -76.18296, 38.740619 ], [ -76.253901, 38.7732 ], [ -76.241062, 38.806674 ], [ -76.264296, 38.787824 ], [ -76.243898, 38.749301 ], [ -76.291259, 38.757102 ], [ -76.254898, 38.740469 ], [ -76.290376, 38.730044 ], [ -76.271048, 38.708834 ], [ -76.299113, 38.718898 ], [ -76.304593, 38.752204 ], [ -76.270808, 38.77165 ], [ -76.265124, 38.796151 ], [ -76.289637, 38.813816 ], [ -76.272937, 38.78455 ], [ -76.313943, 38.77967 ], [ -76.325493, 38.717039 ], [ -76.34283, 38.748532 ], [ -76.302267, 38.825647 ], [ -76.253638, 38.862972 ], [ -76.265414, 38.829133 ], [ -76.228275, 38.822329 ], [ -76.221674, 38.785504 ], [ -76.168729, 38.742701 ], [ -76.122198, 38.78712 ], [ -76.179652, 38.775602 ], [ -76.16028, 38.827141 ], [ -76.197287, 38.798283 ], [ -76.17283, 38.842431 ], [ -76.194134, 38.833689 ], [ -76.191854, 38.859162 ], [ -76.159281, 38.843641 ], [ -76.160231, 38.879886 ], [ -76.11099, 38.856405 ], [ -76.121721, 38.880603 ], [ -76.062457, 38.885951 ], [ -76.102137, 38.887569 ], [ -76.101201, 38.941399 ], [ -76.106794, 38.887957 ], [ -76.13517, 38.915946 ], [ -76.165552, 38.909387 ], [ -76.146933, 38.943803 ], [ -76.16228, 38.977199 ], [ -76.174079, 38.892864 ], [ -76.205815, 38.852546 ], [ -76.197859, 38.892476 ], [ -76.184776, 38.900983 ], [ -76.177003, 38.930742 ], [ -76.205063, 38.892727 ], [ -76.202145, 38.936417 ], [ -76.246204, 38.97024 ], [ -76.146751, 38.996757 ], [ -76.184208, 39.046265 ], [ -76.136318, 39.035796 ], [ -76.150528, 39.079421 ], [ -76.071197, 39.055882 ], [ -76.101522, 39.093128 ], [ -76.145394, 39.092125 ], [ -76.078181, 39.1179 ], [ -76.067662, 39.138743 ], [ -76.076009, 39.148674 ], [ -76.050173, 39.158973 ], [ -76.028893, 39.152515 ], [ -76.019102, 39.158508 ], [ -76.004349, 39.15198 ], [ -76.000173, 39.153511 ], [ -76.008076, 39.160678 ], [ -76.041764, 39.161421 ], [ -76.040848, 39.181423 ], [ -76.064726, 39.190648 ], [ -76.061475, 39.208537 ], [ -76.071608, 39.187424 ], [ -76.044615, 39.16767 ], [ -76.168935, 39.094416 ], [ -76.120239, 39.175597 ], [ -76.162861, 39.12723 ], [ -76.167091, 39.175336 ], [ -76.190378, 39.176482 ], [ -76.172193, 39.112176 ], [ -76.194764, 39.08964 ], [ -76.203459, 39.119201 ], [ -76.227545, 39.130383 ], [ -76.203298, 39.086316 ], [ -76.228001, 39.05358 ], [ -76.261401, 39.140455 ], [ -76.240593, 39.169969 ], [ -76.278196, 39.152157 ], [ -76.214632, 39.267493 ], [ -76.183144, 39.2377 ], [ -76.200053, 39.280122 ], [ -76.18106, 39.291886 ], [ -76.174294, 39.269192 ], [ -76.147015, 39.275373 ], [ -76.185751, 39.31916 ], [ -76.110122, 39.372329 ], [ -76.032341, 39.348144 ], [ -76.023608, 39.361535 ], [ -76.005033, 39.366353 ], [ -75.995704, 39.37131 ], [ -75.992295, 39.371707 ], [ -75.978252, 39.343769 ], [ -75.966945, 39.372086 ], [ -75.883097, 39.35974 ], [ -75.885379, 39.381135 ], [ -75.943947, 39.371012 ], [ -75.94595, 39.377966 ], [ -75.937844, 39.374239 ], [ -75.928257, 39.382063 ], [ -75.912657, 39.382358 ], [ -75.905164, 39.386773 ], [ -75.921236, 39.395176 ], [ -75.979478, 39.370706 ], [ -76.041346, 39.392704 ], [ -75.946025, 39.474455 ], [ -75.861461, 39.455424 ], [ -75.92485, 39.48814 ], [ -75.826988, 39.567409 ], [ -75.835821, 39.569985 ], [ -75.839149, 39.579089 ], [ -75.847429, 39.582119 ], [ -76.00588, 39.449382 ], [ -75.944804, 39.592331 ], [ -76.005524, 39.538834 ], [ -76.032732, 39.570045 ], [ -76.09602, 39.536946 ], [ -76.133275, 39.48861 ], [ -76.060699, 39.447982 ], [ -76.180075, 39.37761 ], [ -76.166874, 39.39841 ], [ -76.221592, 39.389214 ], [ -76.227877, 39.412809 ], [ -76.228877, 39.378709 ], [ -76.185876, 39.382009 ], [ -76.226977, 39.349909 ], [ -76.254978, 39.376409 ], [ -76.219086, 39.475514 ], [ -76.250778, 39.461809 ], [ -76.254778, 39.412309 ], [ -76.276079, 39.417208 ], [ -76.286773, 39.411345 ], [ -76.253929, 39.336769 ], [ -76.281778, 39.299409 ], [ -76.32368, 39.357208 ], [ -76.306511, 39.385239 ], [ -76.344555, 39.391792 ], [ -76.350982, 39.407308 ], [ -76.355682, 39.410008 ], [ -76.365582, 39.412308 ], [ -76.373182, 39.381307 ], [ -76.39258, 39.380608 ], [ -76.398982, 39.384608 ], [ -76.407783, 39.386108 ], [ -76.408467, 39.38532 ], [ -76.411908, 39.386289 ], [ -76.414556, 39.385592 ], [ -76.372486, 39.367788 ], [ -76.338276, 39.3737 ], [ -76.32828, 39.334908 ], [ -76.385472, 39.345616 ], [ -76.360281, 39.330008 ], [ -76.38845, 39.326805 ], [ -76.364181, 39.312008 ], [ -76.383977, 39.298607 ], [ -76.402882, 39.336108 ], [ -76.410883, 39.308108 ], [ -76.443383, 39.327508 ], [ -76.399182, 39.295708 ], [ -76.41832, 39.284101 ], [ -76.381681, 39.284808 ], [ -76.407482, 39.247608 ], [ -76.437184, 39.254509 ], [ -76.431383, 39.290708 ], [ -76.490487, 39.304205 ], [ -76.479863, 39.322021 ], [ -76.505281, 39.306301 ], [ -76.450383, 39.271608 ], [ -76.455346, 39.246749 ], [ -76.398681, 39.237908 ], [ -76.442454, 39.195391 ], [ -76.436793, 39.228967 ], [ -76.500984, 39.208408 ], [ -76.464781, 39.262508 ], [ -76.474284, 39.273308 ], [ -76.498476, 39.262816 ], [ -76.488621, 39.251027 ], [ -76.519802, 39.223097 ], [ -76.533644, 39.266557 ], [ -76.631327, 39.269152 ], [ -76.560987, 39.238808 ], [ -76.590179, 39.211915 ], [ -76.57598, 39.190425 ], [ -76.609788, 39.182308 ], [ -76.580517, 39.185079 ], [ -76.587693, 39.166804 ], [ -76.597594, 39.160305 ], [ -76.599687, 39.154208 ], [ -76.569687, 39.177109 ], [ -76.573987, 39.218108 ], [ -76.550986, 39.217508 ], [ -76.517185, 39.171309 ], [ -76.559686, 39.143609 ], [ -76.512976, 39.172319 ], [ -76.523373, 39.13841 ], [ -76.477883, 39.166609 ], [ -76.440083, 39.137609 ], [ -76.471983, 39.13521 ], [ -76.447926, 39.131623 ], [ -76.444982, 39.12761 ], [ -76.450849, 39.129894 ], [ -76.475383, 39.12841 ], [ -76.480986, 39.122411 ], [ -76.440402, 39.114016 ], [ -76.438982, 39.13291 ], [ -76.428682, 39.13171 ], [ -76.421882, 39.08141 ], [ -76.433782, 39.058511 ], [ -76.445482, 39.08641 ], [ -76.437582, 39.09141 ], [ -76.433882, 39.08201 ], [ -76.431282, 39.08521 ], [ -76.422482, 39.08181 ], [ -76.422782, 39.08311 ], [ -76.445083, 39.104307 ], [ -76.504191, 39.078127 ], [ -76.512684, 39.10231 ], [ -76.541587, 39.10971 ], [ -76.533785, 39.06661 ], [ -76.439082, 39.052911 ], [ -76.394081, 39.011311 ], [ -76.422781, 38.985812 ], [ -76.427381, 38.989612 ], [ -76.415988, 39.011506 ], [ -76.415888, 39.015701 ], [ -76.417685, 39.019296 ], [ -76.446682, 39.022511 ], [ -76.437311, 38.9954 ], [ -76.449882, 39.002012 ], [ -76.452782, 38.995612 ], [ -76.455282, 39.007212 ], [ -76.471983, 39.014811 ], [ -76.450285, 38.993009 ], [ -76.454582, 38.974512 ], [ -76.548173, 39.067415 ], [ -76.565886, 39.06291 ], [ -76.57413, 39.076382 ], [ -76.579691, 39.069207 ], [ -76.599487, 39.08301 ], [ -76.612488, 39.08401 ], [ -76.614388, 39.07741 ], [ -76.616588, 39.08151 ], [ -76.619188, 39.08101 ], [ -76.450283, 38.941116 ], [ -76.46938, 38.907614 ], [ -76.536784, 38.966912 ], [ -76.606286, 38.977011 ], [ -76.571686, 38.953711 ], [ -76.587885, 38.934813 ], [ -76.561986, 38.952607 ], [ -76.547883, 38.921413 ], [ -76.526083, 38.932013 ], [ -76.51059, 38.899503 ], [ -76.505927, 38.896055 ], [ -76.493187, 38.903819 ], [ -76.51088, 38.869215 ], [ -76.516981, 38.897414 ], [ -76.532782, 38.903415 ], [ -76.552482, 38.877614 ], [ -76.519381, 38.872315 ], [ -76.543481, 38.863115 ], [ -76.551384, 38.822475 ], [ -76.523308, 38.825079 ], [ -76.528281, 38.850915 ], [ -76.489879, 38.838715 ], [ -76.539379, 38.774718 ], [ -76.560381, 38.771817 ], [ -76.55378, 38.789917 ], [ -76.55998, 38.798317 ], [ -76.557581, 38.802916 ], [ -76.560081, 38.803416 ], [ -76.567881, 38.767817 ], [ -76.527181, 38.727062 ], [ -76.508921, 38.510689 ], [ -76.387003, 38.361286 ], [ -76.421556, 38.319074 ], [ -76.451558, 38.322918 ], [ -76.429648, 38.331821 ], [ -76.44014, 38.334264 ], [ -76.428657, 38.337406 ], [ -76.425579, 38.34466 ], [ -76.428163, 38.350954 ], [ -76.461904, 38.342369 ], [ -76.455534, 38.3161 ], [ -76.484016, 38.329402 ], [ -76.463747, 38.37662 ], [ -76.47906, 38.358339 ], [ -76.498759, 38.386266 ], [ -76.470888, 38.418182 ], [ -76.481696, 38.442849 ], [ -76.506346, 38.389017 ], [ -76.54149, 38.431529 ], [ -76.554005, 38.401595 ], [ -76.603436, 38.434154 ], [ -76.588141, 38.455283 ], [ -76.59537, 38.47915 ], [ -76.608566, 38.446007 ], [ -76.646054, 38.467499 ], [ -76.671064, 38.618045 ], [ -76.679609, 38.542426 ], [ -76.702551, 38.54372 ], [ -76.673435, 38.514168 ], [ -76.702621, 38.498742 ], [ -76.587388, 38.387426 ], [ -76.50053, 38.358492 ], [ -76.534974, 38.356811 ], [ -76.512151, 38.322863 ], [ -76.499676, 38.339461 ], [ -76.452911, 38.287258 ], [ -76.37345, 38.297724 ], [ -76.398597, 38.255485 ], [ -76.320137, 38.138339 ], [ -76.338767, 38.119496 ], [ -76.33561, 38.131012 ], [ -76.351444, 38.15337 ], [ -76.362839, 38.113742 ], [ -76.333895, 38.105191 ], [ -76.321717, 38.03648 ], [ -76.406151, 38.106861 ], [ -76.382649, 38.121593 ], [ -76.391443, 38.138516 ], [ -76.422604, 38.106223 ], [ -76.441723, 38.15045 ], [ -76.406242, 38.161341 ], [ -76.409803, 38.173449 ], [ -76.437927, 38.159582 ], [ -76.428995, 38.193639 ], [ -76.467753, 38.220162 ], [ -76.44164, 38.190984 ], [ -76.449899, 38.158689 ], [ -76.477674, 38.169715 ], [ -76.45969, 38.139485 ], [ -76.467278, 38.12749 ], [ -76.505151, 38.170098 ], [ -76.526751, 38.167658 ], [ -76.499842, 38.137189 ], [ -76.530418, 38.133581 ], [ -76.556871, 38.210623 ], [ -76.686346, 38.232617 ], [ -76.628609, 38.260449 ], [ -76.627545, 38.28448 ], [ -76.71887, 38.232955 ], [ -76.699847, 38.284635 ], [ -76.703273, 38.294289 ], [ -76.714976, 38.294927 ], [ -76.718273, 38.307306 ], [ -76.727125, 38.312019 ], [ -76.712904, 38.265429 ], [ -76.778625, 38.228471 ], [ -76.841856, 38.33676 ], [ -76.801787, 38.358573 ], [ -76.838433, 38.351064 ], [ -76.870863, 38.388769 ], [ -76.922773, 38.384323 ], [ -76.860937, 38.365541 ], [ -76.878103, 38.330938 ], [ -76.845875, 38.297924 ], [ -76.870262, 38.290889 ], [ -76.840383, 38.289184 ], [ -76.833671, 38.273556 ], [ -76.840577, 38.266575 ], [ -76.925201, 38.291019 ], [ -76.894676, 38.306894 ], [ -76.977224, 38.355282 ], [ -77.065828, 38.324978 ], [ -77.07175, 38.307679 ], [ -77.059763, 38.288993 ], [ -77.056272, 38.316511 ], [ -77.001754, 38.281646 ], [ -77.000334, 38.278695 ], [ -77.001119, 38.27707 ], [ -77.007823, 38.278973 ], [ -77.01526, 38.271104 ], [ -77.028061, 38.26953 ], [ -77.029137, 38.266235 ], [ -76.961802, 38.255708 ], [ -76.962861, 38.209383 ], [ -76.975598, 38.218304 ], [ -76.983624, 38.20679 ], [ -77.00585, 38.204844 ], [ -77.012292, 38.199057 ], [ -76.771314, 38.168005 ], [ -76.711344, 38.117435 ], [ -76.735378, 38.103787 ], [ -76.733404, 38.097974 ], [ -76.702942, 38.110205 ], [ -76.713, 38.136515 ], [ -76.704275, 38.126722 ], [ -76.695526, 38.128439 ], [ -76.695065, 38.123044 ], [ -76.685617, 38.127272 ], [ -76.705701, 38.146701 ], [ -76.719547, 38.134431 ], [ -76.721722, 38.137635 ], [ -76.701241, 38.160045 ], [ -76.644648, 38.127653 ], [ -76.673252, 38.100661 ], [ -76.652372, 38.096172 ], [ -76.632951, 38.121981 ], [ -76.643449, 38.14825 ], [ -76.610578, 38.148956 ], [ -76.521543, 38.046343 ], [ -76.546524, 38.023164 ], [ -76.473654, 38.015421 ], [ -76.471041, 37.98834 ], [ -76.236743, 37.888644 ], [ -76.267213, 37.816484 ], [ -76.316168, 37.829285 ], [ -76.315108, 37.783236 ], [ -76.306224, 37.788705 ], [ -76.28543, 37.783896 ], [ -76.325719, 37.767166 ], [ -76.304617, 37.730043 ], [ -76.335749, 37.746431 ], [ -76.334945, 37.765746 ], [ -76.340943, 37.766134 ], [ -76.339229, 37.726286 ], [ -76.302545, 37.689 ], [ -76.351384, 37.716143 ], [ -76.324779, 37.671054 ], [ -76.367239, 37.688142 ], [ -76.335517, 37.66098 ], [ -76.370756, 37.656025 ], [ -76.331623, 37.634474 ], [ -76.370026, 37.642588 ], [ -76.366336, 37.635219 ], [ -76.319619, 37.627196 ], [ -76.306465, 37.642006 ], [ -76.287959, 37.631771 ], [ -76.279162, 37.614746 ], [ -76.303012, 37.633491 ], [ -76.361428, 37.608628 ], [ -76.439732, 37.652152 ], [ -76.419811, 37.647641 ], [ -76.400344, 37.658691 ], [ -76.43406, 37.655402 ], [ -76.422281, 37.675109 ], [ -76.448685, 37.649153 ], [ -76.472443, 37.665813 ], [ -76.43743, 37.683535 ], [ -76.457744, 37.711366 ], [ -76.420891, 37.717914 ], [ -76.40838, 37.733751 ], [ -76.477965, 37.704014 ], [ -76.51367, 37.737753 ], [ -76.501014, 37.742806 ], [ -76.482523, 37.762358 ], [ -76.483477, 37.766455 ], [ -76.51502, 37.745833 ], [ -76.51305, 37.719768 ], [ -76.478218, 37.694332 ], [ -76.503584, 37.696891 ], [ -76.47746, 37.677508 ], [ -76.510188, 37.642324 ], [ -76.5883, 37.77539 ], [ -76.726457, 37.836358 ], [ -76.798777, 37.925727 ], [ -76.856892, 37.930818 ], [ -76.793988, 37.895289 ], [ -76.723863, 37.788503 ], [ -76.617748, 37.743125 ], [ -76.542667, 37.616858 ], [ -76.433258, 37.613997 ], [ -76.445051, 37.581195 ], [ -76.29888, 37.561162 ], [ -76.343963, 37.549576 ], [ -76.32789, 37.54397 ], [ -76.329008, 37.530739 ], [ -76.330703, 37.525337 ], [ -76.332972, 37.522796 ], [ -76.403994, 37.541658 ], [ -76.415298, 37.52099 ], [ -76.416965, 37.52273 ], [ -76.415355, 37.523485 ], [ -76.413743, 37.533122 ], [ -76.415064, 37.536075 ], [ -76.413052, 37.537425 ], [ -76.412073, 37.540698 ], [ -76.412821, 37.541019 ], [ -76.418199, 37.530032 ], [ -76.41705, 37.52447 ], [ -76.421362, 37.52193 ], [ -76.415012, 37.516092 ], [ -76.422916, 37.512065 ], [ -76.43142, 37.529783 ], [ -76.445991, 37.518543 ], [ -76.510678, 37.558617 ], [ -76.54496, 37.559633 ], [ -76.471881, 37.511718 ], [ -76.415732, 37.507347 ], [ -76.403597, 37.52948 ], [ -76.362517, 37.522924 ], [ -76.327391, 37.4857 ], [ -76.279135, 37.474686 ], [ -76.32216, 37.468257 ], [ -76.311763, 37.447884 ], [ -76.278449, 37.465483 ], [ -76.251333, 37.435966 ], [ -76.258277, 37.36202 ], [ -76.31733, 37.374325 ], [ -76.272391, 37.355662 ], [ -76.284728, 37.334835 ], [ -76.271458, 37.329543 ], [ -76.272124, 37.316357 ], [ -76.276197, 37.309536 ], [ -76.336343, 37.36116 ], [ -76.329609, 37.39924 ], [ -76.362338, 37.426631 ], [ -76.351955, 37.441469 ], [ -76.360257, 37.447189 ], [ -76.369915, 37.424957 ], [ -76.341829, 37.388823 ], [ -76.354385, 37.368686 ], [ -76.411704, 37.443146 ], [ -76.403762, 37.41817 ], [ -76.443311, 37.42241 ], [ -76.439351, 37.454411 ], [ -76.452674, 37.419153 ], [ -76.405946, 37.368536 ], [ -76.452084, 37.37949 ], [ -76.458227, 37.395009 ], [ -76.479346, 37.398849 ], [ -76.491697, 37.416469 ], [ -76.50139, 37.417933 ], [ -76.503439, 37.401888 ], [ -76.461324, 37.386973 ], [ -76.489448, 37.359517 ], [ -76.402404, 37.337244 ], [ -76.465063, 37.318878 ], [ -76.468439, 37.33147 ], [ -76.483784, 37.344158 ], [ -76.488696, 37.309183 ], [ -76.381188, 37.292524 ], [ -76.388244, 37.262942 ], [ -76.463154, 37.249711 ], [ -76.504724, 37.245418 ], [ -76.780141, 37.524366 ], [ -76.806322, 37.505167 ], [ -76.58341, 37.274323 ], [ -76.392644, 37.198479 ], [ -76.393309, 37.174084 ], [ -76.427732, 37.195101 ], [ -76.453591, 37.180464 ], [ -76.407588, 37.173514 ], [ -76.43655, 37.162657 ], [ -76.430518, 37.137201 ], [ -76.445751, 37.138417 ], [ -76.446167, 37.135153 ], [ -76.448647, 37.136369 ], [ -76.449463, 37.135825 ], [ -76.449799, 37.134145 ], [ -76.411381, 37.135249 ], [ -76.399388, 37.160271 ], [ -76.358021, 37.130869 ], [ -76.371155, 37.149184 ], [ -76.349762, 37.170719 ], [ -76.292877, 37.127565 ], [ -76.343488, 37.10021 ], [ -76.363043, 37.120145 ], [ -76.378149, 37.120322 ], [ -76.3881, 37.109345 ], [ -76.337766, 37.091544 ], [ -76.362393, 37.063377 ], [ -76.359264, 37.061053 ], [ -76.364569, 37.051247 ], [ -76.361467, 37.047846 ], [ -76.319465, 37.098045 ], [ -76.302155, 37.066248 ], [ -76.291555, 37.10914 ], [ -76.271263, 37.084544 ], [ -76.304272, 37.001379 ], [ -76.294368, 37.03516 ], [ -76.420069, 36.961348 ], [ -76.561976, 37.113941 ], [ -76.555067, 37.075859 ], [ -76.628685, 37.125427 ], [ -76.604473, 37.16004 ], [ -76.647549, 37.219906 ], [ -76.767993, 37.219176 ], [ -76.774121, 37.212197 ], [ -76.873404, 37.264276 ], [ -76.940653, 37.237446 ], [ -76.990648, 37.302627 ], [ -77.015572, 37.312771 ], [ -77.073645, 37.27307 ], [ -77.070417, 37.327746 ], [ -77.222373, 37.312801 ], [ -77.186966, 37.284997 ], [ -77.093192, 37.307694 ], [ -77.085788, 37.271627 ], [ -77.063192, 37.259958 ], [ -77.00724, 37.302125 ], [ -76.985515, 37.244988 ], [ -77.01236, 37.233546 ], [ -77.019177, 37.22128 ], [ -77.018922, 37.216451 ], [ -76.979099, 37.239933 ], [ -76.90082, 37.199426 ], [ -76.802682, 37.206502 ], [ -76.737281, 37.146164 ], [ -76.685614, 37.198851 ], [ -76.665902, 37.049876 ], [ -76.576348, 37.020884 ], [ -76.579872, 36.997983 ], [ -76.609853, 37.007876 ], [ -76.625017, 36.993277 ], [ -76.621968, 36.981968 ], [ -76.562112, 37.003656 ], [ -76.486168, 36.956308 ], [ -76.511035, 36.950039 ], [ -76.496632, 36.923444 ], [ -76.517214, 36.91639 ], [ -76.525575, 36.900026 ], [ -76.541396, 36.890529 ], [ -76.542548, 36.886999 ], [ -76.49164, 36.92186 ], [ -76.483127, 36.89658 ], [ -76.549375, 36.832474 ], [ -76.441606, 36.906116 ], [ -76.341064, 36.860245 ], [ -76.391267, 36.854348 ], [ -76.409167, 36.836248 ], [ -76.402755, 36.805225 ], [ -76.32275, 36.858642 ], [ -76.294169, 36.797624 ], [ -76.291565, 36.839846 ], [ -76.19572, 36.827071 ], [ -76.330253, 36.874853 ], [ -76.311253, 36.904526 ], [ -76.294591, 36.884095 ], [ -76.279752, 36.890626 ], [ -76.332765, 36.914548 ], [ -76.331633, 36.963667 ], [ -76.095755, 36.908334 ], [ -75.996232, 36.922078 ], [ -75.874145, 36.583854 ], [ -75.780192, 36.247372 ], [ -75.569795, 35.863301 ], [ -75.534346, 35.792644 ], [ -75.53963, 35.775572 ], [ -75.633213, 35.952353 ], [ -75.686476, 36.014874 ], [ -75.687629, 35.99601 ], [ -75.728492, 36.004189 ], [ -75.68075, 36.018349 ], [ -75.698086, 36.05993 ], [ -75.736779, 36.04797 ], [ -75.726288, 36.04557 ], [ -75.732292, 36.040918 ], [ -75.738269, 36.041786 ], [ -75.773585, 36.227472 ], [ -75.811063, 36.248635 ], [ -75.78172, 36.24364 ], [ -75.883005, 36.460925 ], [ -75.863797, 36.472786 ], [ -75.893259, 36.473568 ], [ -75.880445, 36.561154 ], [ -75.94215, 36.723251 ], [ -75.972213, 36.71293 ], [ -75.993351, 36.566791 ], [ -75.923147, 36.568354 ], [ -75.901164, 36.487995 ], [ -75.988561, 36.493505 ], [ -75.970276, 36.5246 ], [ -75.99693, 36.529242 ], [ -76.013951, 36.565353 ], [ -76.045453, 36.594252 ], [ -76.059053, 36.596852 ], [ -76.047752, 36.616243 ], [ -76.061154, 36.59465 ], [ -76.025923, 36.517402 ], [ -76.083412, 36.500154 ], [ -76.042323, 36.50337 ], [ -76.012017, 36.446981 ], [ -75.971972, 36.438079 ], [ -75.962273, 36.417016 ], [ -75.996308, 36.430239 ], [ -75.995726, 36.409128 ], [ -75.945242, 36.361468 ], [ -75.924055, 36.425124 ], [ -75.93137, 36.364492 ], [ -75.861568, 36.274517 ], [ -75.794274, 36.071679 ], [ -75.866354, 36.126319 ], [ -75.910062, 36.247599 ], [ -75.959563, 36.259185 ], [ -75.930553, 36.288518 ], [ -75.96342, 36.290897 ], [ -75.967198, 36.33353 ], [ -75.99537, 36.312522 ], [ -76.016384, 36.344882 ], [ -76.045562, 36.360505 ], [ -76.004975, 36.306388 ], [ -75.972278, 36.303785 ], [ -75.992614, 36.297755 ], [ -75.997021, 36.290288 ], [ -75.949022, 36.284945 ], [ -75.970451, 36.266279 ], [ -75.951354, 36.208169 ], [ -75.981055, 36.218786 ], [ -75.991978, 36.200348 ], [ -75.910934, 36.164478 ], [ -76.017743, 36.187347 ], [ -76.132139, 36.295878 ], [ -76.218111, 36.301282 ], [ -76.135368, 36.249647 ], [ -76.120842, 36.221364 ], [ -76.1403, 36.225195 ], [ -76.152482, 36.218971 ], [ -76.149998, 36.214688 ], [ -76.159746, 36.212286 ], [ -76.158222, 36.209401 ], [ -76.080736, 36.198642 ], [ -76.061299, 36.145681 ], [ -76.187913, 36.125527 ], [ -76.289921, 36.221468 ], [ -76.192487, 36.106891 ], [ -76.222251, 36.097063 ], [ -76.373323, 36.138249 ], [ -76.456994, 36.203516 ], [ -76.46651, 36.196302 ], [ -76.468735, 36.181259 ], [ -76.304513, 36.094114 ], [ -76.410507, 36.080785 ], [ -76.513893, 36.006003 ], [ -76.578027, 36.010177 ], [ -76.605999, 36.05605 ], [ -76.648325, 36.035907 ], [ -76.688211, 36.060502 ], [ -76.722291, 36.163951 ], [ -76.67275, 36.282887 ], [ -76.757191, 36.353409 ], [ -76.772951, 36.362 ], [ -76.794018, 36.359892 ], [ -76.699415, 36.28655 ], [ -76.753743, 36.188737 ], [ -76.682155, 35.99322 ], [ -76.721088, 35.936596 ], [ -76.536626, 35.942851 ], [ -76.400061, 35.982895 ], [ -76.367418, 35.930682 ], [ -76.211805, 35.986425 ], [ -76.061186, 35.990411 ], [ -76.01686, 35.946117 ], [ -76.061158, 35.958307 ], [ -76.068982, 35.922517 ], [ -76.107568, 35.950765 ], [ -76.122636, 35.951034 ], [ -76.127224, 35.946617 ], [ -76.066166, 35.906786 ], [ -76.012452, 35.924591 ], [ -76.065347, 35.837387 ], [ -76.037183, 35.687381 ], [ -76.125789, 35.680317 ], [ -76.037251, 35.646415 ], [ -75.983048, 35.772137 ], [ -75.986831, 35.88928 ], [ -75.899289, 35.936093 ], [ -75.810635, 35.922178 ], [ -75.873998, 35.944189 ], [ -75.861937, 35.97669 ], [ -75.783265, 35.934038 ], [ -75.728848, 35.824793 ], [ -75.715528, 35.693275 ], [ -75.777847, 35.692402 ], [ -75.729948, 35.626147 ], [ -75.784309, 35.595391 ], [ -75.767549, 35.580752 ], [ -75.837292, 35.570381 ], [ -75.812375, 35.584217 ], [ -75.818601, 35.603086 ], [ -75.855183, 35.584505 ], [ -75.858126, 35.632052 ], [ -75.868559, 35.628177 ], [ -75.891061, 35.645678 ], [ -75.896618, 35.644099 ], [ -75.881514, 35.574951 ], [ -75.981864, 35.525717 ], [ -75.996109, 35.508375 ], [ -75.962526, 35.494182 ], [ -76.010899, 35.477091 ], [ -76.020842, 35.411299 ], [ -76.060928, 35.436451 ], [ -76.06968, 35.370053 ], [ -76.139447, 35.357883 ], [ -76.153519, 35.325734 ], [ -76.221678, 35.339747 ], [ -76.254046, 35.371294 ], [ -76.231683, 35.392013 ], [ -76.24214, 35.387061 ], [ -76.251008, 35.391709 ], [ -76.255791, 35.390795 ], [ -76.258257, 35.343748 ], [ -76.302582, 35.351109 ], [ -76.280635, 35.367273 ], [ -76.321033, 35.369703 ], [ -76.350128, 35.415304 ], [ -76.343585, 35.348791 ], [ -76.402126, 35.348492 ], [ -76.42057, 35.374303 ], [ -76.361261, 35.365226 ], [ -76.396439, 35.432182 ], [ -76.435551, 35.425455 ], [ -76.437844, 35.388382 ], [ -76.444979, 35.422294 ], [ -76.47133, 35.420778 ], [ -76.470054, 35.371481 ], [ -76.532869, 35.401295 ], [ -76.586737, 35.509283 ], [ -76.487802, 35.504877 ], [ -76.451493, 35.554988 ], [ -76.629267, 35.518936 ], [ -76.575542, 35.388201 ], [ -76.905911, 35.45913 ], [ -77.060316, 35.543957 ], [ -77.021441, 35.498135 ], [ -77.076291, 35.520533 ], [ -76.968216, 35.432982 ], [ -76.925442, 35.448692 ], [ -76.668849, 35.341603 ], [ -76.485085, 35.313976 ], [ -76.506221, 35.274681 ], [ -76.468757, 35.280802 ], [ -76.500199, 35.263023 ], [ -76.47913, 35.246432 ], [ -76.530549, 35.253715 ], [ -76.494935, 35.216908 ], [ -76.550289, 35.24431 ], [ -76.593857, 35.239886 ], [ -76.52047, 35.205628 ], [ -76.526672, 35.184357 ], [ -76.611259, 35.221127 ], [ -76.586029, 35.20206 ], [ -76.627479, 35.205805 ], [ -76.612126, 35.179771 ], [ -76.644873, 35.177899 ], [ -76.649827, 35.200846 ], [ -76.667679, 35.20417 ], [ -76.649496, 35.191984 ], [ -76.680821, 35.158718 ], [ -76.765407, 35.143896 ], [ -76.723891, 35.145202 ], [ -76.739434, 35.126259 ], [ -76.716942, 35.112114 ], [ -76.727148, 35.136476 ], [ -76.684837, 35.132087 ], [ -76.653997, 35.167552 ], [ -76.595103, 35.15381 ], [ -76.614908, 35.127515 ], [ -76.61433, 35.118599 ], [ -76.583922, 35.149416 ], [ -76.57589, 35.134693 ], [ -76.558218, 35.135471 ], [ -76.581084, 35.173712 ], [ -76.536555, 35.150399 ], [ -76.559477, 35.11315 ], [ -76.583444, 35.120749 ], [ -76.569172, 35.098311 ], [ -76.636021, 35.112865 ], [ -76.661443, 35.0826 ], [ -76.595414, 35.092512 ], [ -76.606238, 35.0678 ], [ -76.696422, 35.022629 ], [ -76.729581, 35.041101 ], [ -76.71192, 35.004582 ], [ -76.730285, 35.001738 ], [ -76.74125, 34.995894 ], [ -76.757125, 34.992781 ], [ -76.751502, 34.996213 ], [ -76.760056, 35.015109 ], [ -76.787022, 35.026132 ], [ -76.756539, 34.994979 ], [ -76.803287, 34.964673 ], [ -76.988125, 35.065824 ], [ -77.038004, 35.142206 ], [ -77.07318, 35.152281 ], [ -77.077335, 35.163522 ], [ -77.088963, 35.165392 ], [ -76.97535, 35.001218 ], [ -76.76137, 34.91619 ], [ -76.781754, 34.89323 ], [ -76.76324, 34.90378 ], [ -76.766962, 34.863161 ], [ -76.76188, 34.859999 ], [ -76.752304, 34.922185 ], [ -76.706761, 34.955147 ], [ -76.658125, 34.934835 ], [ -76.683094, 34.897971 ], [ -76.626481, 34.896468 ], [ -76.677446, 34.965842 ], [ -76.630841, 34.988638 ], [ -76.590305, 34.977885 ], [ -76.527939, 34.881867 ], [ -76.543769, 34.929456 ], [ -76.517549, 34.932541 ], [ -76.580766, 34.98881 ], [ -76.553609, 34.983317 ], [ -76.556837, 35.000162 ], [ -76.512694, 35.004413 ], [ -76.5222, 34.977724 ], [ -76.492406, 34.985388 ], [ -76.499114, 34.954081 ], [ -76.488967, 34.960887 ], [ -76.464667, 35.076255 ], [ -76.421469, 35.026336 ], [ -76.42226, 34.978396 ], [ -76.467075, 34.963024 ], [ -76.437837, 34.903581 ], [ -76.447459, 34.938938 ], [ -76.40304, 34.963828 ], [ -76.406804, 34.93589 ], [ -76.314777, 34.902893 ], [ -76.385943, 34.855747 ], [ -76.404486, 34.887134 ], [ -76.414008, 34.828731 ], [ -76.478045, 34.763366 ], [ -76.480899, 34.806578 ], [ -76.524741, 34.761514 ], [ -76.515499, 34.718816 ], [ -76.575461, 34.720447 ], [ -76.566282, 34.777229 ], [ -76.608058, 34.789323 ], [ -76.637603, 34.723323 ], [ -76.616194, 34.707977 ], [ -76.660174, 34.713338 ], [ -76.65896, 34.763166 ], [ -76.721352, 34.798543 ], [ -76.779572, 34.753898 ], [ -76.723861, 34.76108 ], [ -76.69453, 34.715501 ], [ -76.953945, 34.729119 ], [ -76.941325, 34.713575 ], [ -77.092238, 34.672837 ], [ -77.107178, 34.676587 ], [ -77.112197, 34.681531 ], [ -77.074732, 34.711813 ], [ -77.102072, 34.717572 ], [ -77.109741, 34.751078 ], [ -77.133017, 34.767655 ], [ -77.140484, 34.761248 ], [ -77.14281, 34.768254 ], [ -77.149525, 34.768852 ], [ -77.157128, 34.765855 ], [ -77.149968, 34.770248 ], [ -77.150578, 34.772515 ], [ -77.152975, 34.772 ], [ -77.158043, 34.765557 ], [ -77.129087, 34.754855 ], [ -77.116779, 34.68742 ], [ -77.168025, 34.68697 ], [ -77.157052, 34.657824 ], [ -77.218646, 34.651318 ], [ -77.208167, 34.627738 ], [ -77.317353, 34.54638 ], [ -77.403694, 34.58438 ], [ -77.314255, 34.632736 ], [ -77.398262, 34.716226 ], [ -77.355023, 34.72582 ], [ -77.352879, 34.734114 ], [ -77.415215, 34.71662 ], [ -77.434886, 34.751264 ], [ -77.437618, 34.681782 ], [ -77.412515, 34.699905 ], [ -77.370263, 34.63872 ], [ -77.447517, 34.610113 ], [ -77.42844, 34.564811 ], [ -77.361293, 34.551841 ], [ -77.394806, 34.53129 ], [ -77.368798, 34.522444 ], [ -77.537873, 34.460207 ], [ -77.549791, 34.43175 ], [ -77.576117, 34.437568 ], [ -77.573461, 34.425045 ], [ -77.677844, 34.363799 ], [ -77.733652, 34.311988 ], [ -77.824794, 34.208062 ], [ -77.862407, 34.150171 ], [ -77.882351, 34.098796 ], [ -77.892736, 34.036737 ], [ -77.88385, 34.075267 ], [ -77.874384, 34.075671 ], [ -77.937208, 33.928558 ], [ -77.926906, 34.024385 ], [ -78.018206, 33.916648 ], [ -78.170139, 33.929905 ], [ -78.209817, 33.920978 ], [ -78.222403, 33.952358 ], [ -78.231864, 33.922049 ], [ -78.369201, 33.919524 ], [ -78.548259, 33.874114 ], [ -78.553341, 33.848061 ], [ -78.795071, 33.755219 ], [ -79.097428, 33.466926 ], [ -79.168689, 33.327545 ], [ -79.171821, 33.206714 ], [ -79.198288, 33.300086 ], [ -79.270817, 33.30333 ], [ -79.262216, 33.361045 ], [ -79.289653, 33.34012 ], [ -79.292149, 33.295251 ], [ -79.207273, 33.240154 ], [ -79.190812, 33.170207 ], [ -79.37331, 33.047187 ], [ -79.428681, 33.076076 ], [ -79.453361, 33.05895 ], [ -79.421643, 33.062271 ], [ -79.406529, 33.034414 ], [ -79.442235, 33.035038 ], [ -79.40778, 33.032032 ], [ -79.412381, 33.015564 ], [ -79.492874, 33.00017 ], [ -79.453853, 33.073198 ], [ -79.489932, 33.030011 ], [ -79.564523, 33.017673 ], [ -79.617612, 32.952727 ], [ -79.606194, 32.925953 ], [ -79.572614, 32.933885 ], [ -79.576007, 32.906236 ], [ -79.696281, 32.850054 ], [ -79.741537, 32.870937 ], [ -79.80107, 32.815834 ], [ -79.791388, 32.794592 ], [ -79.862624, 32.769425 ], [ -79.931266, 32.801859 ], [ -79.934052, 32.75636 ], [ -79.870336, 32.727777 ], [ -79.905186, 32.676323 ], [ -80.000562, 32.635699 ], [ -79.998488, 32.612263 ], [ -80.185506, 32.568726 ], [ -80.334305, 32.477832 ], [ -80.363957, 32.496099 ], [ -80.413487, 32.470672 ], [ -80.425836, 32.499182 ], [ -80.50681, 32.514962 ], [ -80.586741, 32.499859 ], [ -80.753044, 32.549385 ], [ -80.812058, 32.492997 ], [ -80.855308, 32.531463 ], [ -80.758798, 32.277861 ], [ -80.782124, 32.260166 ], [ -80.79702, 32.230826 ], [ -80.789993, 32.188018 ], [ -80.893816, 32.128777 ], [ -80.900229, 32.119389 ], [ -80.897167, 32.103761 ], [ -80.914724, 32.083623 ], [ -80.881514, 32.079878 ], [ -80.900242, 32.021109 ], [ -80.849152, 32.026545 ], [ -80.841931, 32.002658 ], [ -80.909097, 31.995783 ], [ -80.857315, 31.991096 ], [ -80.906967, 31.944473 ], [ -80.94927, 31.964231 ], [ -81.026162, 31.934404 ], [ -80.934617, 31.909777 ], [ -80.992691, 31.857642 ], [ -81.088917, 31.895608 ], [ -81.089392, 31.85955 ], [ -81.141828, 31.857816 ], [ -81.177611, 31.817384 ], [ -81.183167, 31.79825 ], [ -81.162054, 31.783718 ], [ -81.176354, 31.759362 ], [ -81.16067, 31.728145 ], [ -81.27456, 31.789975 ], [ -81.273624, 31.757016 ], [ -81.131138, 31.695774 ], [ -81.13042, 31.626123 ], [ -81.17308, 31.555908 ], [ -81.192719, 31.577922 ], [ -81.295223, 31.535647 ], [ -81.25889, 31.528556 ], [ -81.331667, 31.477646 ], [ -81.343781, 31.44099 ], [ -81.292019, 31.371802 ], [ -81.336172, 31.370837 ], [ -81.339267, 31.361693 ], [ -81.329406, 31.333667 ], [ -81.414066, 31.341595 ], [ -81.437777, 31.338067 ], [ -81.371586, 31.323272 ], [ -81.402117, 31.304947 ], [ -81.404078, 31.265964 ], [ -81.424271, 31.301834 ], [ -81.433132, 31.303118 ], [ -81.395973, 31.253976 ], [ -81.421932, 31.247952 ], [ -81.445588, 31.20718 ], [ -81.433217, 31.130175 ], [ -81.48369, 31.113028 ], [ -81.434124, 31.083811 ], [ -81.427896, 31.041204 ], [ -81.519454, 30.972233 ], [ -81.503143, 30.92442 ], [ -81.469192, 30.922849 ], [ -81.516293, 30.886678 ], [ -81.485049, 30.843637 ], [ -81.519944, 30.847022 ], [ -81.530084966999937, 30.834758706000059 ], [ -81.902626037999937, 31.54602432300004 ], [ -82.178771972999982, 31.927356720000034 ], [ -82.497451781999985, 32.273212433000026 ], [ -82.895431518999942, 32.620738983000024 ], [ -83.365509032999967, 32.91541290300006 ], [ -83.777328490999935, 33.000915527000075 ], [ -84.147628783999949, 33.015346527000077 ], [ -85.35855102499994, 32.783050537000065 ], [ -86.140914916999975, 32.666633606000062 ], [ -86.677658080999947, 32.544570923000038 ], [ -86.919685363999974, 32.518409729000041 ], [ -87.16728210399998, 32.541347504000044 ], [ -87.491722106999987, 32.629764557000044 ], [ -87.789855956999986, 32.784004211000024 ], [ -88.222976684999935, 33.391323090000071 ], [ -88.275794982999969, 33.642292023000039 ], [ -88.250137328999983, 34.509666443000071 ], [ -88.154495238999971, 34.639442444000053 ], [ -87.802009582999972, 34.897342682000044 ], [ -87.161888122999983, 35.503711700000053 ], [ -86.856399535999969, 35.744098663000045 ], [ -86.528572082999972, 36.107521057000042 ], [ -86.17545318599997, 36.578811646000077 ], [ -85.614562987999989, 37.203575134000062 ], [ -84.937767028999986, 38.189506531000063 ], [ -84.52242279099994, 38.648540497000056 ], [ -84.165267943999936, 39.311832428000059 ], [ -83.669250487999989, 39.877239227000075 ], [ -83.552352904999964, 40.142856598000037 ], [ -83.326148986999954, 40.42776107800006 ], [ -83.175682067999958, 40.767917633000025 ], [ -82.898513793999939, 41.136905670000033 ], [ -82.733175, 41.460754 ], [ -82.488725, 41.380807 ], [ -82.011973, 41.515616 ], [ -81.738743, 41.488556 ], [ -81.284135, 41.763035 ], [ -80.323673, 42.038416 ], [ -80.165891, 42.105852 ], [ -80.136214, 42.149937 ], [ -80.117368, 42.166342 ], [ -80.077389, 42.171262 ], [ -80.071961, 42.155366 ], [ -80.127195, 42.149815 ], [ -80.153584, 42.112358 ], [ -79.569422, 42.35132 ], [ -79.354104, 42.494078 ], [ -79.14959, 42.553193 ], [ -79.048361, 42.691959 ], [ -78.865143, 42.772171 ], [ -78.846966, 42.835364 ], [ -78.941461, 42.982157 ], [ -78.881359, 43.023757 ], [ -78.880756, 43.02955 ], [ -78.89186, 43.047557 ], [ -79.06977, 43.085841 ], [ -79.041961, 43.143329 ], [ -79.063169, 43.263654 ], [ -78.547396, 43.369541 ], [ -78.10451, 43.375628 ], [ -77.760232, 43.341161 ], [ -77.551004, 43.235765 ], [ -77.391016, 43.276364 ], [ -77.106516, 43.289412 ], [ -76.974425, 43.274301 ], [ -76.993378, 43.262243 ], [ -76.926215, 43.213924 ], [ -76.924824, 43.285488 ], [ -76.708795, 43.34679 ], [ -76.712727, 43.313015 ], [ -76.630775, 43.413356 ], [ -76.486961, 43.475352 ], [ -76.482414, 43.479607 ], [ -76.48119, 43.481185 ], [ -76.480883, 43.481457 ], [ -76.480469, 43.481826 ], [ -76.479778, 43.482581 ], [ -76.470301, 43.49539 ], [ -76.417582, 43.521286 ], [ -76.293961, 43.513282 ], [ -76.214157, 43.550943 ], [ -76.195747, 43.651659 ], [ -76.190517, 43.63117 ], [ -76.159838, 43.655535 ], [ -76.200274, 43.680219 ], [ -76.229377, 43.824441 ], [ -76.297398, 43.855889 ], [ -76.212986, 43.900508 ], [ -76.237181, 43.863973 ], [ -76.204719, 43.850447 ], [ -76.128489, 43.896243 ], [ -76.138826, 43.941524 ], [ -76.067182, 43.966686 ], [ -76.061104, 43.995727 ], [ -76.200353, 43.968216 ], [ -76.118917, 44.03457 ], [ -76.167436, 44.032937 ], [ -76.12871, 44.063472 ], [ -76.205257, 44.054932 ], [ -76.195592, 44.08084 ], [ -76.206535, 44.080221 ], [ -76.275124, 44.052117 ], [ -76.283702, 44.010984 ], [ -76.200713, 44.025071 ], [ -76.281068, 43.960895 ], [ -76.294941, 44.057998 ], [ -76.360306, 44.070907 ], [ -76.363836, 44.111697 ], [ -76.198795, 44.206588 ], [ -76.036334, 44.254046 ], [ -75.885447, 44.36403 ], [ -75.86181, 44.369108 ], [ -75.86257, 44.363825 ], [ -75.865597, 44.36268 ], [ -75.86747, 44.355179 ], [ -75.869636, 44.354377 ], [ -75.871545, 44.351495 ], [ -75.871893, 44.348957 ], [ -75.865617, 44.351086 ], [ -75.754438, 44.448103 ], [ -75.792197, 44.463983 ], [ -75.738127, 44.535009 ], [ -75.413797, 44.772538 ], [ -74.992756, 44.977449 ], [ -74.826579, 45.015851 ], [ -74.731301, 44.990423 ], [ -71.502487, 45.013367 ], [ -71.498335, 45.070063 ], [ -71.428829, 45.123881 ], [ -71.397811, 45.203553 ], [ -71.443883, 45.237062 ], [ -71.384918, 45.233351 ], [ -71.29651, 45.299191 ], [ -71.231122, 45.249712 ], [ -71.147747, 45.239648 ], [ -71.097772, 45.301907 ], [ -71.009051, 45.319022 ], [ -71.010809, 45.347251 ], [ -70.95154, 45.338987 ], [ -70.896412, 45.241574 ], [ -70.838639, 45.234515 ], [ -70.802552, 45.365413 ], [ -70.826034, 45.398409 ], [ -70.798029, 45.426706 ], [ -70.660029, 45.377902 ], [ -70.62133, 45.40253 ], [ -70.717047, 45.487733 ], [ -70.688388, 45.569009 ], [ -70.558401, 45.666671 ], [ -70.400405, 45.719835 ], [ -70.417445, 45.794891 ], [ -70.259117, 45.890755 ], [ -70.240178, 45.94373 ], [ -70.316936, 45.963456 ], [ -70.284571, 45.995385 ], [ -70.317597, 46.019492 ], [ -70.278334, 46.057019 ], [ -70.301844, 46.082429 ], [ -70.252737, 46.100118 ], [ -70.236873, 46.14585 ], [ -70.292736, 46.191599 ], [ -70.192008, 46.349535 ], [ -70.056433, 46.415561 ], [ -69.997087, 46.69523 ], [ -69.22442, 47.459687 ], [ -69.043374, 47.427314 ], [ -69.050738, 47.257331 ], [ -68.902426, 47.17884 ], [ -68.619749, 47.243219 ], [ -68.578551, 47.287551 ], [ -68.378678, 47.287561 ], [ -68.370266, 47.351053 ], [ -68.284102, 47.360389 ], [ -68.155151, 47.325421 ], [ -67.95567, 47.199543 ], [ -67.881303, 47.103914 ], [ -67.790515, 47.067922 ], [ -67.781095, 45.943033 ], [ -67.750422, 45.917898 ], [ -67.803908, 45.882896 ], [ -67.755068, 45.823671 ], [ -67.806599, 45.794723 ], [ -67.781892, 45.73119 ], [ -67.817892, 45.693706 ], [ -67.730351, 45.66324 ], [ -67.734605, 45.688988 ], [ -67.709585, 45.681612 ], [ -67.64581, 45.613597 ], [ -67.429716, 45.583774 ], [ -67.416462, 45.502148 ], [ -67.503771, 45.488523 ], [ -67.418748, 45.37726 ], [ -67.489333, 45.281283 ], [ -67.40463, 45.159926 ], [ -67.345585, 45.126392 ], [ -67.295658, 45.148456 ], [ -67.283684, 45.191336 ], [ -67.163252, 45.158193 ], [ -67.106449, 45.078679 ], [ -67.109284, 45.034241 ], [ -67.050523, 44.97913 ], [ -67.077253, 44.974649 ], [ -67.044312, 44.963631 ], [ -66.983854, 44.911621 ], [ -67.019764, 44.898362 ], [ -67.015627, 44.923459 ], [ -67.062279, 44.963335 ], [ -67.071256, 44.915171 ], [ -67.101941, 44.954002 ], [ -67.147305, 44.946914 ], [ -67.112088, 44.922042 ], [ -67.175503, 44.947447 ], [ -67.111009, 44.901766 ], [ -67.132529, 44.881805 ], [ -67.225292, 44.933155 ], [ -67.204915, 44.911465 ], [ -67.216593, 44.91352 ], [ -67.227558, 44.90515 ], [ -67.149514, 44.863018 ], [ -67.172517, 44.79161 ], [ -67.126486, 44.818294 ], [ -67.133723, 44.877028 ], [ -67.123323, 44.839372 ], [ -67.08493, 44.841466 ], [ -67.104024, 44.894111 ], [ -67.049168, 44.84972 ], [ -67.060351, 44.843823 ], [ -67.04946, 44.840919 ], [ -67.072526, 44.819981 ], [ -67.071594, 44.816255 ], [ -67.023429, 44.850422 ], [ -67.061767, 44.906645 ], [ -67.019002, 44.886522 ], [ -67.01829, 44.846579 ], [ -66.983394, 44.862306 ], [ -66.984401, 44.811711 ], [ -66.950569, 44.81454 ], [ -67.122673, 44.741166 ], [ -67.097585, 44.73082 ], [ -67.154479, 44.668115 ], [ -67.228536, 44.658945 ], [ -67.188916, 44.644711 ], [ -67.271988, 44.664064 ], [ -67.257607, 44.627092 ], [ -67.326506, 44.657738 ], [ -67.296192, 44.707735 ], [ -67.366219, 44.686532 ], [ -67.376082, 44.713778 ], [ -67.403729, 44.715774 ], [ -67.363159, 44.631826 ], [ -67.406249, 44.594462 ], [ -67.428735, 44.666402 ], [ -67.449592, 44.672963 ], [ -67.459874, 44.666309 ], [ -67.430083, 44.613785 ], [ -67.458916, 44.596614 ], [ -67.464654, 44.621944 ], [ -67.492748, 44.608628 ], [ -67.506441, 44.644256 ], [ -67.533573, 44.621441 ], [ -67.537692, 44.653664 ], [ -67.571965, 44.661599 ], [ -67.543497, 44.630139 ], [ -67.591169, 44.6284 ], [ -67.595738, 44.617966 ], [ -67.5564, 44.599999 ], [ -67.565038, 44.532028 ], [ -67.639224, 44.526804 ], [ -67.620319, 44.54948 ], [ -67.657866, 44.571279 ], [ -67.713436, 44.496668 ], [ -67.743353, 44.497418 ], [ -67.759699, 44.549024 ], [ -67.736224, 44.61605 ], [ -67.793633, 44.519426 ], [ -67.774284, 44.590116 ], [ -67.786475, 44.588885 ], [ -67.783362, 44.605827 ], [ -67.786948, 44.604433 ], [ -67.792674, 44.61374 ], [ -67.808997, 44.618817 ], [ -67.786501, 44.601575 ], [ -67.804589, 44.563738 ], [ -67.822535, 44.598377 ], [ -67.832382, 44.569315 ], [ -67.847332, 44.590895 ], [ -67.857156, 44.592287 ], [ -67.855414, 44.572533 ], [ -67.816869, 44.561178 ], [ -67.814055, 44.543 ], [ -67.849459, 44.563756 ], [ -67.852537, 44.527811 ], [ -67.88167, 44.543444 ], [ -67.850115, 44.495004 ], [ -67.886589, 44.471928 ], [ -67.899062, 44.394124 ], [ -67.904491, 44.492033 ], [ -67.939308, 44.470865 ], [ -67.937266, 44.410113 ], [ -67.979864, 44.472916 ], [ -67.96537, 44.480786 ], [ -67.970678, 44.491667 ], [ -67.96739, 44.495578 ], [ -67.969467, 44.497613 ], [ -67.967746, 44.500465 ], [ -67.968707, 44.505268 ], [ -67.966631, 44.506343 ], [ -67.967494, 44.507372 ], [ -67.991646, 44.504208 ], [ -67.993393, 44.461455 ], [ -68.021702, 44.489677 ], [ -68.035568, 44.483096 ], [ -67.959781, 44.398815 ], [ -68.024915, 44.409512 ], [ -68.025234, 44.356724 ], [ -68.059338, 44.332012 ], [ -68.075728, 44.392939 ], [ -68.093542, 44.371886 ], [ -68.112412, 44.403493 ], [ -68.101263, 44.474953 ], [ -68.174048, 44.508197 ], [ -68.154476, 44.478704 ], [ -68.192641, 44.471506 ], [ -68.181334, 44.51213 ], [ -68.251217, 44.539643 ], [ -68.252785, 44.569415 ], [ -68.198665, 44.570871 ], [ -68.216648, 44.582187 ], [ -68.244683, 44.589652 ], [ -68.295652, 44.555665 ], [ -68.21262, 44.515832 ], [ -68.22438, 44.465692 ], [ -68.266283, 44.529841 ], [ -68.277546, 44.510934 ], [ -68.321777, 44.537601 ], [ -68.305283, 44.507669 ], [ -68.32388, 44.508081 ], [ -68.322538, 44.506594 ], [ -68.326851, 44.506457 ], [ -68.329374, 44.502043 ], [ -68.269567, 44.495096 ], [ -68.29545, 44.471871 ], [ -68.270012, 44.458594 ], [ -68.354232, 44.458556 ], [ -68.418083, 44.397234 ], [ -68.422746, 44.49723 ], [ -68.504557, 44.494495 ], [ -68.468583, 44.481197 ], [ -68.459477, 44.385159 ], [ -68.483703, 44.4336 ], [ -68.566368, 44.39536 ], [ -68.524917, 44.227839 ], [ -68.737215, 44.333989 ], [ -68.827198, 44.31216 ], [ -68.787363, 44.37047 ], [ -68.821768, 44.408941 ], [ -68.769817, 44.500075 ], [ -68.803509, 44.561491 ], [ -68.808428, 44.498213 ], [ -68.837976, 44.484239 ], [ -68.810251, 44.467778 ], [ -68.860554, 44.440144 ], [ -68.850209, 44.484029 ], [ -68.88008, 44.428181 ], [ -68.883976, 44.46038 ], [ -68.895369, 44.468936 ], [ -68.994193, 44.424732 ], [ -68.954465, 44.324051 ], [ -69.00473, 44.297328 ], [ -69.064177, 44.210361 ], [ -69.078889, 44.118093 ], [ -69.108387, 44.109995 ], [ -69.103797, 44.078081 ], [ -69.043453, 44.091938 ], [ -69.12339, 44.006576 ], [ -69.179068, 44.005587 ], [ -69.181574, 43.978695 ], [ -69.185944, 44.011716 ], [ -69.193073, 44.006684 ], [ -69.212116, 43.931834 ], [ -69.261088, 43.917487 ], [ -69.275968, 43.953283 ], [ -69.163803, 44.069205 ], [ -69.307244, 43.953653 ], [ -69.308857, 43.984733 ], [ -69.289818, 43.996645 ], [ -69.292032, 44.005517 ], [ -69.367684, 43.964983 ], [ -69.352328, 44.012165 ], [ -69.380019, 44.013005 ], [ -69.337578, 44.049926 ], [ -69.377592, 44.094757 ], [ -69.395383, 44.063299 ], [ -69.375435, 44.062832 ], [ -69.37038, 44.035003 ], [ -69.409029, 44.044505 ], [ -69.392574, 44.004114 ], [ -69.43259, 43.992118 ], [ -69.502943, 43.837902 ], [ -69.525449, 43.872375 ], [ -69.504636, 43.884118 ], [ -69.506139, 43.899486 ], [ -69.538406, 43.878825 ], [ -69.543071, 43.92223 ], [ -69.596397, 43.813072 ], [ -69.586015, 43.860552 ], [ -69.622354, 43.827037 ], [ -69.695039, 43.888885 ], [ -69.716852, 43.849323 ], [ -69.721047, 43.782203 ], [ -69.834496, 43.700933 ], [ -69.876096, 43.791637 ], [ -69.844166, 43.804569 ], [ -69.866524, 43.808242 ], [ -69.84308, 43.839946 ], [ -69.871918, 43.835135 ], [ -69.852649, 43.881907 ], [ -69.890819, 43.864108 ], [ -69.869307, 43.911124 ], [ -69.93791, 43.839973 ], [ -69.936141, 43.863091 ], [ -69.960038, 43.798258 ], [ -70.025149, 43.730863 ], [ -70.03412, 43.757424 ], [ -69.947204, 43.868116 ], [ -70.026714, 43.822495 ], [ -69.982226, 43.870682 ], [ -70.020118, 43.864273 ], [ -70.04102, 43.831371 ], [ -70.070708, 43.80903 ], [ -70.061141, 43.828011 ], [ -70.10183, 43.808089 ], [ -70.076023, 43.845869 ], [ -70.095043, 43.844401 ], [ -70.113012, 43.800901 ], [ -70.195393, 43.769666 ], [ -70.21712, 43.70584 ], [ -70.244676, 43.692877 ], [ -70.246015, 43.718978 ], [ -70.27699, 43.673486 ], [ -70.246373, 43.656132 ], [ -70.311195, 43.658683 ], [ -70.264836, 43.6334 ], [ -70.223724, 43.652438 ], [ -70.196643, 43.565336 ], [ -70.361216, 43.529195 ], [ -70.375298, 43.441861 ], [ -70.333586, 43.447388 ], [ -70.421268, 43.395787 ], [ -70.451199, 43.346699 ], [ -70.559178, 43.316102 ], [ -70.595754, 43.247925 ], [ -70.576693, 43.217651 ], [ -70.614408, 43.192532 ], [ -70.59242, 43.165605 ], [ -70.66637, 43.075784 ], [ -70.779099, 43.095888 ], [ -70.828101, 43.129087 ], [ -70.833801, 43.146886 ], [ -70.825001, 43.172686 ], [ -70.826623, 43.176592 ], [ -70.835401, 43.148786 ], [ -70.836203, 43.126488 ], [ -70.82842, 43.119184 ], [ -70.845499, 43.127692 ], [ -70.844601, 43.148586 ], [ -70.851213, 43.159276 ], [ -70.859976, 43.165894 ], [ -70.852685, 43.129622 ], [ -70.897868, 43.138736 ], [ -70.917569, 43.13158 ], [ -70.869805, 43.120977 ], [ -70.864358, 43.090911 ], [ -70.870888, 43.096046 ], [ -70.87755, 43.095679 ], [ -70.88264, 43.09814 ], [ -70.886813, 43.099204 ], [ -70.888669, 43.099091 ], [ -70.914894, 43.052681 ], [ -70.836874, 43.044472 ], [ -70.856625, 43.121757 ], [ -70.81281, 43.116776 ], [ -70.781554, 43.095179 ], [ -70.767488, 43.09208 ], [ -70.77222, 43.071542 ], [ -70.737398, 43.061706 ], [ -70.767897, 43.051189 ], [ -70.762697, 43.047389 ], [ -70.711719, 43.042544 ], [ -70.810608, 42.896593 ], [ -70.837956, 42.916902 ], [ -70.813221, 42.821935 ], [ -70.862874, 42.81057 ], [ -70.810316, 42.815865 ], [ -70.770456, 42.704813 ], [ -70.811764, 42.760578 ], [ -70.838184, 42.701097 ], [ -70.799269, 42.710346 ], [ -70.728859, 42.664273 ], [ -70.767841, 42.675059 ], [ -70.768733, 42.678439 ], [ -70.772093, 42.678637 ], [ -70.76869, 42.674637 ], [ -70.779068, 42.674847 ], [ -70.789647, 42.66781 ], [ -70.791411, 42.66436 ], [ -70.789827, 42.662501 ], [ -70.7926, 42.662331 ], [ -70.792641, 42.663467 ], [ -70.794394, 42.663213 ], [ -70.793589, 42.660389 ], [ -70.79158, 42.659792 ], [ -70.795325, 42.660099 ], [ -70.795603, 42.659222 ], [ -70.718793, 42.646445 ], [ -70.628315, 42.692398 ], [ -70.590956, 42.640217 ], [ -70.661219, 42.580447 ], [ -70.650573, 42.616828 ], [ -70.710043, 42.57284 ], [ -70.879695, 42.539298 ], [ -70.927758, 42.568047 ], [ -70.898863, 42.525042 ], [ -70.886986, 42.538752 ], [ -70.864382, 42.533583 ], [ -70.888205, 42.498197 ], [ -70.862638, 42.521173 ], [ -70.854808, 42.491788 ], [ -70.831091, 42.503612 ], [ -70.894298, 42.460885 ], [ -70.934986, 42.457918 ], [ -70.905693, 42.416196 ], [ -70.936382, 42.416291 ], [ -70.942287, 42.459124 ], [ -70.979238, 42.450745 ], [ -70.984964, 42.428677 ], [ -70.96049, 42.441129 ], [ -70.990598, 42.407135 ], [ -70.953093, 42.343998 ], [ -70.99416, 42.382527 ], [ -71.016882, 42.377849 ], [ -70.986595, 42.359699 ], [ -71.004783, 42.347046 ], [ -71.042175, 42.364601 ], [ -71.042695, 42.381897 ], [ -71.019824, 42.386381 ], [ -71.008795, 42.401663 ], [ -71.096576, 42.400779 ], [ -71.009646, 42.33866 ], [ -71.047695, 42.326999 ], [ -71.055494, 42.275699 ], [ -71.039228, 42.301093 ], [ -70.991195, 42.307801 ], [ -71.019227, 42.28243 ], [ -70.950097, 42.27531 ], [ -70.993481, 42.256177 ], [ -70.968786, 42.222605 ], [ -70.925091, 42.2632 ], [ -70.937451, 42.247097 ], [ -70.880384, 42.246791 ], [ -70.881581, 42.274032 ], [ -70.865449, 42.255027 ], [ -70.885352, 42.304312 ], [ -70.922567, 42.303195 ], [ -70.882854, 42.310219 ], [ -70.716225, 42.207237 ], [ -70.714588, 42.167465 ], [ -70.742193, 42.160823 ], [ -70.68747, 42.131644 ], [ -70.711708, 42.158549 ], [ -70.705, 42.16244 ], [ -70.598523, 42.004887 ], [ -70.636915, 41.993152 ], [ -70.615145, 42.019315 ], [ -70.669604, 42.048335 ], [ -70.668865, 42.009391 ], [ -70.688717, 42.018598 ], [ -70.710035, 41.999545 ], [ -70.649875, 41.950193 ], [ -70.628426, 41.946422 ], [ -70.636936, 41.954343 ], [ -70.652303, 41.979264 ], [ -70.620473, 41.941547 ], [ -70.539022, 41.926667 ], [ -70.542135, 41.818263 ], [ -70.494661, 41.778019 ], [ -70.555217, 41.775322 ], [ -70.629348, 41.736329 ], [ -70.602573, 41.761993 ], [ -70.6245, 41.765081 ], [ -70.635155, 41.734476 ], [ -70.67755, 41.746094 ], [ -70.642192, 41.723856 ], [ -70.674549, 41.69161 ], [ -70.652959, 41.715531 ], [ -70.715159, 41.732488 ], [ -70.69447, 41.74188 ], [ -70.712784, 41.756732 ], [ -70.733464, 41.73764 ], [ -70.715414, 41.676505 ], [ -70.740055, 41.692841 ], [ -70.731107, 41.690229 ], [ -70.752712, 41.70588 ], [ -70.756754, 41.722217 ], [ -70.761112, 41.721384 ], [ -70.765256, 41.641414 ], [ -70.867372, 41.639432 ], [ -70.853368, 41.582395 ], [ -70.870400049999944, 41.626370934000079 ], [ -70.905994, 41.624088 ], [ -70.918205, 41.651394 ], [ -70.91193, 41.661433 ], [ -70.917715, 41.68114 ], [ -70.92291, 41.640901 ], [ -70.898557, 41.592295 ], [ -70.961963, 41.600408 ], [ -70.927738, 41.539065 ], [ -70.952938, 41.514345 ], [ -70.969434, 41.535207 ], [ -71.037787, 41.48073 ], [ -71.090646, 41.509881 ], [ -71.048271, 41.510987 ], [ -71.072946, 41.570229 ], [ -71.06849, 41.518074 ], [ -71.123595, 41.553975 ], [ -71.097437, 41.509919 ], [ -71.087824, 41.507058 ], [ -71.195417, 41.453889 ], [ -71.221298, 41.560952 ], [ -71.195691, 41.675102 ], [ -71.263493, 41.729105 ], [ -71.236692, 41.667402 ], [ -71.264246, 41.643105 ], [ -71.285494, 41.682102 ], [ -71.301194, 41.650002 ], [ -71.281294, 41.757501 ], [ -71.292198, 41.73309 ], [ -71.299143, 41.741894 ], [ -71.317098, 41.750477 ], [ -71.302395, 41.764906 ], [ -71.323196, 41.777301 ], [ -71.321889, 41.752798 ], [ -71.288194, 41.728002 ], [ -71.302095, 41.705802 ], [ -71.359178, 41.745403 ], [ -71.370409, 41.787196 ], [ -71.394999, 41.810601 ], [ -71.387015, 41.81638 ], [ -71.368829, 41.838605 ], [ -71.368239, 41.852815 ], [ -71.384287, 41.872372 ], [ -71.37752, 41.831878 ], [ -71.407578, 41.823717 ], [ -71.380096, 41.789246 ], [ -71.393299, 41.733301 ], [ -71.355626, 41.717512 ], [ -71.378088, 41.666401 ], [ -71.383001, 41.699402 ], [ -71.453199, 41.696097 ], [ -71.455002, 41.647701 ], [ -71.408809, 41.662889 ], [ -71.409318, 41.65709 ], [ -71.424302, 41.655501 ], [ -71.434503, 41.651702 ], [ -71.441953, 41.644953 ], [ -71.407572, 41.651749 ], [ -71.40398, 41.590036 ], [ -71.457947, 41.582511 ], [ -71.413761, 41.512691 ], [ -71.480993, 41.360385 ], [ -71.555383, 41.37334 ], [ -71.858612, 41.303255 ], [ -71.886315, 41.306353 ], [ -71.85477, 41.315306 ], [ -71.881198, 41.346039 ], [ -71.969732, 41.320915 ], [ -71.969126, 41.354766 ], [ -72.005021, 41.306201 ], [ -72.021519, 41.333399 ], [ -72.02962, 41.312298 ], [ -72.054419, 41.315791 ], [ -72.036119, 41.322399 ], [ -72.032723, 41.334285 ], [ -72.037902, 41.346572 ], [ -72.111821, 41.299099 ], [ -72.184125, 41.323998 ], [ -72.205328, 41.285057 ], [ -72.219124, 41.307809 ], [ -72.312826, 41.277398 ], [ -72.312516, 41.289705 ], [ -72.350673, 41.310337 ], [ -72.368909, 41.292587 ], [ -72.343228, 41.268198 ], [ -72.545073, 41.273472 ], [ -72.524535, 41.266699 ], [ -72.544535, 41.248299 ], [ -72.665537, 41.270605 ], [ -72.70634, 41.243597 ], [ -72.757042, 41.269497 ], [ -72.894829, 41.241805 ], [ -72.905895, 41.298686 ], [ -73.014952, 41.204297 ], [ -73.055359, 41.222111 ], [ -73.102943, 41.151409 ], [ -73.188956, 41.185997 ], [ -73.185252, 41.160703 ], [ -73.262358, 41.117497 ], [ -73.352962, 41.101397 ], [ -73.368563, 41.123001 ], [ -73.433962, 41.055797 ], [ -73.501266, 41.049097 ] ], [ [ -74.049897, 40.066712 ], [ -74.134284, 40.065116 ], [ -74.057061, 40.050156 ], [ -74.086182, 40.012417 ], [ -74.140413, 40.032857 ], [ -74.106944, 40.012714 ], [ -74.149679, 40.005317 ], [ -74.110883, 39.991718 ], [ -74.113984, 39.948898 ], [ -74.080281, 39.943411 ], [ -74.085457, 39.964115 ], [ -74.069024, 39.981808 ], [ -74.049897, 40.066712 ] ], [ [ -76.848863, 37.954627 ], [ -76.847388, 37.95449 ], [ -76.847215, 37.954971 ], [ -76.848863, 37.954627 ] ] ] ] } },
{ "type": "Feature", "properties": { }, "geometry": { "type": "MultiPolygon", "coordinates": [ [ [ [ -81.777391, 24.563422 ], [ -81.749813, 24.553314 ], [ -81.812489, 24.545114 ], [ -81.801759, 24.567742 ], [ -81.777391, 24.563422 ] ] ], [ [ [ -81.746343, 24.588389 ], [ -81.721401, 24.577248 ], [ -81.724481, 24.560937 ], [ -81.744395, 24.558224 ], [ -81.746343, 24.588389 ] ] ], [ [ [ -81.799219, 24.593951 ], [ -81.794131, 24.569401 ], [ -81.794937, 24.567329 ], [ -81.799219, 24.593951 ] ] ], [ [ [ -81.614321, 24.605756 ], [ -81.624294, 24.580909 ], [ -81.634327, 24.59041 ], [ -81.614321, 24.605756 ] ] ], [ [ [ -81.704599, 24.603883 ], [ -81.642953, 24.602708 ], [ -81.646394, 24.592386 ], [ -81.669976, 24.598401 ], [ -81.676048, 24.587367 ], [ -81.646347, 24.581651 ], [ -81.718887, 24.557405 ], [ -81.704599, 24.603883 ] ] ], [ [ [ -81.614288, 24.586418 ], [ -81.57124, 24.602325 ], [ -81.602999, 24.586445 ], [ -81.614288, 24.586418 ] ] ], [ [ [ -81.585196, 24.632946 ], [ -81.574103, 24.639875 ], [ -81.576587, 24.632741 ], [ -81.585196, 24.632946 ] ] ], [ [ [ -81.556836, 24.650794 ], [ -81.559145, 24.648477 ], [ -81.559417, 24.6499 ], [ -81.556836, 24.650794 ] ] ], [ [ [ -81.536278, 24.65444 ], [ -81.536831, 24.65304 ], [ -81.536855, 24.654738 ], [ -81.536278, 24.65444 ] ] ], [ [ [ -81.543232, 24.655817 ], [ -81.552745, 24.649624 ], [ -81.555581, 24.650794 ], [ -81.543232, 24.655817 ] ] ], [ [ [ -81.587107, 24.652329 ], [ -81.591568, 24.617966 ], [ -81.623838, 24.618644 ], [ -81.595136, 24.640972 ], [ -81.614239, 24.650258 ], [ -81.587107, 24.652329 ] ] ], [ [ [ -81.306754, 24.65233 ], [ -81.297039, 24.654555 ], [ -81.31978, 24.647881 ], [ -81.306754, 24.65233 ] ] ], [ [ [ -81.42483, 24.646986 ], [ -81.402589, 24.659277 ], [ -81.406634, 24.642441 ], [ -81.42483, 24.646986 ] ] ], [ [ [ -81.258098, 24.675376 ], [ -81.271836, 24.659781 ], [ -81.281778, 24.65375 ], [ -81.258098, 24.675376 ] ] ], [ [ [ -81.242629, 24.672944 ], [ -81.249055, 24.672551 ], [ -81.246722, 24.675718 ], [ -81.242629, 24.672944 ] ] ], [ [ [ -81.235853, 24.677603 ], [ -81.240371, 24.6765 ], [ -81.236456, 24.678773 ], [ -81.235853, 24.677603 ] ] ], [ [ [ -81.228197, 24.681963 ], [ -81.234423, 24.6807 ], [ -81.228574, 24.683065 ], [ -81.228197, 24.681963 ] ] ], [ [ [ -81.464843, 24.670313 ], [ -81.435622, 24.65357 ], [ -81.444006, 24.642398 ], [ -81.464843, 24.670313 ] ] ], [ [ [ -81.387646, 24.677212 ], [ -81.38866, 24.64964 ], [ -81.399471, 24.690203 ], [ -81.387646, 24.677212 ] ] ], [ [ [ -81.545537, 24.683849 ], [ -81.516147, 24.657945 ], [ -81.509783, 24.627341 ], [ -81.570011, 24.602967 ], [ -81.550287, 24.628405 ], [ -81.584797, 24.650861 ], [ -81.578275, 24.674055 ], [ -81.56926, 24.64717 ], [ -81.516961, 24.627114 ], [ -81.535605, 24.667327 ], [ -81.566525, 24.673688 ], [ -81.545537, 24.683849 ] ] ], [ [ [ -81.505886, 24.701802 ], [ -81.467478, 24.663201 ], [ -81.479522, 24.644784 ], [ -81.521262, 24.670125 ], [ -81.505886, 24.701802 ] ] ], [ [ [ -81.115478, 24.69905 ], [ -81.087605, 24.696236 ], [ -81.093755, 24.689719 ], [ -81.108042, 24.688592 ], [ -81.115478, 24.69905 ] ] ], [ [ [ -81.398371, 24.658612 ], [ -81.404187, 24.692128 ], [ -81.397064, 24.663456 ], [ -81.398371, 24.658612 ] ] ], [ [ [ -81.154126, 24.705067 ], [ -81.155708, 24.703278 ], [ -81.156084, 24.704746 ], [ -81.154126, 24.705067 ] ] ], [ [ [ -81.34354, 24.70486 ], [ -81.311548, 24.674698 ], [ -81.314913, 24.673664 ], [ -81.34354, 24.70486 ] ] ], [ [ [ -81.029615, 24.722158 ], [ -81.01194, 24.722037 ], [ -81.023469, 24.71688 ], [ -81.029615, 24.722158 ] ] ], [ [ [ -81.004224, 24.733848 ], [ -81.010985, 24.723184 ], [ -81.016635, 24.72603 ], [ -81.004224, 24.733848 ] ] ], [ [ [ -81.125283, 24.706396 ], [ -81.029565, 24.728114 ], [ -81.077686, 24.689607 ], [ -81.081768, 24.712329 ], [ -81.125283, 24.706396 ] ] ], [ [ [ -80.982557, 24.745506 ], [ -80.986122, 24.740573 ], [ -80.987856, 24.742591 ], [ -80.982557, 24.745506 ] ] ], [ [ [ -81.395934, 24.745645 ], [ -81.349115, 24.703322 ], [ -81.332479, 24.639712 ], [ -81.365731, 24.632937 ], [ -81.336498, 24.649714 ], [ -81.375117, 24.650942 ], [ -81.395934, 24.745645 ] ] ], [ [ [ -81.448961, 24.743974 ], [ -81.416338, 24.698852 ], [ -81.419629, 24.690227 ], [ -81.454283, 24.722709 ], [ -81.448961, 24.743974 ] ] ], [ [ [ -80.992354, 24.744127 ], [ -80.993982, 24.734835 ], [ -81.006032, 24.735799 ], [ -81.025048, 24.72718 ], [ -81.028339, 24.729563 ], [ -80.992354, 24.744127 ] ] ], [ [ [ -80.983338, 24.74874 ], [ -80.982407, 24.746263 ], [ -80.988083, 24.743646 ], [ -80.992703, 24.738758 ], [ -80.983338, 24.74874 ] ] ], [ [ [ -80.923825, 24.776041 ], [ -80.976027, 24.748651 ], [ -80.97256, 24.746335 ], [ -80.97929, 24.740827 ], [ -80.923825, 24.776041 ] ] ], [ [ [ -80.915232, 24.778425 ], [ -80.912043, 24.765051 ], [ -80.924077, 24.765901 ], [ -80.915232, 24.778425 ] ] ], [ [ [ -80.910432, 24.782324 ], [ -80.919503, 24.777669 ], [ -80.920056, 24.778839 ], [ -80.910432, 24.782324 ] ] ], [ [ [ -80.891557, 24.791679 ], [ -80.895531, 24.782068 ], [ -80.906788, 24.783035 ], [ -80.891557, 24.791679 ] ] ], [ [ [ -80.757235, 24.841386 ], [ -80.76219, 24.835882 ], [ -80.766966, 24.836159 ], [ -80.757235, 24.841386 ] ] ], [ [ [ -80.790368, 24.843047 ], [ -80.794495, 24.81279 ], [ -80.850338, 24.8026 ], [ -80.832697, 24.810381 ], [ -80.790368, 24.843047 ] ] ], [ [ [ -80.691109, 24.885163 ], [ -80.703151, 24.868602 ], [ -80.748149, 24.844481 ], [ -80.732343, 24.864811 ], [ -80.691109, 24.885163 ] ] ], [ [ [ -80.684495, 24.886471 ], [ -80.688191, 24.883122 ], [ -80.688745, 24.884154 ], [ -80.684495, 24.886471 ] ] ], [ [ [ -80.66772, 24.89459 ], [ -80.679189, 24.887687 ], [ -80.67944, 24.888191 ], [ -80.66772, 24.89459 ] ] ], [ [ [ -80.666237, 24.89521 ], [ -80.65839, 24.893694 ], [ -80.657586, 24.891974 ], [ -80.666237, 24.89521 ] ] ], [ [ [ -80.660827, 24.904315 ], [ -80.613077, 24.935139 ], [ -80.659395, 24.897433 ], [ -80.660827, 24.904315 ] ] ], [ [ [ -80.611624, 24.950877 ], [ -80.589255, 24.94962 ], [ -80.610083, 24.938994 ], [ -80.611624, 24.950877 ] ] ], [ [ [ -81.031143, 25.26983 ], [ -81.048224, 25.243403 ], [ -81.069814, 25.258065 ], [ -81.031143, 25.26983 ] ] ], [ [ [ -80.993758, 25.282713 ], [ -81.002158, 25.269339 ], [ -81.01283, 25.264801 ], [ -81.018664, 25.245943 ], [ -80.962738, 25.222481 ], [ -81.046535, 25.238127 ], [ -80.993758, 25.282713 ] ] ], [ [ [ -80.294332, 25.327631 ], [ -80.296553, 25.324971 ], [ -80.296729, 25.326691 ], [ -80.294332, 25.327631 ] ] ], [ [ [ -81.144442, 25.337564 ], [ -81.109016, 25.335842 ], [ -81.100684, 25.323687 ], [ -81.127205, 25.332534 ], [ -81.14717, 25.330018 ], [ -81.152321, 25.324789 ], [ -81.144442, 25.337564 ] ] ], [ [ [ -81.115546, 25.375987 ], [ -81.121656, 25.376008 ], [ -81.115723, 25.376561 ], [ -81.115546, 25.375987 ] ] ], [ [ [ -80.231054, 25.385992 ], [ -80.239319, 25.35001 ], [ -80.258607, 25.359068 ], [ -80.243439, 25.363335 ], [ -80.231054, 25.385992 ] ] ], [ [ [ -80.255404, 25.380644 ], [ -80.241253, 25.382456 ], [ -80.253453, 25.368791 ], [ -80.255404, 25.380644 ] ] ], [ [ [ -80.177582, 25.493522 ], [ -80.203987, 25.414125 ], [ -80.227933, 25.390729 ], [ -80.208381, 25.415565 ], [ -80.177582, 25.493522 ] ] ], [ [ [ -80.177237, 25.518426 ], [ -80.179537, 25.494279 ], [ -80.189064, 25.496642 ], [ -80.177237, 25.518426 ] ] ], [ [ [ -80.147368, 25.726979 ], [ -80.153384, 25.674883 ], [ -80.158569, 25.664881 ], [ -80.17561, 25.709864 ], [ -80.147368, 25.726979 ] ] ], [ [ [ -81.224421, 25.731405 ], [ -81.214392, 25.726474 ], [ -81.226444, 25.723422 ], [ -81.224421, 25.731405 ] ] ], [ [ [ -80.216967, 25.736071 ], [ -80.220471, 25.734278 ], [ -80.217371, 25.736778 ], [ -80.216967, 25.736071 ] ] ], [ [ [ -81.250592, 25.725502 ], [ -81.227559, 25.725027 ], [ -81.234089, 25.715621 ], [ -81.250592, 25.725502 ] ] ], [ [ [ -81.288321, 25.726499 ], [ -81.252988, 25.745595 ], [ -81.252111, 25.725319 ], [ -81.241684, 25.714586 ], [ -81.274378, 25.698146 ], [ -81.288321, 25.726499 ] ] ], [ [ [ -80.146368, 25.750878 ], [ -80.164169, 25.731077 ], [ -80.182083, 25.745488 ], [ -80.164069, 25.738378 ], [ -80.146368, 25.750878 ] ] ], [ [ [ -80.141368, 25.762777 ], [ -80.140668, 25.755977 ], [ -80.148968, 25.764077 ], [ -80.141368, 25.762777 ] ] ], [ [ [ -80.18277, 25.769077 ], [ -80.185392, 25.764277 ], [ -80.186442, 25.769077 ], [ -80.18277, 25.769077 ] ] ], [ [ [ -80.157469, 25.770177 ], [ -80.149568, 25.766877 ], [ -80.160069, 25.770277 ], [ -80.157469, 25.770177 ] ] ], [ [ [ -81.280257, 25.764632 ], [ -81.258733, 25.75302 ], [ -81.264814, 25.747893 ], [ -81.280257, 25.764632 ] ] ], [ [ [ -80.179286, 25.773877 ], [ -80.160968, 25.771878 ], [ -80.164069, 25.766277 ], [ -80.179286, 25.773877 ] ] ], [ [ [ -80.149868, 25.780577 ], [ -80.150949, 25.773768 ], [ -80.152168, 25.780177 ], [ -80.149868, 25.780577 ] ] ], [ [ [ -80.167274, 25.782666 ], [ -80.157568, 25.77628 ], [ -80.168071, 25.781165 ], [ -80.167274, 25.782666 ] ] ], [ [ [ -80.164369, 25.785577 ], [ -80.156676, 25.780271 ], [ -80.165365, 25.784182 ], [ -80.164369, 25.785577 ] ] ], [ [ [ -80.172369, 25.790976 ], [ -80.178412, 25.788918 ], [ -80.179169, 25.790676 ], [ -80.172369, 25.790976 ] ] ], [ [ [ -80.166469, 25.791176 ], [ -80.170069, 25.789176 ], [ -80.170964, 25.790074 ], [ -80.166469, 25.791176 ] ] ], [ [ [ -80.148071, 25.792579 ], [ -80.147662, 25.788779 ], [ -80.150268, 25.791086 ], [ -80.148071, 25.792579 ] ] ], [ [ [ -80.162059, 25.792747 ], [ -80.163865, 25.788496 ], [ -80.163059, 25.793253 ], [ -80.162059, 25.792747 ] ] ], [ [ [ -80.154268, 25.793775 ], [ -80.155872, 25.78827 ], [ -80.155169, 25.794176 ], [ -80.154268, 25.793775 ] ] ], [ [ [ -80.15807, 25.794677 ], [ -80.159868, 25.786664 ], [ -80.159269, 25.795376 ], [ -80.15807, 25.794677 ] ] ], [ [ [ -80.141457, 25.79799 ], [ -80.145207, 25.796255 ], [ -80.145805, 25.797975 ], [ -80.141457, 25.79799 ] ] ], [ [ [ -80.141568, 25.800076 ], [ -80.141466, 25.798438 ], [ -80.147068, 25.799876 ], [ -80.141568, 25.800076 ] ] ], [ [ [ -81.296541, 25.792457 ], [ -81.274249, 25.780411 ], [ -81.292596, 25.751285 ], [ -81.271426, 25.744226 ], [ -81.292297, 25.725375 ], [ -81.298934, 25.696361 ], [ -81.346078, 25.721473 ], [ -81.351058, 25.77603 ], [ -81.353509, 25.757726 ], [ -81.376866, 25.766734 ], [ -81.367044, 25.779488 ], [ -81.309108, 25.784338 ], [ -81.296541, 25.792457 ] ] ], [ [ [ -80.141468, 25.80286 ], [ -80.147468, 25.800576 ], [ -80.14727, 25.802952 ], [ -80.141468, 25.80286 ] ] ], [ [ [ -80.141454, 25.805676 ], [ -80.146666, 25.803548 ], [ -80.146768, 25.804776 ], [ -80.141454, 25.805676 ] ] ], [ [ [ -81.30034, 25.807159 ], [ -81.29813, 25.803937 ], [ -81.304192, 25.803971 ], [ -81.30034, 25.807159 ] ] ], [ [ [ -80.126967, 25.849274 ], [ -80.132008, 25.846004 ], [ -80.132723, 25.847113 ], [ -80.126967, 25.849274 ] ] ], [ [ [ -80.155257, 25.843953 ], [ -80.146801, 25.84901 ], [ -80.146166, 25.844071 ], [ -80.155257, 25.843953 ] ] ], [ [ [ -80.123767, 25.849974 ], [ -80.124167, 25.843773 ], [ -80.124567, 25.850374 ], [ -80.123767, 25.849974 ] ] ], [ [ [ -80.160263, 25.854668 ], [ -80.157093, 25.843783 ], [ -80.159993, 25.843898 ], [ -80.160263, 25.854668 ] ] ], [ [ [ -80.130373, 25.859972 ], [ -80.143721, 25.850541 ], [ -80.143771, 25.859171 ], [ -80.130373, 25.859972 ] ] ], [ [ [ -80.130286, 25.879586 ], [ -80.142678, 25.873324 ], [ -80.140768, 25.883973 ], [ -80.130286, 25.879586 ] ] ], [ [ [ -80.138568, 25.889972 ], [ -80.134303, 25.883689 ], [ -80.137479, 25.884086 ], [ -80.138568, 25.889972 ] ] ], [ [ [ -80.128695, 25.886368 ], [ -80.133699, 25.883496 ], [ -80.13323, 25.894093 ], [ -80.128695, 25.886368 ] ] ], [ [ [ -80.132215, 25.765651 ], [ -80.123566, 25.841748 ], [ -80.121666, 25.842229 ], [ -80.122163, 25.849969 ], [ -80.131114, 25.861723 ], [ -80.143164, 25.863469 ], [ -80.123973, 25.866559 ], [ -80.132509, 25.87238 ], [ -80.127277, 25.882539 ], [ -80.129967, 25.896172 ], [ -80.122567, 25.899349 ], [ -80.119767, 25.833175 ], [ -80.132215, 25.765651 ] ] ], [ [ [ -81.751349, 25.958772 ], [ -81.65555, 25.942841 ], [ -81.649626, 25.904194 ], [ -81.691695, 25.902777 ], [ -81.687375, 25.936338 ], [ -81.728568, 25.908023 ], [ -81.751349, 25.958772 ] ] ], [ [ [ -97.208236, 26.063948 ], [ -97.197498, 26.04822 ], [ -97.205797, 26.048288 ], [ -97.208236, 26.063948 ] ] ], [ [ [ -80.112167, 26.110811 ], [ -80.114489, 26.109572 ], [ -80.115338, 26.110931 ], [ -80.112167, 26.110811 ] ] ], [ [ [ -81.857998, 26.360613 ], [ -81.858187, 26.376222 ], [ -81.849454, 26.362372 ], [ -81.857998, 26.360613 ] ] ], [ [ [ -81.885346, 26.394744 ], [ -81.863082, 26.392777 ], [ -81.861752, 26.37856 ], [ -81.885346, 26.394744 ] ] ], [ [ [ -81.947931, 26.454384 ], [ -81.904763, 26.432165 ], [ -81.882436, 26.404461 ], [ -81.895111, 26.404359 ], [ -81.911728, 26.427136 ], [ -81.96111, 26.45516 ], [ -81.966192, 26.460119 ], [ -81.966212, 26.465058 ], [ -81.947931, 26.454384 ] ] ], [ [ [ -81.954517, 26.458661 ], [ -81.940208, 26.462462 ], [ -81.937303, 26.456249 ], [ -81.954517, 26.458661 ] ] ], [ [ [ -81.997893, 26.491909 ], [ -81.992581, 26.493765 ], [ -81.990631, 26.490622 ], [ -81.997893, 26.491909 ] ] ], [ [ [ -82.06239, 26.494565 ], [ -82.056694, 26.496933 ], [ -82.057958, 26.493477 ], [ -82.06239, 26.494565 ] ] ], [ [ [ -82.183209, 26.492677 ], [ -82.087815, 26.443259 ], [ -82.060783, 26.468861 ], [ -82.013413, 26.453258 ], [ -82.075002, 26.422061 ], [ -82.126671, 26.436279 ], [ -82.180711, 26.476262 ], [ -82.202155, 26.551655 ], [ -82.199249, 26.553146 ], [ -82.183209, 26.492677 ] ] ], [ [ [ -97.331471, 26.560688 ], [ -97.269721, 26.562598 ], [ -97.268834, 26.551364 ], [ -97.229844, 26.433569 ], [ -97.194645, 26.306514 ], [ -97.173266, 26.192314 ], [ -97.161471, 26.088706 ], [ -97.155181, 26.067795 ], [ -97.169928, 26.078092 ], [ -97.194822, 26.299797 ], [ -97.264482, 26.535384 ], [ -97.275917, 26.559849 ], [ -97.284824, 26.524201 ], [ -97.331471, 26.560688 ] ] ], [ [ [ -80.042463, 26.567648 ], [ -80.042563, 26.561948 ], [ -80.044363, 26.562248 ], [ -80.042463, 26.567648 ] ] ], [ [ [ -82.223284, 26.606384 ], [ -82.213538, 26.599187 ], [ -82.2191, 26.602671 ], [ -82.218765, 26.594393 ], [ -82.198688, 26.555118 ], [ -82.225296, 26.598014 ], [ -82.223284, 26.606384 ] ] ], [ [ [ -82.069191, 26.628813 ], [ -82.070331, 26.627478 ], [ -82.069382, 26.628989 ], [ -82.069191, 26.628813 ] ] ], [ [ [ -82.076943, 26.637625 ], [ -82.068298, 26.631317 ], [ -82.071159, 26.627789 ], [ -82.069389, 26.625354 ], [ -82.070993, 26.623363 ], [ -82.076943, 26.637625 ] ] ], [ [ [ -80.042763, 26.695273 ], [ -80.044195, 26.691947 ], [ -80.043861, 26.699446 ], [ -80.042763, 26.695273 ] ] ], [ [ [ -82.181291, 26.681742 ], [ -82.124396, 26.699337 ], [ -82.065605, 26.61194 ], [ -82.090852, 26.581576 ], [ -82.076768, 26.512796 ], [ -82.06191, 26.493445 ], [ -82.109213, 26.515278 ], [ -82.103907, 26.571575 ], [ -82.181291, 26.681742 ] ] ], [ [ [ -82.171844, 26.705129 ], [ -82.148383, 26.703429 ], [ -82.17861, 26.699856 ], [ -82.171844, 26.705129 ] ] ], [ [ [ -82.243096, 26.697919 ], [ -82.24532, 26.655704 ], [ -82.233913, 26.654103 ], [ -82.221985, 26.611751 ], [ -82.243096, 26.697919 ] ] ], [ [ [ -82.256152, 26.758416 ], [ -82.255648, 26.749648 ], [ -82.261924, 26.758234 ], [ -82.256152, 26.758416 ] ] ], [ [ [ -82.245228, 26.772436 ], [ -82.249816, 26.761254 ], [ -82.262383, 26.759243 ], [ -82.245228, 26.772436 ] ] ], [ [ [ -82.275625, 26.804073 ], [ -82.265588, 26.79412 ], [ -82.270595, 26.794809 ], [ -82.258945, 26.743573 ], [ -82.25381, 26.74802 ], [ -82.260156, 26.717274 ], [ -82.275625, 26.804073 ] ] ], [ [ [ -82.358999, 26.928536 ], [ -82.354845, 26.92666 ], [ -82.356747, 26.925717 ], [ -82.358999, 26.928536 ] ] ], [ [ [ -97.469546, 26.991973 ], [ -97.450685, 26.997546 ], [ -97.469233, 26.96978 ], [ -97.469546, 26.991973 ] ] ], [ [ [ -97.443686, 27.153015 ], [ -97.444884, 27.115022 ], [ -97.45197, 27.125326 ], [ -97.447066, 27.127246 ], [ -97.447503, 27.137769 ], [ -97.443686, 27.153015 ] ] ], [ [ [ -80.186214, 27.180207 ], [ -80.187216, 27.17673 ], [ -80.186682, 27.180237 ], [ -80.186214, 27.180207 ] ] ], [ [ [ -80.18632, 27.182315 ], [ -80.187006, 27.180923 ], [ -80.186756, 27.182635 ], [ -80.18632, 27.182315 ] ] ], [ [ [ -80.189736, 27.184938 ], [ -80.189779, 27.184817 ], [ -80.189821, 27.184883 ], [ -80.189736, 27.184938 ] ] ], [ [ [ -82.508431, 27.206558 ], [ -82.494151, 27.171972 ], [ -82.471519, 27.139532 ], [ -82.473409, 27.135814 ], [ -82.46561, 27.113405 ], [ -82.469901, 27.11282 ], [ -82.508431, 27.206558 ] ] ], [ [ [ -82.555322, 27.304529 ], [ -82.553367, 27.301422 ], [ -82.55402, 27.296025 ], [ -82.555322, 27.304529 ] ] ], [ [ [ -82.56922, 27.276226 ], [ -82.55531, 27.288323 ], [ -82.50872, 27.207829 ], [ -82.56922, 27.276226 ] ] ], [ [ [ -82.557241, 27.311895 ], [ -82.560482, 27.310699 ], [ -82.558326, 27.312611 ], [ -82.557192, 27.31535 ], [ -82.557241, 27.311895 ] ] ], [ [ [ -82.557614, 27.315541 ], [ -82.56062, 27.311024 ], [ -82.562414, 27.316738 ], [ -82.557614, 27.315541 ] ] ], [ [ [ -82.562108, 27.320928 ], [ -82.557544, 27.315889 ], [ -82.562521, 27.318294 ], [ -82.56332, 27.315624 ], [ -82.562108, 27.320928 ] ] ], [ [ [ -82.55572, 27.320824 ], [ -82.557022, 27.315724 ], [ -82.55762, 27.322724 ], [ -82.55572, 27.320824 ] ] ], [ [ [ -82.565107, 27.325594 ], [ -82.560029, 27.321622 ], [ -82.56372, 27.321025 ], [ -82.565107, 27.325594 ] ] ], [ [ [ -82.58902, 27.322018 ], [ -82.585659, 27.323858 ], [ -82.56599, 27.297722 ], [ -82.58902, 27.322018 ] ] ], [ [ [ -82.691922, 27.441218 ], [ -82.615121, 27.377721 ], [ -82.588632, 27.328588 ], [ -82.623866, 27.362204 ], [ -82.691922, 27.441218 ] ] ], [ [ [ -80.290271, 27.469711 ], [ -80.263218, 27.398611 ], [ -80.160907, 27.191783 ], [ -80.153452, 27.169171 ], [ -80.259796, 27.348361 ], [ -80.290637, 27.459673 ], [ -80.31726, 27.458809 ], [ -80.290271, 27.469711 ] ] ], [ [ [ -82.679521, 27.506615 ], [ -82.685526, 27.485018 ], [ -82.683621, 27.513115 ], [ -82.679521, 27.506615 ] ] ], [ [ [ -82.746342, 27.537994 ], [ -82.708125, 27.52346 ], [ -82.690957, 27.444088 ], [ -82.746342, 27.537994 ] ] ], [ [ [ -82.646813, 27.532344 ], [ -82.61071, 27.524362 ], [ -82.620466, 27.522851 ], [ -82.646813, 27.532344 ] ] ], [ [ [ -82.611323, 27.568527 ], [ -82.603214, 27.555478 ], [ -82.631197, 27.548292 ], [ -82.609731, 27.574601 ], [ -82.611323, 27.568527 ] ] ], [ [ [ -82.758751, 27.599559 ], [ -82.766559, 27.585383 ], [ -82.762239, 27.603287 ], [ -82.758751, 27.599559 ] ] ], [ [ [ -97.218187, 27.602779 ], [ -97.21915, 27.605387 ], [ -97.21883, 27.605644 ], [ -97.218187, 27.602779 ] ] ], [ [ [ -82.715657, 27.647544 ], [ -82.704954, 27.62497 ], [ -82.736139, 27.611482 ], [ -82.743539, 27.640299 ], [ -82.722735, 27.620518 ], [ -82.715657, 27.647544 ] ] ], [ [ [ -97.259323, 27.657849 ], [ -97.217916, 27.62934 ], [ -97.214112, 27.607871 ], [ -97.218577, 27.60749 ], [ -97.21953, 27.605563 ], [ -97.21889, 27.602263 ], [ -97.202378, 27.613771 ], [ -97.334067, 27.324298 ], [ -97.37853, 27.06911 ], [ -97.361396, 26.853835 ], [ -97.275125, 26.566222 ], [ -97.300722, 26.56382 ], [ -97.348107, 26.695027 ], [ -97.330826, 26.682924 ], [ -97.3346, 26.665797 ], [ -97.316201, 26.653465 ], [ -97.291363, 26.576175 ], [ -97.281063, 26.575508 ], [ -97.393895, 26.861905 ], [ -97.369267, 26.896204 ], [ -97.390254, 27.204359 ], [ -97.357775, 27.373237 ], [ -97.237611, 27.581692 ], [ -97.245978, 27.582492 ], [ -97.251803, 27.598876 ], [ -97.242875, 27.587265 ], [ -97.226053, 27.587074 ], [ -97.259323, 27.657849 ] ] ], [ [ [ -82.675618, 27.652204 ], [ -82.676706, 27.649982 ], [ -82.677112, 27.660215 ], [ -82.675618, 27.652204 ] ] ], [ [ [ -82.541864, 27.664052 ], [ -82.543246, 27.662185 ], [ -82.54228, 27.664437 ], [ -82.541864, 27.664052 ] ] ], [ [ [ -97.190507, 27.687095 ], [ -97.166682, 27.676584 ], [ -97.201866, 27.614859 ], [ -97.21345, 27.619914 ], [ -97.190507, 27.687095 ] ] ], [ [ [ -82.731423, 27.674109 ], [ -82.716819, 27.688109 ], [ -82.717379, 27.651128 ], [ -82.731423, 27.674109 ] ] ], [ [ [ -82.728258, 27.703693 ], [ -82.726423, 27.701708 ], [ -82.733523, 27.694508 ], [ -82.735223, 27.701207 ], [ -82.730323, 27.700007 ], [ -82.734423, 27.703107 ], [ -82.729455, 27.701707 ], [ -82.728258, 27.703693 ] ] ], [ [ [ -82.699022, 27.711507 ], [ -82.705624, 27.707908 ], [ -82.706224, 27.709408 ], [ -82.699022, 27.711507 ] ] ], [ [ [ -82.700818, 27.714308 ], [ -82.696322, 27.711307 ], [ -82.693127, 27.71111 ], [ -82.697735, 27.709951 ], [ -82.700818, 27.714308 ] ] ], [ [ [ -82.708422, 27.716007 ], [ -82.713022, 27.700099 ], [ -82.716725, 27.69491 ], [ -82.720921, 27.71201 ], [ -82.708422, 27.716007 ] ] ], [ [ [ -82.699522, 27.718507 ], [ -82.706039, 27.713642 ], [ -82.706922, 27.716307 ], [ -82.699522, 27.718507 ] ] ], [ [ [ -80.392105, 27.720627 ], [ -80.392264, 27.712511 ], [ -80.395815, 27.72244 ], [ -80.392105, 27.720627 ] ] ], [ [ [ -82.730223, 27.725007 ], [ -82.733723, 27.721107 ], [ -82.734907, 27.722217 ], [ -82.730223, 27.725007 ] ] ], [ [ [ -82.636821, 27.737306 ], [ -82.62502, 27.732707 ], [ -82.630125, 27.720209 ], [ -82.636821, 27.737306 ] ] ], [ [ [ -82.739823, 27.745206 ], [ -82.735923, 27.747106 ], [ -82.732923, 27.745206 ], [ -82.739823, 27.745206 ] ] ], [ [ [ -82.750688, 27.754019 ], [ -82.743034, 27.748916 ], [ -82.744093, 27.747285 ], [ -82.750688, 27.754019 ] ] ], [ [ [ -80.412275, 27.739687 ], [ -80.39581, 27.735212 ], [ -80.396767, 27.725077 ], [ -80.412275, 27.739687 ] ] ], [ [ [ -82.758896, 27.758573 ], [ -82.736019, 27.707913 ], [ -82.737123, 27.682408 ], [ -82.758896, 27.758573 ] ] ], [ [ [ -80.412763, 27.757534 ], [ -80.41784, 27.754554 ], [ -80.421732, 27.762855 ], [ -80.412763, 27.757534 ] ] ], [ [ [ -82.763124, 27.770713 ], [ -82.757424, 27.760808 ], [ -82.761884, 27.758081 ], [ -82.763124, 27.770713 ] ] ], [ [ [ -82.752024, 27.769614 ], [ -82.746123, 27.758505 ], [ -82.753833, 27.754001 ], [ -82.752024, 27.769614 ] ] ], [ [ [ -82.42866, 27.772138 ], [ -82.4274, 27.772302 ], [ -82.427256, 27.771979 ], [ -82.42866, 27.772138 ] ] ], [ [ [ -82.416123, 27.773302 ], [ -82.409274, 27.772561 ], [ -82.410645, 27.767265 ], [ -82.416123, 27.773302 ] ] ], [ [ [ -82.78369, 27.780637 ], [ -82.761721, 27.782101 ], [ -82.772224, 27.776205 ], [ -82.754597, 27.73981 ], [ -82.78369, 27.780637 ] ] ], [ [ [ -82.61442, 27.791404 ], [ -82.61592, 27.789904 ], [ -82.61672, 27.792204 ], [ -82.61442, 27.791404 ] ] ], [ [ [ -82.59582, 27.824303 ], [ -82.593821, 27.822609 ], [ -82.59632, 27.823364 ], [ -82.59582, 27.824303 ] ] ], [ [ [ -97.05289, 27.838672 ], [ -97.166426, 27.676936 ], [ -97.17489, 27.681752 ], [ -97.166171, 27.732502 ], [ -97.137098, 27.737429 ], [ -97.156922, 27.745125 ], [ -97.136426, 27.743813 ], [ -97.068695, 27.827305 ], [ -97.102647, 27.82423 ], [ -97.104069, 27.832572 ], [ -97.05289, 27.838672 ] ] ], [ [ [ -80.442623, 27.851493 ], [ -80.383696, 27.740046 ], [ -80.285067, 27.473766 ], [ -80.325887, 27.498453 ], [ -80.33564, 27.594629 ], [ -80.442623, 27.851493 ] ] ], [ [ [ -97.08151, 27.845136 ], [ -97.064647, 27.850271 ], [ -97.061243, 27.845847 ], [ -97.08151, 27.845136 ] ] ], [ [ [ -97.138572, 27.899837 ], [ -97.137182, 27.89342 ], [ -97.142437, 27.893883 ], [ -97.138572, 27.899837 ] ] ], [ [ [ -82.829826, 27.910399 ], [ -82.833426, 27.9028 ], [ -82.834026, 27.903099 ], [ -82.829826, 27.910399 ] ] ], [ [ [ -82.627321, 27.909501 ], [ -82.640921, 27.898501 ], [ -82.62692, 27.9105 ], [ -82.627321, 27.909501 ] ] ], [ [ [ -82.829523, 27.915899 ], [ -82.828347, 27.910394 ], [ -82.830926, 27.9106 ], [ -82.829523, 27.915899 ] ] ], [ [ [ -82.462217, 27.9176 ], [ -82.459916, 27.912406 ], [ -82.461017, 27.911801 ], [ -82.462217, 27.9176 ] ] ], [ [ [ -82.838626, 27.917699 ], [ -82.832626, 27.916399 ], [ -82.839027, 27.917194 ], [ -82.838626, 27.917699 ] ] ], [ [ [ -82.822625, 27.925799 ], [ -82.826026, 27.924699 ], [ -82.826028, 27.925682 ], [ -82.822625, 27.925799 ] ] ], [ [ [ -82.824726, 27.928099 ], [ -82.824526, 27.926199 ], [ -82.825726, 27.926699 ], [ -82.824726, 27.928099 ] ] ], [ [ [ -82.83723, 27.929998 ], [ -82.835426, 27.925399 ], [ -82.840023, 27.924196 ], [ -82.83723, 27.929998 ] ] ], [ [ [ -82.835627, 27.936193 ], [ -82.837626, 27.934699 ], [ -82.838226, 27.936098 ], [ -82.835627, 27.936193 ] ] ], [ [ [ -82.824326, 27.960798 ], [ -82.833427, 27.939799 ], [ -82.838426, 27.939598 ], [ -82.838757, 27.933158 ], [ -82.832727, 27.9324 ], [ -82.839821, 27.9324 ], [ -82.843825, 27.912116 ], [ -82.834719, 27.908401 ], [ -82.849696, 27.877969 ], [ -82.849634, 27.872335 ], [ -82.847226, 27.863801 ], [ -82.844626, 27.861901 ], [ -82.845325, 27.856602 ], [ -82.83561, 27.836852 ], [ -82.832625, 27.834203 ], [ -82.826125, 27.832804 ], [ -82.828428, 27.827602 ], [ -82.814521, 27.823905 ], [ -82.817555, 27.815242 ], [ -82.779255, 27.800909 ], [ -82.783184, 27.783754 ], [ -82.828595, 27.822262 ], [ -82.846522, 27.8543 ], [ -82.849116, 27.863201 ], [ -82.851035, 27.8809 ], [ -82.847796, 27.910227 ], [ -82.835557, 27.964054 ], [ -82.824326, 27.960798 ] ] ], [ [ [ -82.823726, 27.977197 ], [ -82.817327, 27.975295 ], [ -82.807225, 27.967098 ], [ -82.823726, 27.977197 ] ] ], [ [ [ -82.818857, 27.993992 ], [ -82.818924, 27.987793 ], [ -82.819457, 27.993989 ], [ -82.818857, 27.993992 ] ] ], [ [ [ -82.815725, 27.987096 ], [ -82.819225, 27.997196 ], [ -82.818925, 27.997396 ], [ -82.815725, 27.987096 ] ] ], [ [ [ -82.819925, 27.992494 ], [ -82.821925, 27.989797 ], [ -82.819625, 27.997696 ], [ -82.819925, 27.992494 ] ] ], [ [ [ -82.827526, 28.010796 ], [ -82.827625, 27.969297 ], [ -82.820625, 27.964998 ], [ -82.829806, 27.968199 ], [ -82.827526, 28.010796 ] ] ], [ [ [ -82.785026, 28.052991 ], [ -82.789626, 28.049191 ], [ -82.794425, 28.051489 ], [ -82.785026, 28.052991 ] ] ], [ [ [ -82.819726, 28.053294 ], [ -82.814225, 28.028195 ], [ -82.821203, 28.009863 ], [ -82.828626, 28.019796 ], [ -82.819726, 28.053294 ] ] ], [ [ [ -82.811681, 28.059739 ], [ -82.797925, 28.051895 ], [ -82.797825, 28.051195 ], [ -82.808225, 28.055194 ], [ -82.811681, 28.059739 ] ] ], [ [ [ -96.938073, 27.997812 ], [ -96.855776, 28.058838 ], [ -97.045851, 27.839519 ], [ -97.056087, 27.845365 ], [ -97.001027, 27.912726 ], [ -97.010758, 27.904823 ], [ -97.017952, 27.911701 ], [ -96.969234, 27.984106 ], [ -96.98689, 27.978188 ], [ -96.979126, 27.999389 ], [ -96.96775, 28.019834 ], [ -96.975452, 27.998884 ], [ -96.938073, 27.997812 ] ] ], [ [ [ -82.836326, 28.073194 ], [ -82.828526, 28.064194 ], [ -82.816125, 28.054994 ], [ -82.830327, 28.060998 ], [ -82.836326, 28.073194 ] ] ], [ [ [ -96.983259, 28.124657 ], [ -96.989962, 28.129743 ], [ -96.97949, 28.125592 ], [ -96.983259, 28.124657 ] ] ], [ [ [ -82.801229, 28.15261 ], [ -82.799025, 28.151791 ], [ -82.801424, 28.152501 ], [ -82.801229, 28.15261 ] ] ], [ [ [ -82.806325, 28.155291 ], [ -82.808325, 28.151891 ], [ -82.808525, 28.154791 ], [ -82.806325, 28.155291 ] ] ], [ [ [ -96.465588, 28.33376 ], [ -96.468384, 28.331377 ], [ -96.470171, 28.331537 ], [ -96.465588, 28.33376 ] ] ], [ [ [ -96.434411, 28.346225 ], [ -96.435524, 28.345538 ], [ -96.435576, 28.345767 ], [ -96.434411, 28.346225 ] ] ], [ [ [ -96.429128, 28.347851 ], [ -96.429879, 28.348905 ], [ -96.428895, 28.348378 ], [ -96.429128, 28.347851 ] ] ], [ [ [ -80.654375, 28.357884 ], [ -80.648975, 28.357484 ], [ -80.660073, 28.357383 ], [ -80.654375, 28.357884 ] ] ], [ [ [ -80.624275, 28.360984 ], [ -80.615475, 28.357886 ], [ -80.647275, 28.357584 ], [ -80.624275, 28.360984 ] ] ], [ [ [ -96.402186, 28.368716 ], [ -96.397847, 28.343514 ], [ -96.4137, 28.327343 ], [ -96.621534, 28.229701 ], [ -96.72166, 28.163441 ], [ -96.848105, 28.06544 ], [ -96.851463, 28.065508 ], [ -96.803537, 28.135623 ], [ -96.816256, 28.175154 ], [ -96.748582, 28.17182 ], [ -96.604925, 28.287796 ], [ -96.515771, 28.303945 ], [ -96.506447, 28.313083 ], [ -96.491398, 28.31712 ], [ -96.479129, 28.326678 ], [ -96.546629, 28.306519 ], [ -96.450493, 28.336832 ], [ -96.419493, 28.352041 ], [ -96.417264, 28.359464 ], [ -96.403381, 28.362347 ], [ -96.417106, 28.36856 ], [ -96.402186, 28.368716 ] ] ], [ [ [ -80.738188, 28.402755 ], [ -80.745316, 28.400994 ], [ -80.745507, 28.40178 ], [ -80.738188, 28.402755 ] ] ], [ [ [ -80.662728, 28.40889 ], [ -80.668263, 28.375653 ], [ -80.656576, 28.299987 ], [ -80.694274, 28.404978 ], [ -80.698778, 28.368982 ], [ -80.603784, 28.142388 ], [ -80.731438, 28.403358 ], [ -80.662728, 28.40889 ] ] ], [ [ [ -80.631275, 28.408982 ], [ -80.587974, 28.408082 ], [ -80.589963, 28.177999 ], [ -80.446973, 27.861955 ], [ -80.456647, 27.855419 ], [ -80.612576, 28.168591 ], [ -80.611475, 28.318186 ], [ -80.643475, 28.312886 ], [ -80.613934, 28.319422 ], [ -80.608897, 28.385497 ], [ -80.631275, 28.408982 ] ] ], [ [ [ -96.385213, 28.395537 ], [ -96.328817, 28.423659 ], [ -96.368945, 28.398702 ], [ -96.380083, 28.394046 ], [ -96.385213, 28.395537 ] ] ], [ [ [ -96.227439, 28.493431 ], [ -96.32138, 28.425195 ], [ -96.333224, 28.433785 ], [ -96.279408, 28.472884 ], [ -96.227439, 28.493431 ] ] ], [ [ [ -95.977302, 28.616419 ], [ -95.986112, 28.589596 ], [ -96.00685, 28.586363 ], [ -96.20903, 28.495884 ], [ -96.224717, 28.493637 ], [ -95.977302, 28.616419 ] ] ], [ [ [ -95.705669, 28.724198 ], [ -95.706604, 28.7239 ], [ -95.706708, 28.724312 ], [ -95.705669, 28.724198 ] ] ], [ [ [ -82.670605, 28.732861 ], [ -82.651235, 28.725753 ], [ -82.66741, 28.712509 ], [ -82.670605, 28.732861 ] ] ], [ [ [ -82.657773, 28.769569 ], [ -82.644459, 28.759986 ], [ -82.686516, 28.760885 ], [ -82.68212, 28.772139 ], [ -82.657773, 28.769569 ] ] ], [ [ [ -82.646995, 28.79487 ], [ -82.642056, 28.782308 ], [ -82.696401, 28.771955 ], [ -82.697781, 28.782063 ], [ -82.652722, 28.785658 ], [ -82.672857, 28.789579 ], [ -82.646995, 28.79487 ] ] ], [ [ [ -82.63859, 28.796723 ], [ -82.640412, 28.795898 ], [ -82.639318, 28.797136 ], [ -82.63859, 28.796723 ] ] ], [ [ [ -82.685502, 28.786761 ], [ -82.672337, 28.795241 ], [ -82.668434, 28.795653 ], [ -82.674834, 28.790084 ], [ -82.672546, 28.787952 ], [ -82.685502, 28.786761 ] ] ], [ [ [ -82.68251, 28.819879 ], [ -82.648764, 28.795924 ], [ -82.690836, 28.799802 ], [ -82.68251, 28.819879 ] ] ], [ [ [ -82.710279, 28.824025 ], [ -82.695757, 28.821827 ], [ -82.700049, 28.815959 ], [ -82.710279, 28.824025 ] ] ], [ [ [ -82.644138, 28.852396 ], [ -82.638805, 28.842792 ], [ -82.645574, 28.841739 ], [ -82.65565, 28.831817 ], [ -82.65448, 28.824781 ], [ -82.66234, 28.824278 ], [ -82.644138, 28.852396 ] ] ], [ [ [ -82.671706, 28.864617 ], [ -82.667311, 28.824027 ], [ -82.72056, 28.827689 ], [ -82.723381, 28.854412 ], [ -82.671706, 28.864617 ] ] ], [ [ [ -82.674205, 28.867252 ], [ -82.670195, 28.873348 ], [ -82.664337, 28.865647 ], [ -82.674205, 28.867252 ] ] ], [ [ [ -82.664434, 28.880975 ], [ -82.639177, 28.879433 ], [ -82.646893, 28.865026 ], [ -82.640593, 28.863511 ], [ -82.642547, 28.86099 ], [ -82.642472, 28.85361 ], [ -82.664434, 28.880975 ] ] ], [ [ [ -89.408198, 28.929708 ], [ -89.404969, 28.929548 ], [ -89.409449, 28.927027 ], [ -89.408198, 28.929708 ] ] ], [ [ [ -89.414447, 28.937775 ], [ -89.413562, 28.93326 ], [ -89.418693, 28.930489 ], [ -89.414447, 28.937775 ] ] ], [ [ [ -89.408013, 28.942607 ], [ -89.411035, 28.9372 ], [ -89.41278, 28.937521 ], [ -89.408013, 28.942607 ] ] ], [ [ [ -89.407621, 28.945242 ], [ -89.405486, 28.945058 ], [ -89.407075, 28.942905 ], [ -89.407621, 28.945242 ] ] ], [ [ [ -89.373772, 28.963786 ], [ -89.37265, 28.961885 ], [ -89.378054, 28.956275 ], [ -89.377271, 28.960147 ], [ -89.373772, 28.963786 ] ] ], [ [ [ -89.383705, 28.959233 ], [ -89.37774, 28.959437 ], [ -89.385608, 28.957928 ], [ -89.382952, 28.955842 ], [ -89.38131, 28.957147 ], [ -89.379096, 28.955749 ], [ -89.383814, 28.947434 ], [ -89.403301, 28.932983 ], [ -89.395354, 28.947621 ], [ -89.385502, 28.961181 ], [ -89.377552, 28.969404 ], [ -89.383861, 28.961685 ], [ -89.383705, 28.959233 ] ] ], [ [ [ -89.373257, 28.973637 ], [ -89.377374, 28.960949 ], [ -89.383027, 28.961478 ], [ -89.373257, 28.973637 ] ] ], [ [ [ -89.367451, 28.981017 ], [ -89.343982, 28.999538 ], [ -89.37177, 28.971026 ], [ -89.367451, 28.981017 ] ] ], [ [ [ -82.755703, 29.009768 ], [ -82.752601, 29.00885 ], [ -82.757113, 29.006537 ], [ -82.755703, 29.009768 ] ] ], [ [ [ -80.913476, 29.012464 ], [ -80.915184, 29.014173 ], [ -80.916576, 29.017464 ], [ -80.913476, 29.012464 ] ] ], [ [ [ -89.33791, 29.017654 ], [ -89.341139, 29.006976 ], [ -89.344137, 29.00764 ], [ -89.33791, 29.017654 ] ] ], [ [ [ -89.171098, 29.017627 ], [ -89.155538, 29.004929 ], [ -89.154705, 29.0036 ], [ -89.171098, 29.017627 ] ] ], [ [ [ -89.344974, 29.018569 ], [ -89.403089, 28.948013 ], [ -89.405849, 28.948655 ], [ -89.344974, 29.018569 ] ] ], [ [ [ -89.16445, 29.020924 ], [ -89.15598, 29.008894 ], [ -89.168073, 29.01962 ], [ -89.16445, 29.020924 ] ] ], [ [ [ -89.186113, 29.020812 ], [ -89.171463, 29.01836 ], [ -89.170369, 29.011394 ], [ -89.186113, 29.020812 ] ] ], [ [ [ -89.169377, 29.020192 ], [ -89.167839, 29.021337 ], [ -89.16312, 29.022322 ], [ -89.169377, 29.020192 ] ] ], [ [ [ -89.346096, 29.02283 ], [ -89.341092, 29.024068 ], [ -89.344557, 29.019416 ], [ -89.346096, 29.02283 ] ] ], [ [ [ -89.161423, 29.03096 ], [ -89.176415, 29.025508 ], [ -89.171227, 29.028991 ], [ -89.161423, 29.03096 ] ] ], [ [ [ -89.188277, 29.033002 ], [ -89.182776, 29.026517 ], [ -89.188251, 29.029542 ], [ -89.188277, 29.033002 ] ] ], [ [ [ -80.916676, 29.025561 ], [ -80.907104, 29.024807 ], [ -80.90048, 29.022647 ], [ -80.9052, 29.022775 ], [ -80.909296, 29.013192 ], [ -80.91206, 29.017515 ], [ -80.908544, 29.009808 ], [ -80.916676, 29.025561 ] ] ], [ [ [ -89.167837, 29.034811 ], [ -89.164683, 29.031327 ], [ -89.171201, 29.029587 ], [ -89.167837, 29.034811 ] ] ], [ [ [ -89.196074, 29.037928 ], [ -89.188903, 29.034583 ], [ -89.189893, 29.032635 ], [ -89.196074, 29.037928 ] ] ], [ [ [ -89.173754, 29.042098 ], [ -89.173312, 29.035636 ], [ -89.174928, 29.033712 ], [ -89.177378, 29.040448 ], [ -89.173754, 29.042098 ] ] ], [ [ [ -89.325272, 29.040589 ], [ -89.335803, 29.032913 ], [ -89.325872, 29.043224 ], [ -89.325272, 29.040589 ] ] ], [ [ [ -90.822606, 29.037933 ], [ -90.818878, 29.040041 ], [ -90.803599, 29.038414 ], [ -90.822606, 29.037933 ] ] ], [ [ [ -89.322926, 29.043384 ], [ -89.323969, 29.045538 ], [ -89.321622, 29.045744 ], [ -89.322926, 29.043384 ] ] ], [ [ [ -90.904009, 29.045853 ], [ -90.873008, 29.04147 ], [ -90.900778, 29.040399 ], [ -90.904009, 29.045853 ] ] ], [ [ [ -89.200846, 29.04707 ], [ -89.198969, 29.045306 ], [ -89.195422, 29.041548 ], [ -89.200846, 29.04707 ] ] ], [ [ [ -89.201811, 29.049521 ], [ -89.20348, 29.048605 ], [ -89.202776, 29.049957 ], [ -89.201811, 29.049521 ] ] ], [ [ [ -90.745056, 29.040514 ], [ -90.716743, 29.047831 ], [ -90.723964, 29.04375 ], [ -90.745056, 29.040514 ] ] ], [ [ [ -90.80047, 29.039353 ], [ -90.786885, 29.045835 ], [ -90.795594, 29.040658 ], [ -90.80047, 29.039353 ] ] ], [ [ [ -89.206297, 29.052545 ], [ -89.203976, 29.049407 ], [ -89.206609, 29.048467 ], [ -89.206297, 29.052545 ] ] ], [ [ [ -90.844849, 29.048722 ], [ -90.839684, 29.041802 ], [ -90.82464, 29.037864 ], [ -90.839762, 29.03958 ], [ -90.844849, 29.048722 ] ] ], [ [ [ -89.30139, 29.050899 ], [ -89.294689, 29.049959 ], [ -89.310463, 29.042973 ], [ -89.304153, 29.054772 ], [ -89.30139, 29.050899 ] ] ], [ [ [ -90.442931, 29.052323 ], [ -90.424239, 29.051658 ], [ -90.422074, 29.049481 ], [ -90.442931, 29.052323 ] ] ], [ [ [ -89.289551, 29.055457 ], [ -89.286318, 29.052959 ], [ -89.289343, 29.053143 ], [ -89.289551, 29.055457 ] ] ], [ [ [ -89.174301, 29.050002 ], [ -89.156411, 29.052658 ], [ -89.151198, 29.045187 ], [ -89.174301, 29.050002 ] ] ], [ [ [ -89.150936, 29.050365 ], [ -89.154299, 29.053162 ], [ -89.149814, 29.053115 ], [ -89.149345, 29.051534 ], [ -89.145693, 29.05332 ], [ -89.150936, 29.050365 ] ] ], [ [ [ -89.20502, 29.054973 ], [ -89.209114, 29.054515 ], [ -89.207524, 29.057356 ], [ -89.20502, 29.054973 ] ] ], [ [ [ -90.814211, 29.041438 ], [ -90.798903, 29.056766 ], [ -90.798721, 29.054841 ], [ -90.814211, 29.041438 ] ] ], [ [ [ -89.16486, 29.058686 ], [ -89.162957, 29.055821 ], [ -89.166633, 29.057243 ], [ -89.16486, 29.058686 ] ] ], [ [ [ -90.740627, 29.047801 ], [ -90.731347, 29.054174 ], [ -90.714502, 29.054911 ], [ -90.740627, 29.047801 ] ] ], [ [ [ -90.96511, 29.060612 ], [ -90.930788, 29.056215 ], [ -90.90839, 29.045121 ], [ -90.916135, 29.042511 ], [ -90.96511, 29.060612 ] ] ], [ [ [ -89.161443, 29.060679 ], [ -89.164729, 29.059648 ], [ -89.162825, 29.062214 ], [ -89.161443, 29.060679 ] ] ], [ [ [ -89.290123, 29.062721 ], [ -89.278154, 29.062994 ], [ -89.277999, 29.05754 ], [ -89.286239, 29.059444 ], [ -89.29388, 29.051975 ], [ -89.290123, 29.062721 ] ] ], [ [ [ -89.156748, 29.066132 ], [ -89.142326, 29.061018 ], [ -89.14045, 29.058909 ], [ -89.157086, 29.064734 ], [ -89.150386, 29.057217 ], [ -89.153307, 29.05504 ], [ -89.162903, 29.057632 ], [ -89.154376, 29.058042 ], [ -89.163059, 29.06375 ], [ -89.156748, 29.066132 ] ] ], [ [ [ -89.20828, 29.057769 ], [ -89.210391, 29.053919 ], [ -89.212608, 29.053484 ], [ -89.209088, 29.058089 ], [ -89.211698, 29.066498 ], [ -89.20828, 29.057769 ] ] ], [ [ [ -89.149105, 29.066382 ], [ -89.143786, 29.062279 ], [ -89.149158, 29.065168 ], [ -89.149105, 29.066382 ] ] ], [ [ [ -89.152339, 29.067849 ], [ -89.150462, 29.06558 ], [ -89.154686, 29.066727 ], [ -89.152339, 29.067849 ] ] ], [ [ [ -89.173022, 29.063705 ], [ -89.164155, 29.063933 ], [ -89.16739, 29.05777 ], [ -89.173022, 29.063705 ] ] ], [ [ [ -90.452318, 29.068382 ], [ -90.439855, 29.065359 ], [ -90.436779, 29.054522 ], [ -90.452318, 29.068382 ] ] ], [ [ [ -89.212012, 29.067483 ], [ -89.214619, 29.065145 ], [ -89.213316, 29.069774 ], [ -89.212012, 29.067483 ] ] ], [ [ [ -89.273824, 29.065466 ], [ -89.270487, 29.063266 ], [ -89.281073, 29.069042 ], [ -89.273824, 29.065466 ] ] ], [ [ [ -89.169135, 29.067325 ], [ -89.166423, 29.070693 ], [ -89.165666, 29.069868 ], [ -89.169135, 29.067325 ] ] ], [ [ [ -90.475084, 29.070601 ], [ -90.47211, 29.067944 ], [ -90.47537, 29.068562 ], [ -90.475084, 29.070601 ] ] ], [ [ [ -89.157007, 29.071447 ], [ -89.153747, 29.068102 ], [ -89.157165, 29.067575 ], [ -89.157007, 29.071447 ] ] ], [ [ [ -89.130247, 29.070499 ], [ -89.131264, 29.070454 ], [ -89.134393, 29.072059 ], [ -89.130247, 29.070499 ] ] ], [ [ [ -90.720472, 29.049411 ], [ -90.63606, 29.069014 ], [ -90.637495, 29.066609 ], [ -90.650589, 29.061779 ], [ -90.720472, 29.049411 ] ] ], [ [ [ -89.141539, 29.072382 ], [ -89.131708, 29.070179 ], [ -89.129805, 29.066879 ], [ -89.141539, 29.072382 ] ] ], [ [ [ -89.285949, 29.070487 ], [ -89.278075, 29.063955 ], [ -89.292601, 29.063614 ], [ -89.301363, 29.053282 ], [ -89.298781, 29.062835 ], [ -89.285949, 29.070487 ] ] ], [ [ [ -89.311089, 29.06664 ], [ -89.315209, 29.056765 ], [ -89.315965, 29.057108 ], [ -89.311089, 29.06664 ] ] ], [ [ [ -89.27703, 29.075067 ], [ -89.27416, 29.073532 ], [ -89.279325, 29.073533 ], [ -89.27703, 29.075067 ] ] ], [ [ [ -89.28222, 29.07028 ], [ -89.279977, 29.072525 ], [ -89.272492, 29.070873 ], [ -89.266545, 29.073162 ], [ -89.26493, 29.068259 ], [ -89.28222, 29.07028 ] ] ], [ [ [ -89.19673, 29.076078 ], [ -89.195791, 29.07452 ], [ -89.192661, 29.067211 ], [ -89.198164, 29.073168 ], [ -89.19673, 29.076078 ] ] ], [ [ [ -89.123241, 29.07258 ], [ -89.117085, 29.073178 ], [ -89.117084, 29.071666 ], [ -89.123241, 29.07258 ] ] ], [ [ [ -89.143233, 29.07802 ], [ -89.137729, 29.077491 ], [ -89.135123, 29.072174 ], [ -89.140887, 29.073482 ], [ -89.143233, 29.07802 ] ] ], [ [ [ -89.181888, 29.078255 ], [ -89.179254, 29.077178 ], [ -89.176412, 29.071725 ], [ -89.181602, 29.076307 ], [ -89.181888, 29.078255 ] ] ], [ [ [ -89.158701, 29.077221 ], [ -89.154529, 29.073829 ], [ -89.159198, 29.071745 ], [ -89.158701, 29.077221 ] ] ], [ [ [ -89.282428, 29.077222 ], [ -89.267014, 29.073735 ], [ -89.28308, 29.076146 ], [ -89.282428, 29.077222 ] ] ], [ [ [ -89.174821, 29.071702 ], [ -89.166292, 29.071839 ], [ -89.169265, 29.070533 ], [ -89.174821, 29.071702 ] ] ], [ [ [ -89.175629, 29.078896 ], [ -89.174664, 29.072733 ], [ -89.178706, 29.078942 ], [ -89.175629, 29.078896 ] ] ], [ [ [ -90.490546, 29.067045 ], [ -90.492684, 29.069107 ], [ -90.475969, 29.067623 ], [ -90.490546, 29.067045 ] ] ], [ [ [ -90.344623, 29.059376 ], [ -90.279701, 29.075362 ], [ -90.338758, 29.05775 ], [ -90.344623, 29.059376 ] ] ], [ [ [ -89.135774, 29.075841 ], [ -89.124664, 29.074687 ], [ -89.122848, 29.070609 ], [ -89.135774, 29.075841 ] ] ], [ [ [ -89.130972, 29.08198 ], [ -89.12437, 29.083945 ], [ -89.125965, 29.078907 ], [ -89.128182, 29.079504 ], [ -89.130972, 29.08198 ] ] ], [ [ [ -89.26816, 29.077905 ], [ -89.254443, 29.075541 ], [ -89.259665, 29.062712 ], [ -89.26816, 29.077905 ] ] ], [ [ [ -89.225242, 29.086291 ], [ -89.21316, 29.070805 ], [ -89.217255, 29.072087 ], [ -89.215244, 29.061891 ], [ -89.212192, 29.059326 ], [ -89.21519, 29.056644 ], [ -89.225242, 29.086291 ] ] ], [ [ [ -89.255428, 29.087708 ], [ -89.255902, 29.078245 ], [ -89.263932, 29.084686 ], [ -89.255428, 29.087708 ] ] ], [ [ [ -89.158073, 29.087968 ], [ -89.140909, 29.08416 ], [ -89.138693, 29.081937 ], [ -89.158073, 29.087968 ] ] ], [ [ [ -89.158698, 29.089068 ], [ -89.158804, 29.08224 ], [ -89.160811, 29.088862 ], [ -89.158698, 29.089068 ] ] ], [ [ [ -89.278774, 29.088792 ], [ -89.268942, 29.081938 ], [ -89.277705, 29.086317 ], [ -89.27403, 29.078411 ], [ -89.283367, 29.077978 ], [ -89.296904, 29.066845 ], [ -89.310933, 29.043912 ], [ -89.337076, 29.018524 ], [ -89.303944, 29.062837 ], [ -89.278774, 29.088792 ] ] ], [ [ [ -89.163055, 29.089412 ], [ -89.159771, 29.075388 ], [ -89.164649, 29.070601 ], [ -89.163055, 29.089412 ] ] ], [ [ [ -90.274067, 29.078453 ], [ -90.274014, 29.079162 ], [ -90.266661, 29.080397 ], [ -90.274067, 29.078453 ] ] ], [ [ [ -90.264548, 29.082045 ], [ -90.245283, 29.085824 ], [ -90.254743, 29.082727 ], [ -90.264548, 29.082045 ] ] ], [ [ [ -89.161411, 29.092758 ], [ -89.160159, 29.090031 ], [ -89.162819, 29.091841 ], [ -89.161411, 29.092758 ] ] ], [ [ [ -90.536556, 29.092527 ], [ -90.480843, 29.061665 ], [ -90.472423, 29.066959 ], [ -90.473985, 29.060865 ], [ -90.468196, 29.057865 ], [ -90.47052, 29.069961 ], [ -90.455656, 29.070856 ], [ -90.441289, 29.055141 ], [ -90.46658, 29.056376 ], [ -90.496335, 29.06686 ], [ -90.536556, 29.092527 ] ] ], [ [ [ -89.110365, 29.092153 ], [ -89.107286, 29.090689 ], [ -89.115451, 29.089975 ], [ -89.110389, 29.086494 ], [ -89.112031, 29.084706 ], [ -89.106081, 29.07843 ], [ -89.10634, 29.076345 ], [ -89.119077, 29.089492 ], [ -89.117306, 29.093709 ], [ -89.110365, 29.092153 ] ] ], [ [ [ -83.035127, 29.096419 ], [ -83.034109, 29.096643 ], [ -83.030801, 29.095114 ], [ -83.035127, 29.096419 ] ] ], [ [ [ -89.174558, 29.097204 ], [ -89.170828, 29.094546 ], [ -89.175889, 29.093973 ], [ -89.174558, 29.097204 ] ] ], [ [ [ -89.178236, 29.097456 ], [ -89.177323, 29.096173 ], [ -89.177193, 29.093836 ], [ -89.178732, 29.093057 ], [ -89.178236, 29.097456 ] ] ], [ [ [ -83.031532, 29.098691 ], [ -83.031585, 29.09617 ], [ -83.032732, 29.098554 ], [ -83.031532, 29.098691 ] ] ], [ [ [ -89.072875, 29.079836 ], [ -89.063093, 29.081898 ], [ -89.067006, 29.080065 ], [ -89.063358, 29.080258 ], [ -89.063292, 29.077333 ], [ -89.070831, 29.079999 ], [ -89.06351, 29.071014 ], [ -89.072875, 29.079836 ] ] ], [ [ [ -89.226109, 29.099809 ], [ -89.218985, 29.092502 ], [ -89.21781, 29.088355 ], [ -89.224725, 29.094883 ], [ -89.226109, 29.099809 ] ] ], [ [ [ -89.179541, 29.100344 ], [ -89.175445, 29.098969 ], [ -89.181158, 29.099427 ], [ -89.179541, 29.100344 ] ] ], [ [ [ -83.076408, 29.10073 ], [ -83.061405, 29.101694 ], [ -83.06224, 29.096493 ], [ -83.069181, 29.096194 ], [ -83.076408, 29.10073 ] ] ], [ [ [ -89.187707, 29.10339 ], [ -89.183455, 29.101511 ], [ -89.180141, 29.100549 ], [ -89.183036, 29.099609 ], [ -89.187707, 29.10339 ] ] ], [ [ [ -89.128903, 29.098156 ], [ -89.106323, 29.094767 ], [ -89.121924, 29.093798 ], [ -89.128903, 29.098156 ] ] ], [ [ [ -89.096715, 29.073759 ], [ -89.099697, 29.096007 ], [ -89.089646, 29.073875 ], [ -89.096715, 29.073759 ] ] ], [ [ [ -89.218356, 29.086705 ], [ -89.209281, 29.095689 ], [ -89.215277, 29.083406 ], [ -89.218356, 29.086705 ] ] ], [ [ [ -89.121017, 29.103766 ], [ -89.11614, 29.106175 ], [ -89.117311, 29.101843 ], [ -89.121017, 29.103766 ] ] ], [ [ [ -89.274281, 29.108471 ], [ -89.285869, 29.086731 ], [ -89.298729, 29.074635 ], [ -89.274281, 29.108471 ] ] ], [ [ [ -90.358564, 29.10718 ], [ -90.340383, 29.106657 ], [ -90.365214, 29.10294 ], [ -90.358564, 29.10718 ] ] ], [ [ [ -89.18249, 29.109027 ], [ -89.168427, 29.09954 ], [ -89.16501, 29.098669 ], [ -89.161984, 29.096172 ], [ -89.160967, 29.093491 ], [ -89.165453, 29.098279 ], [ -89.170175, 29.095646 ], [ -89.175262, 29.100251 ], [ -89.182672, 29.103161 ], [ -89.183925, 29.104673 ], [ -89.18249, 29.109027 ] ] ], [ [ [ -89.072435, 29.09945 ], [ -89.069618, 29.106279 ], [ -89.068756, 29.100207 ], [ -89.072435, 29.09945 ] ] ], [ [ [ -89.191465, 29.110218 ], [ -89.189847, 29.104902 ], [ -89.191856, 29.110332 ], [ -89.191465, 29.110218 ] ] ], [ [ [ -89.145621, 29.112185 ], [ -89.143664, 29.111657 ], [ -89.144422, 29.10751 ], [ -89.145621, 29.112185 ] ] ], [ [ [ -89.143197, 29.103499 ], [ -89.127332, 29.108329 ], [ -89.136415, 29.101229 ], [ -89.143197, 29.103499 ] ] ], [ [ [ -89.070141, 29.113405 ], [ -89.070871, 29.110334 ], [ -89.07275, 29.113954 ], [ -89.070141, 29.113405 ] ] ], [ [ [ -89.066957, 29.114024 ], [ -89.065183, 29.111251 ], [ -89.068392, 29.10983 ], [ -89.068679, 29.11274 ], [ -89.066957, 29.114024 ] ] ], [ [ [ -89.273392, 29.115757 ], [ -89.272349, 29.112802 ], [ -89.273341, 29.112 ], [ -89.273392, 29.115757 ] ] ], [ [ [ -89.212079, 29.116332 ], [ -89.208214, 29.107168 ], [ -89.209519, 29.106778 ], [ -89.212079, 29.116332 ] ] ], [ [ [ -89.071576, 29.117827 ], [ -89.069567, 29.113886 ], [ -89.076117, 29.116589 ], [ -89.071576, 29.117827 ] ] ], [ [ [ -89.105344, 29.1194 ], [ -89.107137, 29.105147 ], [ -89.111032, 29.119604 ], [ -89.105344, 29.1194 ] ] ], [ [ [ -89.162711, 29.117252 ], [ -89.155691, 29.118855 ], [ -89.14745, 29.107075 ], [ -89.158382, 29.105725 ], [ -89.162711, 29.117252 ] ] ], [ [ [ -89.231152, 29.114745 ], [ -89.220685, 29.105081 ], [ -89.228695, 29.105445 ], [ -89.231152, 29.114745 ] ] ], [ [ [ -89.068915, 29.118148 ], [ -89.065418, 29.116499 ], [ -89.067923, 29.117094 ], [ -89.068366, 29.114276 ], [ -89.068915, 29.118148 ] ] ], [ [ [ -89.067897, 29.119386 ], [ -89.065105, 29.121173 ], [ -89.063931, 29.120623 ], [ -89.067897, 29.119386 ] ] ], [ [ [ -89.268798, 29.120727 ], [ -89.273, 29.116743 ], [ -89.271877, 29.121759 ], [ -89.268798, 29.120727 ] ] ], [ [ [ -89.082303, 29.12085 ], [ -89.077944, 29.120943 ], [ -89.072072, 29.118606 ], [ -89.082303, 29.12085 ] ] ], [ [ [ -89.067896, 29.108936 ], [ -89.064556, 29.103553 ], [ -89.06025, 29.080775 ], [ -89.067896, 29.108936 ] ] ], [ [ [ -89.147079, 29.121282 ], [ -89.120896, 29.118294 ], [ -89.116115, 29.107802 ], [ -89.147079, 29.121282 ] ] ], [ [ [ -89.204382, 29.117823 ], [ -89.204222, 29.103297 ], [ -89.184915, 29.087855 ], [ -89.204926, 29.102335 ], [ -89.209362, 29.126262 ], [ -89.204382, 29.117823 ] ] ], [ [ [ -89.212782, 29.126353 ], [ -89.210827, 29.118212 ], [ -89.220144, 29.121509 ], [ -89.212782, 29.126353 ] ] ], [ [ [ -89.043108, 29.125504 ], [ -89.038696, 29.122846 ], [ -89.043027, 29.123236 ], [ -89.043108, 29.125504 ] ] ], [ [ [ -89.206936, 29.126446 ], [ -89.192092, 29.118971 ], [ -89.184446, 29.105658 ], [ -89.206936, 29.126446 ] ] ], [ [ [ -89.068206, 29.126167 ], [ -89.068759, 29.122662 ], [ -89.068728, 29.125705 ], [ -89.070921, 29.127428 ], [ -89.068206, 29.126167 ] ] ], [ [ [ -89.218653, 29.127498 ], [ -89.217535, 29.124099 ], [ -89.220483, 29.122379 ], [ -89.221554, 29.124395 ], [ -89.22061, 29.127108 ], [ -89.218653, 29.127498 ] ] ], [ [ [ -89.076297, 29.129008 ], [ -89.069328, 29.125614 ], [ -89.068967, 29.119546 ], [ -89.075492, 29.122937 ], [ -89.076297, 29.129008 ] ] ], [ [ [ -89.218002, 29.130247 ], [ -89.213252, 29.126651 ], [ -89.216492, 29.124626 ], [ -89.218002, 29.130247 ] ] ], [ [ [ -89.089267, 29.127036 ], [ -89.077263, 29.129306 ], [ -89.076196, 29.123005 ], [ -89.089267, 29.127036 ] ] ], [ [ [ -89.130551, 29.131086 ], [ -89.126376, 29.130786 ], [ -89.109129, 29.120865 ], [ -89.130551, 29.131086 ] ] ], [ [ [ -89.11132, 29.130764 ], [ -89.080659, 29.122638 ], [ -89.091879, 29.120963 ], [ -89.078124, 29.10802 ], [ -89.11132, 29.130764 ] ] ], [ [ [ -89.062648, 29.129719 ], [ -89.062913, 29.121426 ], [ -89.067037, 29.124793 ], [ -89.062648, 29.129719 ] ] ], [ [ [ -90.403255, 29.105281 ], [ -90.345602, 29.116209 ], [ -90.387033, 29.103122 ], [ -90.403255, 29.105281 ] ] ], [ [ [ -89.040254, 29.134941 ], [ -89.045945, 29.13311 ], [ -89.041298, 29.135033 ], [ -89.040254, 29.134941 ] ] ], [ [ [ -89.044666, 29.132147 ], [ -89.048981, 29.128844 ], [ -89.045638, 29.120486 ], [ -89.05819, 29.123442 ], [ -89.044666, 29.132147 ] ] ], [ [ [ -89.070973, 29.128711 ], [ -89.063692, 29.132882 ], [ -89.066327, 29.126374 ], [ -89.070973, 29.128711 ] ] ], [ [ [ -89.075202, 29.136937 ], [ -89.071677, 29.129421 ], [ -89.073635, 29.128779 ], [ -89.075202, 29.136937 ] ] ], [ [ [ -89.150044, 29.136432 ], [ -89.13037, 29.129 ], [ -89.147227, 29.129556 ], [ -89.150044, 29.136432 ] ] ], [ [ [ -89.153488, 29.138838 ], [ -89.148634, 29.138814 ], [ -89.148112, 29.138424 ], [ -89.153488, 29.138838 ] ] ], [ [ [ -83.050447, 29.137825 ], [ -83.050782, 29.127242 ], [ -83.05621, 29.12935 ], [ -83.050447, 29.137825 ] ] ], [ [ [ -89.110856, 29.139839 ], [ -89.090076, 29.127402 ], [ -89.112783, 29.133239 ], [ -89.137857, 29.133128 ], [ -89.14172, 29.134848 ], [ -89.120222, 29.133946 ], [ -89.110856, 29.139839 ] ] ], [ [ [ -89.135661, 29.141055 ], [ -89.13488, 29.138145 ], [ -89.137228, 29.13959 ], [ -89.135661, 29.141055 ] ] ], [ [ [ -89.205501, 29.129676 ], [ -89.168156, 29.135038 ], [ -89.181675, 29.129952 ], [ -89.167558, 29.125918 ], [ -89.177324, 29.123875 ], [ -89.16352, 29.117229 ], [ -89.164592, 29.103297 ], [ -89.205501, 29.129676 ] ] ], [ [ [ -89.130572, 29.140412 ], [ -89.121425, 29.138849 ], [ -89.129974, 29.136195 ], [ -89.130572, 29.140412 ] ] ], [ [ [ -89.213803, 29.138565 ], [ -89.211844, 29.136251 ], [ -89.209573, 29.129035 ], [ -89.213803, 29.138565 ] ] ], [ [ [ -89.203259, 29.141408 ], [ -89.189661, 29.141455 ], [ -89.202996, 29.133205 ], [ -89.203259, 29.141408 ] ] ], [ [ [ -89.252081, 29.142728 ], [ -89.242056, 29.11213 ], [ -89.228087, 29.088374 ], [ -89.260062, 29.110575 ], [ -89.245013, 29.120777 ], [ -89.25463, 29.132951 ], [ -89.269411, 29.083611 ], [ -89.252081, 29.142728 ] ] ], [ [ [ -89.152235, 29.139961 ], [ -89.150877, 29.144177 ], [ -89.148947, 29.139295 ], [ -89.152235, 29.139961 ] ] ], [ [ [ -89.037669, 29.141036 ], [ -89.027387, 29.137367 ], [ -89.039367, 29.135101 ], [ -89.037669, 29.141036 ] ] ], [ [ [ -89.112267, 29.144536 ], [ -89.114928, 29.141739 ], [ -89.114199, 29.144695 ], [ -89.112267, 29.144536 ] ] ], [ [ [ -89.128612, 29.144856 ], [ -89.116494, 29.141143 ], [ -89.122836, 29.140819 ], [ -89.128612, 29.144856 ] ] ], [ [ [ -89.148841, 29.144589 ], [ -89.138113, 29.143233 ], [ -89.142711, 29.135123 ], [ -89.148841, 29.144589 ] ] ], [ [ [ -89.24891, 29.147374 ], [ -89.233129, 29.103059 ], [ -89.216425, 29.083406 ], [ -89.200486, 29.075528 ], [ -89.181107, 29.049728 ], [ -89.180298, 29.051905 ], [ -89.171954, 29.046704 ], [ -89.166035, 29.046565 ], [ -89.163897, 29.045534 ], [ -89.16176, 29.043517 ], [ -89.178108, 29.046154 ], [ -89.177848, 29.041525 ], [ -89.192137, 29.058344 ], [ -89.176676, 29.026379 ], [ -89.234799, 29.103815 ], [ -89.24891, 29.147374 ] ] ], [ [ [ -89.16189, 29.147341 ], [ -89.162987, 29.14285 ], [ -89.165883, 29.147159 ], [ -89.16189, 29.147341 ] ] ], [ [ [ -80.979379, 29.148246 ], [ -80.979576, 29.143161 ], [ -80.984268, 29.144259 ], [ -80.979379, 29.148246 ] ] ], [ [ [ -89.082408, 29.14633 ], [ -89.078988, 29.144795 ], [ -89.077107, 29.12981 ], [ -89.082408, 29.14633 ] ] ], [ [ [ -89.141556, 29.149283 ], [ -89.141141, 29.144907 ], [ -89.143803, 29.146306 ], [ -89.141556, 29.149283 ] ] ], [ [ [ -83.033722, 29.14928 ], [ -83.030398, 29.141285 ], [ -83.035267, 29.141737 ], [ -83.033722, 29.14928 ] ] ], [ [ [ -89.176637, 29.150184 ], [ -89.177682, 29.144868 ], [ -89.179926, 29.146312 ], [ -89.176637, 29.150184 ] ] ], [ [ [ -89.119423, 29.151521 ], [ -89.120309, 29.149687 ], [ -89.121798, 29.150717 ], [ -89.119423, 29.151521 ] ] ], [ [ [ -89.149415, 29.14562 ], [ -89.149023, 29.147315 ], [ -89.147142, 29.151141 ], [ -89.142601, 29.149375 ], [ -89.149415, 29.14562 ] ] ], [ [ [ -89.110471, 29.153174 ], [ -89.113079, 29.149438 ], [ -89.113967, 29.150583 ], [ -89.110471, 29.153174 ] ] ], [ [ [ -89.108044, 29.155375 ], [ -89.107076, 29.15109 ], [ -89.110289, 29.154824 ], [ -89.108044, 29.155375 ] ] ], [ [ [ -83.046846, 29.155172 ], [ -83.03976, 29.141485 ], [ -83.026873, 29.139061 ], [ -83.029588, 29.135029 ], [ -83.035526, 29.13408 ], [ -83.04629, 29.146558 ], [ -83.052578, 29.136402 ], [ -83.054448, 29.137338 ], [ -83.046846, 29.155172 ] ] ], [ [ [ -89.127046, 29.145062 ], [ -89.119053, 29.144463 ], [ -89.110232, 29.146346 ], [ -89.114878, 29.14497 ], [ -89.115894, 29.141716 ], [ -89.127046, 29.145062 ] ] ], [ [ [ -89.175253, 29.156347 ], [ -89.155859, 29.152815 ], [ -89.151659, 29.145322 ], [ -89.176689, 29.151284 ], [ -89.181571, 29.147137 ], [ -89.175253, 29.156347 ] ] ], [ [ [ -83.034193, 29.156368 ], [ -83.030862, 29.150591 ], [ -83.03297, 29.150822 ], [ -83.034193, 29.156368 ] ] ], [ [ [ -83.039597, 29.159643 ], [ -83.03864, 29.156594 ], [ -83.040541, 29.157571 ], [ -83.039597, 29.159643 ] ] ], [ [ [ -89.145158, 29.160834 ], [ -89.131822, 29.146621 ], [ -89.149398, 29.153951 ], [ -89.145959, 29.155527 ], [ -89.145158, 29.160834 ] ] ], [ [ [ -89.162906, 29.158293 ], [ -89.146389, 29.162595 ], [ -89.150967, 29.153049 ], [ -89.162906, 29.158293 ] ] ], [ [ [ -89.134369, 29.16768 ], [ -89.134663, 29.163247 ], [ -89.137815, 29.166551 ], [ -89.134369, 29.16768 ] ] ], [ [ [ -89.018031, 29.16752 ], [ -89.014873, 29.163715 ], [ -89.02085, 29.168094 ], [ -89.018031, 29.16752 ] ] ], [ [ [ -89.012467, 29.172812 ], [ -89.013255, 29.16328 ], [ -89.014063, 29.164586 ], [ -89.012467, 29.172812 ] ] ], [ [ [ -89.061578, 29.17282 ], [ -89.056879, 29.172087 ], [ -89.062048, 29.169956 ], [ -89.061578, 29.17282 ] ] ], [ [ [ -89.052858, 29.17337 ], [ -89.047038, 29.157834 ], [ -89.06364, 29.162097 ], [ -89.052858, 29.17337 ] ] ], [ [ [ -89.133264, 29.16744 ], [ -89.127697, 29.164858 ], [ -89.10147, 29.16617 ], [ -89.118326, 29.149757 ], [ -89.117809, 29.159312 ], [ -89.133264, 29.16744 ] ] ], [ [ [ -89.036278, 29.173047 ], [ -89.020954, 29.170248 ], [ -89.014843, 29.173569 ], [ -89.018317, 29.169606 ], [ -89.02675, 29.168096 ], [ -89.036278, 29.173047 ] ] ], [ [ [ -89.120588, 29.179383 ], [ -89.135741, 29.172033 ], [ -89.144262, 29.171991 ], [ -89.120588, 29.179383 ] ] ], [ [ [ -89.141779, 29.180628 ], [ -89.132537, 29.177142 ], [ -89.141337, 29.174739 ], [ -89.141779, 29.180628 ] ] ], [ [ [ -89.072546, 29.183842 ], [ -89.084209, 29.148277 ], [ -89.098314, 29.174579 ], [ -89.102046, 29.172012 ], [ -89.111001, 29.172879 ], [ -89.072546, 29.183842 ] ] ], [ [ [ -89.122966, 29.183117 ], [ -89.113463, 29.184496 ], [ -89.118422, 29.181836 ], [ -89.122966, 29.183117 ] ] ], [ [ [ -89.019098, 29.175358 ], [ -89.047947, 29.185721 ], [ -89.029461, 29.181296 ], [ -89.019098, 29.175358 ] ] ], [ [ [ -89.131854, 29.184176 ], [ -89.128668, 29.186535 ], [ -89.126058, 29.183349 ], [ -89.131854, 29.184176 ] ] ], [ [ [ -89.128223, 29.188254 ], [ -89.126188, 29.185801 ], [ -89.129686, 29.187246 ], [ -89.128223, 29.188254 ] ] ], [ [ [ -89.105812, 29.183009 ], [ -89.088997, 29.187001 ], [ -89.104219, 29.182551 ], [ -89.105812, 29.183009 ] ] ], [ [ [ -89.134283, 29.186331 ], [ -89.13146, 29.188897 ], [ -89.130365, 29.187063 ], [ -89.134283, 29.186331 ] ] ], [ [ [ -89.016562, 29.18395 ], [ -89.005802, 29.186834 ], [ -89.009539, 29.180786 ], [ -89.016562, 29.18395 ] ] ], [ [ [ -89.105893, 29.189586 ], [ -89.101037, 29.191993 ], [ -89.103385, 29.187066 ], [ -89.105893, 29.189586 ] ] ], [ [ [ -89.123652, 29.194046 ], [ -89.12582, 29.189192 ], [ -89.129997, 29.190408 ], [ -89.123652, 29.194046 ] ] ], [ [ [ -89.039643, 29.198414 ], [ -89.037109, 29.193648 ], [ -89.038677, 29.190372 ], [ -89.026456, 29.190438 ], [ -89.028258, 29.187941 ], [ -89.039199, 29.189616 ], [ -89.046929, 29.192503 ], [ -89.039643, 29.198414 ] ] ], [ [ [ -89.065784, 29.195505 ], [ -89.059777, 29.194681 ], [ -89.088318, 29.187116 ], [ -89.065784, 29.195505 ] ] ], [ [ [ -89.126259, 29.197739 ], [ -89.129837, 29.197443 ], [ -89.126259, 29.199114 ], [ -89.126259, 29.197739 ] ] ], [ [ [ -89.092029, 29.198113 ], [ -89.086676, 29.196946 ], [ -89.091714, 29.192659 ], [ -89.092029, 29.198113 ] ] ], [ [ [ -89.026509, 29.187551 ], [ -89.013529, 29.19261 ], [ -89.018232, 29.184959 ], [ -89.026509, 29.187551 ] ] ], [ [ [ -89.021099, 29.200083 ], [ -89.030477, 29.191332 ], [ -89.036692, 29.196512 ], [ -89.021099, 29.200083 ] ] ], [ [ [ -89.244685, 29.19776 ], [ -89.257012, 29.198497 ], [ -89.242076, 29.201427 ], [ -89.244685, 29.19776 ] ] ], [ [ [ -89.10263, 29.193321 ], [ -89.091638, 29.199763 ], [ -89.09631, 29.193804 ], [ -89.10263, 29.193321 ] ] ], [ [ [ -89.128163, 29.203697 ], [ -89.1194, 29.201288 ], [ -89.129941, 29.199711 ], [ -89.128163, 29.203697 ] ] ], [ [ [ -89.024753, 29.206569 ], [ -89.037632, 29.196306 ], [ -89.038755, 29.197154 ], [ -89.024753, 29.206569 ] ] ], [ [ [ -89.033869, 29.20625 ], [ -89.036873, 29.206342 ], [ -89.033869, 29.206571 ], [ -89.033869, 29.20625 ] ] ], [ [ [ -89.231212, 29.199736 ], [ -89.243615, 29.19815 ], [ -89.22521, 29.207666 ], [ -89.231212, 29.199736 ] ] ], [ [ [ -89.044264, 29.208566 ], [ -89.034417, 29.20829 ], [ -89.033268, 29.20696 ], [ -89.044264, 29.205977 ], [ -89.04275, 29.201485 ], [ -89.047163, 29.199996 ], [ -89.044264, 29.208566 ] ] ], [ [ [ -89.126852, 29.212037 ], [ -89.117391, 29.20507 ], [ -89.127455, 29.20805 ], [ -89.126852, 29.212037 ] ] ], [ [ [ -89.025927, 29.213673 ], [ -89.029323, 29.210305 ], [ -89.030237, 29.210787 ], [ -89.025927, 29.213673 ] ] ], [ [ [ -81.012164, 29.210658 ], [ -81.017769, 29.213319 ], [ -81.016376, 29.213926 ], [ -81.012164, 29.210658 ] ] ], [ [ [ -89.03627, 29.215164 ], [ -89.030473, 29.210145 ], [ -89.032877, 29.207442 ], [ -89.03627, 29.215164 ] ] ], [ [ [ -89.024645, 29.219309 ], [ -89.023471, 29.215849 ], [ -89.027936, 29.220226 ], [ -89.024645, 29.219309 ] ] ], [ [ [ -89.200689, 29.218279 ], [ -89.203352, 29.21711 ], [ -89.200872, 29.220914 ], [ -89.200689, 29.218279 ] ] ], [ [ [ -89.024595, 29.215688 ], [ -89.028433, 29.216469 ], [ -89.029347, 29.22119 ], [ -89.024595, 29.215688 ] ] ], [ [ [ -89.125477, 29.232475 ], [ -89.151595, 29.181937 ], [ -89.134415, 29.182596 ], [ -89.153423, 29.181181 ], [ -89.20905, 29.146974 ], [ -89.265266, 29.191673 ], [ -89.174126, 29.212758 ], [ -89.172505, 29.228866 ], [ -89.149494, 29.221737 ], [ -89.125477, 29.232475 ] ] ], [ [ [ -89.158763, 29.242131 ], [ -89.125048, 29.235177 ], [ -89.172375, 29.229714 ], [ -89.158763, 29.242131 ] ] ], [ [ [ -94.925951, 29.252481 ], [ -94.921862, 29.252016 ], [ -94.927933, 29.250228 ], [ -94.925951, 29.252481 ] ] ], [ [ [ -90.007628, 29.237998 ], [ -89.956461, 29.253744 ], [ -90.044949, 29.20084 ], [ -90.007628, 29.237998 ] ] ], [ [ [ -89.34537, 29.2681 ], [ -89.280698, 29.193006 ], [ -89.260404, 29.147428 ], [ -89.268615, 29.121506 ], [ -89.271389, 29.154145 ], [ -89.304825, 29.139167 ], [ -89.337539, 29.190691 ], [ -89.34537, 29.2681 ] ] ], [ [ [ -89.14121, 29.283375 ], [ -89.125522, 29.250787 ], [ -89.157012, 29.244834 ], [ -89.200714, 29.216652 ], [ -89.14121, 29.283375 ] ] ], [ [ [ -94.921531, 29.300647 ], [ -94.914181, 29.292554 ], [ -94.927997, 29.296739 ], [ -94.921531, 29.300647 ] ] ], [ [ [ -83.158859, 29.293231 ], [ -83.120049, 29.315421 ], [ -83.118367, 29.30101 ], [ -83.111124, 29.295834 ], [ -83.114569, 29.285957 ], [ -83.11284, 29.279175 ], [ -83.158859, 29.293231 ] ] ], [ [ [ -89.180934, 29.328588 ], [ -89.137993, 29.286926 ], [ -89.258238, 29.19946 ], [ -89.189535, 29.299169 ], [ -89.180934, 29.328588 ] ] ], [ [ [ -94.73098, 29.337952 ], [ -94.789068, 29.285184 ], [ -94.999386, 29.1648 ], [ -95.06246, 29.124754 ], [ -95.10723, 29.089442 ], [ -95.111087, 29.088755 ], [ -94.921063, 29.232815 ], [ -94.915623, 29.258094 ], [ -94.833711, 29.278855 ], [ -94.878802, 29.279335 ], [ -94.876893, 29.293223 ], [ -94.759995, 29.318536 ], [ -94.73098, 29.337952 ] ] ], [ [ [ -89.196572, 29.341854 ], [ -89.193691, 29.303064 ], [ -89.235806, 29.254734 ], [ -89.241897, 29.308711 ], [ -89.196572, 29.341854 ] ] ], [ [ [ -94.810704, 29.353435 ], [ -94.794396, 29.313336 ], [ -94.820503, 29.314063 ], [ -94.810704, 29.353435 ] ] ], [ [ [ -94.925938061999943, 29.46904192900007 ], [ -94.925921, 29.469026 ], [ -94.925937, 29.469026 ], [ -94.925938061999943, 29.46904192900007 ] ] ], [ [ [ -90.057285, 29.474972 ], [ -90.02287, 29.472102 ], [ -90.011419, 29.451142 ], [ -90.000072, 29.457251 ], [ -90.00056, 29.430847 ], [ -90.057285, 29.474972 ] ] ], [ [ [ -90.077526, 29.512255 ], [ -90.046815, 29.476986 ], [ -90.066654, 29.489973 ], [ -90.087359, 29.492561 ], [ -90.060582, 29.480194 ], [ -90.103085, 29.465671 ], [ -90.128645, 29.491815 ], [ -90.077526, 29.512255 ] ] ], [ [ [ -94.50505, 29.510113 ], [ -94.679867, 29.425235 ], [ -94.731048, 29.369142 ], [ -94.782317, 29.364276 ], [ -94.681174, 29.453745 ], [ -94.50505, 29.510113 ] ] ], [ [ [ -94.566674, 29.531989 ], [ -94.511045, 29.519419 ], [ -94.683007, 29.454065 ], [ -94.706387, 29.436417 ], [ -94.671981, 29.477326 ], [ -94.59185, 29.492633 ], [ -94.566674, 29.531989 ] ] ], [ [ [ -91.538442, 29.568181 ], [ -91.538678, 29.567012 ], [ -91.53915, 29.56825 ], [ -91.538442, 29.568181 ] ] ], [ [ [ -91.900522, 29.639381 ], [ -91.774687, 29.576387 ], [ -91.704421, 29.566877 ], [ -91.765449, 29.520845 ], [ -91.763811, 29.488584 ], [ -91.821368, 29.473879 ], [ -92.035616, 29.578268 ], [ -91.900522, 29.639381 ] ] ], [ [ [ -85.222763, 29.678352 ], [ -85.067424, 29.672811 ], [ -85.097219, 29.633005 ], [ -85.222763, 29.678352 ] ] ], [ [ [ -94.704899, 29.742484 ], [ -94.706238, 29.742645 ], [ -94.70461, 29.743378 ], [ -94.704899, 29.742484 ] ] ], [ [ [ -88.870745, 29.746022 ], [ -88.890602, 29.722401 ], [ -88.871902, 29.748519 ], [ -88.870745, 29.746022 ] ] ], [ [ [ -89.446299, 29.749914 ], [ -89.422147, 29.732668 ], [ -89.423671, 29.728476 ], [ -89.446299, 29.749914 ] ] ], [ [ [ -84.69565, 29.769496 ], [ -84.776954, 29.692191 ], [ -84.99991, 29.598965 ], [ -85.050692, 29.586791 ], [ -85.097028, 29.624874 ], [ -84.998393, 29.602842 ], [ -84.774277, 29.696291 ], [ -84.69565, 29.769496 ] ] ], [ [ [ -88.868539, 29.752758 ], [ -88.853632, 29.774602 ], [ -88.865178, 29.753058 ], [ -88.868539, 29.752758 ] ] ], [ [ [ -84.673538, 29.782004 ], [ -84.579816, 29.80654 ], [ -84.624902, 29.788027 ], [ -84.648589, 29.781678 ], [ -84.666947, 29.778085 ], [ -84.673538, 29.782004 ] ] ], [ [ [ -88.864945, 29.856518 ], [ -88.860654, 29.847354 ], [ -88.863625, 29.845612 ], [ -88.864945, 29.856518 ] ] ], [ [ [ -88.864764, 29.863255 ], [ -88.864499, 29.857481 ], [ -88.867997, 29.861054 ], [ -88.864764, 29.863255 ] ] ], [ [ [ -88.909743, 29.874377 ], [ -88.902724, 29.866081 ], [ -88.923337, 29.862532 ], [ -88.909743, 29.874377 ] ] ], [ [ [ -88.903005, 29.87903 ], [ -88.907108, 29.875659 ], [ -88.903531, 29.879283 ], [ -88.903005, 29.87903 ] ] ], [ [ [ -88.9024, 29.879832 ], [ -88.893093, 29.878294 ], [ -88.902585, 29.876647 ], [ -88.9024, 29.879832 ] ] ], [ [ [ -88.896273, 29.883291 ], [ -88.87308, 29.881263 ], [ -88.880637, 29.873201 ], [ -88.896273, 29.883291 ] ] ], [ [ [ -81.293956, 29.905576 ], [ -81.264697, 29.858195 ], [ -81.258934, 29.792796 ], [ -81.227412, 29.712242 ], [ -81.229642, 29.706854 ], [ -81.247169, 29.726424 ], [ -81.244289, 29.742128 ], [ -81.250472, 29.759245 ], [ -81.307984, 29.857442 ], [ -81.294925, 29.880816 ], [ -81.30435, 29.898698 ], [ -81.298613, 29.900007 ], [ -81.295168, 29.893221 ], [ -81.287812, 29.888251 ], [ -81.273658, 29.868989 ], [ -81.26982, 29.866168 ], [ -81.293956, 29.905576 ] ] ], [ [ [ -88.870494, 30.049413 ], [ -88.852366, 30.030539 ], [ -88.833165, 29.997842 ], [ -88.820635, 29.958261 ], [ -88.817039, 29.934453 ], [ -88.816587, 29.906687 ], [ -88.82383, 29.856736 ], [ -88.832735, 29.824264 ], [ -88.852425, 29.778796 ], [ -88.818001, 29.935591 ], [ -88.870494, 30.049413 ] ] ], [ [ [ -89.542804, 30.193919 ], [ -89.590331, 30.150007 ], [ -89.623754, 30.157646 ], [ -89.596818, 30.159786 ], [ -89.542804, 30.193919 ] ] ], [ [ [ -88.129899, 30.252383 ], [ -88.074617, 30.247859 ], [ -88.313324, 30.230025 ], [ -88.129899, 30.252383 ] ] ], [ [ [ -88.110238, 30.274617 ], [ -88.091144, 30.262006 ], [ -88.090429, 30.260676 ], [ -88.110238, 30.274617 ] ] ], [ [ [ -88.110846, 30.275052 ], [ -88.113935, 30.275326 ], [ -88.11428, 30.277137 ], [ -88.110846, 30.275052 ] ] ], [ [ [ -88.119292, 30.269984 ], [ -88.115099, 30.277595 ], [ -88.113697, 30.273034 ], [ -88.119292, 30.269984 ] ] ], [ [ [ -87.457317, 30.304509 ], [ -87.485207, 30.293247 ], [ -87.542172, 30.281932 ], [ -87.501067, 30.300416 ], [ -87.457317, 30.304509 ] ] ], [ [ [ -87.407708, 30.301481 ], [ -87.320885, 30.317176 ], [ -87.542332, 30.275675 ], [ -87.547617, 30.279243 ], [ -87.452032, 30.296143 ], [ -87.436079, 30.312533 ], [ -87.407708, 30.301481 ] ] ], [ [ [ -86.659061, 30.404873 ], [ -86.515427, 30.387446 ], [ -86.750159, 30.391921 ], [ -87.216373, 30.319703 ], [ -87.268787, 30.31556 ], [ -87.30186, 30.329256 ], [ -87.210296, 30.32218 ], [ -87.150022, 30.344251 ], [ -86.659061, 30.404873 ] ] ], [ [ [ -81.099556, 29.353232 ], [ -80.96946, 29.08739 ], [ -80.911776, 29.053563 ], [ -80.919441, 29.022565 ], [ -80.914483, 29.011167 ], [ -80.909174, 29.006261 ], [ -80.90287, 28.989853 ], [ -80.893882, 28.978075 ], [ -80.891068, 28.970251 ], [ -80.873263, 28.946105 ], [ -80.881231, 28.941977 ], [ -80.74856, 28.74431 ], [ -80.761319, 28.730237 ], [ -80.764727, 28.729459 ], [ -80.849729, 28.798862 ], [ -80.819882, 28.652077 ], [ -80.727552, 28.702179 ], [ -80.761085, 28.729687 ], [ -80.747753, 28.742774 ], [ -80.686076, 28.670889 ], [ -80.635158, 28.656847 ], [ -80.895304, 28.989718 ], [ -80.882475, 29.000664 ], [ -80.913676, 29.073062 ], [ -80.574868, 28.585166 ], [ -80.526733, 28.451706 ], [ -80.583821, 28.411366 ], [ -80.640204, 28.409586 ], [ -80.603888, 28.419885 ], [ -80.594295, 28.577024 ], [ -80.662711, 28.40927 ], [ -80.719036, 28.406359 ], [ -80.728499, 28.525092 ], [ -80.749775, 28.526494 ], [ -80.718228, 28.561526 ], [ -80.72645, 28.604833 ], [ -80.819912, 28.649988 ], [ -80.744388, 28.395614 ], [ -80.388824, 27.683802 ], [ -80.310995, 27.416408 ], [ -80.187858, 27.174473 ], [ -80.212795, 27.217492 ], [ -80.26247, 27.202628 ], [ -80.32997, 27.257307 ], [ -80.323133, 27.239698 ], [ -80.269245, 27.20554 ], [ -80.258838, 27.156603 ], [ -80.25861, 27.202241 ], [ -80.218839, 27.205629 ], [ -80.196091, 27.179722 ], [ -80.20013, 27.172142 ], [ -80.201596, 27.174116 ], [ -80.201362, 27.171396 ], [ -80.205028, 27.172651 ], [ -80.206822, 27.172651 ], [ -80.207419, 27.171605 ], [ -80.191985, 27.164428 ], [ -80.19833, 27.153825 ], [ -80.194602, 27.151598 ], [ -80.19602, 27.146001 ], [ -80.194394, 27.144525 ], [ -80.182519, 27.164838 ], [ -80.160897, 27.138267 ], [ -80.159681, 27.163543 ], [ -80.093912, 27.018587 ], [ -80.031363, 26.796346 ], [ -80.03916, 26.773741 ], [ -80.035163, 26.80194 ], [ -80.042563, 26.835139 ], [ -80.057663, 26.842339 ], [ -80.051978, 26.536983 ], [ -80.043963, 26.546448 ], [ -80.039362, 26.580648 ], [ -80.046269, 26.556748 ], [ -80.044255, 26.58443 ], [ -80.037863, 26.608346 ], [ -80.042393, 26.770431 ], [ -80.039172, 26.771438 ], [ -80.031388, 26.771534 ], [ -80.036339, 26.594421 ], [ -80.105166, 26.094165 ], [ -80.108169, 26.137711 ], [ -80.121374, 26.129849 ], [ -80.122867, 25.900272 ], [ -80.125669, 25.920964 ], [ -80.131091, 25.928391 ], [ -80.170637, 25.867591 ], [ -80.188979, 25.757965 ], [ -80.249674, 25.7147 ], [ -80.305856, 25.615313 ], [ -80.340776, 25.498387 ], [ -80.306076, 25.385592 ], [ -80.400705, 25.260927 ], [ -80.427492, 25.265221 ], [ -80.417086, 25.19899 ], [ -80.35216, 25.203437 ], [ -80.332177, 25.263294 ], [ -80.36634, 25.284158 ], [ -80.256727, 25.332553 ], [ -80.371214, 25.137233 ], [ -80.450607, 25.082888 ], [ -80.493622, 25.022813 ], [ -80.583694, 24.950591 ], [ -80.384557, 25.166572 ], [ -80.453695, 25.224383 ], [ -80.435286, 25.240577 ], [ -80.496032, 25.222698 ], [ -80.455762, 25.223052 ], [ -80.435111, 25.198923 ], [ -80.456913, 25.158437 ], [ -80.424203, 25.148308 ], [ -80.426445, 25.126853 ], [ -80.444286, 25.151466 ], [ -80.455676, 25.149744 ], [ -80.457967, 25.130705 ], [ -80.461845, 25.133214 ], [ -80.461752, 25.160639 ], [ -80.441742, 25.19335 ], [ -80.519188, 25.222336 ], [ -80.614435, 25.175725 ], [ -80.604891, 25.202703 ], [ -80.65164, 25.192451 ], [ -80.662433, 25.174952 ], [ -80.638082, 25.178524 ], [ -80.633603, 25.176419 ], [ -80.673704, 25.138458 ], [ -80.671684, 25.174563 ], [ -80.706464, 25.139765 ], [ -80.731698, 25.167423 ], [ -80.721534, 25.14552 ], [ -80.765989, 25.162261 ], [ -80.772216, 25.159785 ], [ -80.76902, 25.146802 ], [ -80.777087, 25.137422 ], [ -80.782246, 25.16527 ], [ -80.800522, 25.143 ], [ -80.808181, 25.184175 ], [ -80.896412, 25.164833 ], [ -80.900578, 25.13967 ], [ -81.085704, 25.115929 ], [ -81.141834, 25.1574 ], [ -81.172675, 25.226314 ], [ -81.145582, 25.326898 ], [ -81.11858, 25.328705 ], [ -81.092117, 25.276161 ], [ -81.067571, 25.278596 ], [ -81.070546, 25.256161 ], [ -81.046787, 25.235673 ], [ -81.022024, 25.227203 ], [ -81.013984, 25.216259 ], [ -80.930461, 25.210233 ], [ -80.903873, 25.252487 ], [ -80.987904, 25.348227 ], [ -81.02146, 25.3277 ], [ -81.0678, 25.360072 ], [ -81.085748, 25.351698 ], [ -81.096634, 25.372018 ], [ -81.150509, 25.387256 ], [ -81.082455, 25.431202 ], [ -81.154589, 25.428888 ], [ -81.158876, 25.473742 ], [ -81.210022, 25.506911 ], [ -81.158497, 25.560055 ], [ -81.226441, 25.557553 ], [ -81.285774, 25.678607 ], [ -81.222848, 25.721244 ], [ -81.186387, 25.688701 ], [ -81.193324, 25.72962 ], [ -81.257718, 25.755818 ], [ -81.265147, 25.801601 ], [ -81.303583, 25.812137 ], [ -81.330616, 25.785828 ], [ -81.478862, 25.891255 ], [ -81.527986, 25.850643 ], [ -81.520865, 25.91504 ], [ -81.631778, 25.895312 ], [ -81.633737, 25.937836 ], [ -81.710198, 25.986556 ], [ -81.738975, 25.974847 ], [ -81.735868, 26.026411 ], [ -81.774743, 26.04311 ], [ -81.758964, 26.001734 ], [ -81.80261, 26.089514 ], [ -81.863293, 26.364172 ], [ -81.848767, 26.345615 ], [ -81.835385, 26.346767 ], [ -81.853985, 26.444218 ], [ -82.0132, 26.486916 ], [ -81.988385, 26.488903 ], [ -82.009905, 26.520758 ], [ -81.926389, 26.543153 ], [ -81.881092, 26.638054 ], [ -81.777697, 26.70739 ], [ -81.893499, 26.657059 ], [ -81.947726, 26.540453 ], [ -82.03603, 26.52918 ], [ -82.083296, 26.687082 ], [ -82.047413, 26.813775 ], [ -82.053006, 26.871009 ], [ -82.096713, 26.914277 ], [ -82.062314, 26.951926 ], [ -82.111864, 26.960428 ], [ -82.141705, 26.9237 ], [ -82.207341, 26.960723 ], [ -82.157226, 26.857661 ], [ -82.15078, 26.784101 ], [ -82.163163, 26.824689 ], [ -82.194648, 26.799674 ], [ -82.301877, 26.84801 ], [ -82.282161, 26.824871 ], [ -82.282904, 26.816961 ], [ -82.341698, 26.893782 ], [ -82.31579, 26.869278 ], [ -82.316914, 26.889869 ], [ -82.305413, 26.889542 ], [ -82.303878, 26.894198 ], [ -82.300963, 26.893579 ], [ -82.300272, 26.89578 ], [ -82.410097, 27.011459 ], [ -82.359437, 26.935897 ], [ -82.363652, 26.933616 ], [ -82.34141, 26.898556 ], [ -82.345535, 26.898895 ], [ -82.4457, 27.060597 ], [ -82.469606, 27.111931 ], [ -82.444319, 27.107133 ], [ -82.54192, 27.271226 ], [ -82.571932, 27.40312 ], [ -82.689541, 27.468908 ], [ -82.639618, 27.473642 ], [ -82.67461, 27.519596 ], [ -82.617216, 27.51476 ], [ -82.572649, 27.548285 ], [ -82.619941, 27.586398 ], [ -82.574617, 27.582188 ], [ -82.482048, 27.743407 ], [ -82.394794, 27.765584 ], [ -82.426445, 27.782928 ], [ -82.435975, 27.776553 ], [ -82.415985, 27.792689 ], [ -82.424634, 27.784598 ], [ -82.406078, 27.77577 ], [ -82.383911, 27.856479 ], [ -82.434017, 27.900499 ], [ -82.407544, 27.9034 ], [ -82.428216, 27.906201 ], [ -82.412415, 27.928201 ], [ -82.412618, 27.952897 ], [ -82.42091, 27.954249 ], [ -82.431116, 27.908801 ], [ -82.461418, 27.909095 ], [ -82.459219, 27.913314 ], [ -82.459633, 27.91692 ], [ -82.462217, 27.9185 ], [ -82.461917, 27.9219 ], [ -82.458493, 27.920288 ], [ -82.461415, 27.930211 ], [ -82.45821, 27.929108 ], [ -82.457308, 27.931812 ], [ -82.461313, 27.937421 ], [ -82.489817, 27.9196 ], [ -82.472793, 27.82184 ], [ -82.534442, 27.833183 ], [ -82.553995, 27.849966 ], [ -82.527618, 27.935799 ], [ -82.696454, 28.036781 ], [ -82.674965, 28.00589 ], [ -82.70372, 27.96527 ], [ -82.678429, 27.963108 ], [ -82.729724, 27.934699 ], [ -82.61132, 27.872302 ], [ -82.582219, 27.879981 ], [ -82.607121, 27.869496 ], [ -82.59632, 27.826903 ], [ -82.61312, 27.855403 ], [ -82.628648, 27.852696 ], [ -82.60672, 27.824603 ], [ -82.58612, 27.819705 ], [ -82.606223, 27.793618 ], [ -82.611706, 27.79043 ], [ -82.616896, 27.792621 ], [ -82.62302, 27.790204 ], [ -82.629691, 27.777492 ], [ -82.621595, 27.773214 ], [ -82.636908, 27.758545 ], [ -82.623918, 27.748508 ], [ -82.640125, 27.739123 ], [ -82.633622, 27.710603 ], [ -82.679059, 27.694204 ], [ -82.692285, 27.738603 ], [ -82.74652, 27.752896 ], [ -82.742522, 27.770902 ], [ -82.76212, 27.810992 ], [ -82.754823, 27.820303 ], [ -82.752231, 27.839277 ], [ -82.793431, 27.806588 ], [ -82.848626, 27.871501 ], [ -82.787704, 27.983095 ], [ -82.772604, 28.10676 ], [ -82.799073, 28.185602 ], [ -82.734426, 28.25508 ], [ -82.70824, 28.394999 ], [ -82.667246, 28.435211 ], [ -82.684965, 28.464884 ], [ -82.642455, 28.584668 ], [ -82.662174, 28.638594 ], [ -82.632806, 28.695575 ], [ -82.649031, 28.707555 ], [ -82.645934, 28.718831 ], [ -82.651923, 28.730056 ], [ -82.661062, 28.736826 ], [ -82.650009, 28.742118 ], [ -82.644939, 28.736364 ], [ -82.647462, 28.732101 ], [ -82.64624, 28.731207 ], [ -82.645069, 28.734301 ], [ -82.64403, 28.732169 ], [ -82.632433, 28.731386 ], [ -82.630925, 28.731867 ], [ -82.631184, 28.733953 ], [ -82.630066, 28.733906 ], [ -82.648082, 28.744615 ], [ -82.632843, 28.790144 ], [ -82.653802, 28.830763 ], [ -82.642061, 28.838163 ], [ -82.632451, 28.849115 ], [ -82.640889, 28.89479 ], [ -82.689773, 28.906118 ], [ -82.714166, 28.951586 ], [ -82.776349, 28.942485 ], [ -82.724279, 28.959581 ], [ -82.726963, 28.995024 ], [ -82.762329, 29.00152 ], [ -82.751421, 29.008865 ], [ -82.753717, 29.018064 ], [ -82.741237, 29.021658 ], [ -82.752793, 29.062961 ], [ -82.815751, 29.07908 ], [ -82.786448, 29.110935 ], [ -82.80424, 29.167112 ], [ -83.052815, 29.174468 ], [ -83.078334, 29.221027 ], [ -83.057698, 29.238559 ], [ -83.107529, 29.268408 ], [ -83.109582, 29.296751 ], [ -83.117853, 29.317201 ], [ -83.165546, 29.325561 ], [ -83.219968, 29.425948 ], [ -83.295133, 29.437061 ], [ -83.39642, 29.518319 ], [ -83.400652, 29.674384 ], [ -83.548484, 29.728673 ], [ -83.585021, 29.760369 ], [ -83.586218, 29.819398 ], [ -83.681849, 29.923347 ], [ -83.925826, 30.034649 ], [ -83.999885, 30.105629 ], [ -84.167881, 30.071423 ], [ -84.19919, 30.106259 ], [ -84.227525, 30.084406 ], [ -84.257762, 30.106131 ], [ -84.277168, 30.060264 ], [ -84.339653, 30.074606 ], [ -84.393082, 29.997174 ], [ -84.367559, 30.010418 ], [ -84.341751, 29.970199 ], [ -84.438247, 29.99329 ], [ -84.446396, 29.984884 ], [ -84.439056, 29.960146 ], [ -84.339426, 29.946008 ], [ -84.349067, 29.896812 ], [ -84.443527, 29.929247 ], [ -84.511996, 29.916575 ], [ -84.888032, 29.722407 ], [ -84.916325, 29.73339 ], [ -84.898787, 29.73932 ], [ -84.858192, 29.793656 ], [ -84.85158, 29.816157 ], [ -84.899316, 29.808778 ], [ -84.885903, 29.784508 ], [ -84.938015, 29.795747 ], [ -84.917713, 29.774116 ], [ -84.946674, 29.744734 ], [ -84.978638, 29.758393 ], [ -84.993269, 29.714942 ], [ -85.116829, 29.716819 ], [ -85.345058, 29.654725 ], [ -85.372247, 29.682886 ], [ -85.39007, 29.717401 ], [ -85.410153, 29.782402 ], [ -85.417523, 29.83619 ], [ -85.40934, 29.861671 ], [ -85.390456, 29.873765 ], [ -85.406188, 29.77697 ], [ -85.359787, 29.678302 ], [ -85.310843, 29.689149 ], [ -85.317486, 29.838924 ], [ -85.400616, 29.935147 ], [ -85.512701, 29.973622 ], [ -85.541176, 29.995792 ], [ -85.544548, 30.001597 ], [ -85.482163, 29.963587 ], [ -85.456476, 29.96357 ], [ -85.686582, 30.123383 ], [ -85.62201, 30.125905 ], [ -85.621943, 30.090255 ], [ -85.562161, 30.093726 ], [ -85.467389, 30.015461 ], [ -85.411485, 30.017708 ], [ -85.439135, 30.023211 ], [ -85.426306, 30.044957 ], [ -85.391459, 30.025415 ], [ -85.392009, 30.052099 ], [ -85.436078, 30.057814 ], [ -85.437632, 30.059533 ], [ -85.433417, 30.062924 ], [ -85.428752, 30.076192 ], [ -85.429279, 30.080958 ], [ -85.479561, 30.030904 ], [ -85.486914, 30.098276 ], [ -85.523737, 30.093351 ], [ -85.538846, 30.125202 ], [ -85.60362, 30.104698 ], [ -85.601635, 30.128812 ], [ -85.732919, 30.176295 ], [ -85.680031, 30.249031 ], [ -85.60989, 30.255803 ], [ -85.606098, 30.277897 ], [ -85.646218, 30.262126 ], [ -85.650594, 30.282938 ], [ -85.72003, 30.233901 ], [ -85.757052, 30.294893 ], [ -85.851728, 30.284634 ], [ -85.848671, 30.231042 ], [ -85.798864, 30.25315 ], [ -85.741656, 30.216182 ], [ -85.75189, 30.171075 ], [ -85.710046, 30.146812 ], [ -85.747364, 30.149072 ], [ -85.724596, 30.128755 ], [ -85.7344, 30.120697 ], [ -86.085419, 30.302286 ], [ -86.515454, 30.396328 ], [ -86.487327, 30.417591 ], [ -86.337741, 30.385723 ], [ -86.313134, 30.423045 ], [ -86.288491, 30.398059 ], [ -86.222766, 30.397806 ], [ -86.266487, 30.408734 ], [ -86.248274, 30.428898 ], [ -86.117688, 30.379739 ], [ -86.12118, 30.430137 ], [ -86.163485, 30.41227 ], [ -86.199671, 30.503211 ], [ -86.222317, 30.475412 ], [ -86.421171, 30.450753 ], [ -86.441878, 30.480373 ], [ -86.446104, 30.488468 ], [ -86.448347, 30.497955 ], [ -86.421048, 30.49948 ], [ -86.417371, 30.507994 ], [ -86.454349, 30.51129 ], [ -86.468549, 30.484398 ], [ -86.481847, 30.512498 ], [ -86.49985, 30.522297 ], [ -86.491638, 30.462266 ], [ -86.559348, 30.429003 ], [ -86.595106, 30.475661 ], [ -86.600866, 30.427599 ], [ -86.616555, 30.436399 ], [ -86.639345, 30.432499 ], [ -86.600664, 30.422497 ], [ -86.591347, 30.427801 ], [ -86.602153, 30.401198 ], [ -86.719284, 30.410897 ], [ -86.752557, 30.403199 ], [ -86.775057, 30.410199 ], [ -86.947987, 30.395683 ], [ -87.182903, 30.341894 ], [ -87.204543, 30.360916 ], [ -87.018524, 30.402452 ], [ -86.936035, 30.454494 ], [ -86.912693, 30.438075 ], [ -86.874393, 30.440042 ], [ -87.021992, 30.504715 ], [ -86.991394, 30.522427 ], [ -86.987981, 30.579157 ], [ -87.092517, 30.438558 ], [ -87.099081, 30.518101 ], [ -87.189602, 30.58285 ], [ -87.149569, 30.490497 ], [ -87.176446, 30.425939 ], [ -87.352298, 30.360829 ], [ -87.266596, 30.374467 ], [ -87.266755, 30.344215 ], [ -87.401238, 30.308776 ], [ -87.43024, 30.314316 ], [ -87.49795, 30.312771 ], [ -87.423208, 30.323101 ], [ -87.425949, 30.402368 ], [ -87.340263, 30.430086 ], [ -87.414677, 30.457297 ], [ -87.435278, 30.479897 ], [ -87.428379, 30.489196 ], [ -87.430979, 30.498296 ], [ -87.438273, 30.500196 ], [ -87.434913, 30.474868 ], [ -87.41671, 30.453412 ], [ -87.389173, 30.44646 ], [ -87.399842, 30.423703 ], [ -87.510715, 30.340716 ], [ -87.515432, 30.301391 ], [ -87.584211, 30.272257 ], [ -87.550057, 30.280394 ], [ -87.552236, 30.274851 ], [ -87.80056, 30.229365 ], [ -88.028401, 30.221132 ], [ -87.93517, 30.261606 ], [ -87.847177, 30.240362 ], [ -87.75468, 30.281831 ], [ -87.907745, 30.411467 ], [ -87.937458, 30.48276 ], [ -87.901712, 30.550909 ], [ -87.917543, 30.637929 ], [ -88.007291, 30.682067 ], [ -87.998118, 30.776684 ], [ -88.027298, 30.752088 ], [ -88.018965, 30.743063 ], [ -88.006207, 30.704391 ], [ -88.008497, 30.69179 ], [ -88.02165, 30.741308 ], [ -88.03366, 30.736506 ], [ -88.010492, 30.684444 ], [ -88.037052, 30.689475 ], [ -88.087235, 30.565027 ], [ -88.127683, 30.33835 ], [ -88.191965, 30.317094 ], [ -88.188933, 30.365303 ], [ -88.286863, 30.38915 ], [ -88.315864, 30.369688 ], [ -88.358378, 30.407546 ], [ -88.414625, 30.380468 ], [ -88.393981, 30.349307 ], [ -88.440815, 30.356967 ], [ -88.478558, 30.318506 ], [ -88.606278, 30.376263 ], [ -88.728899, 30.342672 ], [ -88.849093, 30.43502 ], [ -88.874612, 30.41709 ], [ -88.857229, 30.389899 ], [ -89.016335, 30.383898 ], [ -89.280678, 30.303595 ], [ -89.272876, 30.363218 ], [ -89.350147, 30.371597 ], [ -89.366835, 30.346955 ], [ -89.332247, 30.339096 ], [ -89.327146, 30.302797 ], [ -89.419349, 30.254321 ], [ -89.442374, 30.187049 ], [ -89.54196, 30.196095 ], [ -89.658775, 30.161432 ], [ -89.626193, 30.149443 ], [ -89.729587, 30.060225 ], [ -89.722019, 30.023174 ], [ -89.818098, 30.04372 ], [ -89.857559, 30.004439 ], [ -89.8385, 29.945817 ], [ -89.727565, 29.95869 ], [ -89.742285, 29.907398 ], [ -89.654005, 29.862697 ], [ -89.595462, 29.883266 ], [ -89.581108, 29.993858 ], [ -89.48557, 30.039936 ], [ -89.48538, 30.079587 ], [ -89.427857, 30.052064 ], [ -89.456346, 29.9946 ], [ -89.377723, 29.963455 ], [ -89.398036, 29.957231 ], [ -89.363855, 29.876196 ], [ -89.338386, 29.886467 ], [ -89.417875, 29.816475 ], [ -89.327936, 29.783645 ], [ -89.277555, 29.808569 ], [ -89.295528, 29.788284 ], [ -89.270168, 29.757751 ], [ -89.387729, 29.79127 ], [ -89.419148, 29.751118 ], [ -89.450299, 29.790167 ], [ -89.437971, 29.766813 ], [ -89.437236, 29.755565 ], [ -89.447054, 29.750569 ], [ -89.470738, 29.767265 ], [ -89.455617, 29.772653 ], [ -89.47219, 29.784836 ], [ -89.478007, 29.754459 ], [ -89.46089, 29.750625 ], [ -89.492605, 29.750206 ], [ -89.427871, 29.705316 ], [ -89.427558, 29.676429 ], [ -89.49709, 29.741723 ], [ -89.648973, 29.751515 ], [ -89.645843, 29.711312 ], [ -89.589897, 29.702701 ], [ -89.599509, 29.684165 ], [ -89.554268, 29.679248 ], [ -89.550991, 29.662275 ], [ -89.52943, 29.664677 ], [ -89.487976, 29.631222 ], [ -89.485565, 29.622345 ], [ -89.640027, 29.682426 ], [ -89.642198, 29.644954 ], [ -89.722845, 29.604284 ], [ -89.696685, 29.594888 ], [ -89.691908, 29.52287 ], [ -89.519266, 29.458572 ], [ -89.517978, 29.400381 ], [ -89.558765, 29.423735 ], [ -89.563865, 29.393223 ], [ -89.334472, 29.384071 ], [ -89.374469, 29.384609 ], [ -89.406177, 29.359215 ], [ -89.352758, 29.325211 ], [ -89.278504, 29.356513 ], [ -89.236772, 29.253932 ], [ -89.268188, 29.200426 ], [ -89.355987, 29.286114 ], [ -89.342801, 29.230623 ], [ -89.351523, 29.166541 ], [ -89.35952, 29.186265 ], [ -89.419755, 29.139103 ], [ -89.480869, 29.245462 ], [ -89.518786, 29.243081 ], [ -89.500056, 29.222765 ], [ -89.606652, 29.252023 ], [ -89.650746, 29.292484 ], [ -89.639364, 29.326496 ], [ -89.683723, 29.292305 ], [ -89.830679, 29.31418 ], [ -89.78511, 29.330119 ], [ -89.840933, 29.34551 ], [ -89.774877, 29.399457 ], [ -89.835163, 29.392498 ], [ -89.81173, 29.432696 ], [ -89.847235, 29.435048 ], [ -89.814505, 29.457729 ], [ -89.855817, 29.487356 ], [ -89.979728, 29.456482 ], [ -90.008748, 29.497836 ], [ -90.010968, 29.476901 ], [ -90.124692, 29.551359 ], [ -90.14599, 29.531621 ], [ -90.189358, 29.574023 ], [ -90.227965, 29.535746 ], [ -90.184044, 29.518367 ], [ -90.226388, 29.51976 ], [ -90.232821, 29.500724 ], [ -90.059407, 29.452644 ], [ -90.04754, 29.38222 ], [ -90.075563, 29.349177 ], [ -90.034931, 29.303599 ], [ -90.138575, 29.318821 ], [ -90.073119, 29.209318 ], [ -90.047848, 29.215272 ], [ -90.068634, 29.179541 ], [ -90.046278, 29.192504 ], [ -90.223588, 29.085076 ], [ -90.252431, 29.108061 ], [ -90.234406, 29.128824 ], [ -90.273811, 29.141466 ], [ -90.244042, 29.147443 ], [ -90.276689, 29.212121 ], [ -90.252787, 29.21542 ], [ -90.237816, 29.233386 ], [ -90.260667, 29.224082 ], [ -90.279824, 29.267198 ], [ -90.283884, 29.21715 ], [ -90.3182, 29.277763 ], [ -90.34908, 29.27604 ], [ -90.34527, 29.291892 ], [ -90.339861, 29.291572 ], [ -90.331396, 29.296361 ], [ -90.330717, 29.299316 ], [ -90.340052, 29.326665 ], [ -90.35446, 29.341459 ], [ -90.337354, 29.298513 ], [ -90.377456, 29.291971 ], [ -90.367233, 29.264855 ], [ -90.383565, 29.2553 ], [ -90.436432, 29.348751 ], [ -90.479678, 29.276746 ], [ -90.610292, 29.315367 ], [ -90.587619, 29.244851 ], [ -90.565379, 29.242475 ], [ -90.534979, 29.230168 ], [ -90.527696, 29.220933 ], [ -90.579458, 29.240596 ], [ -90.548513, 29.202015 ], [ -90.577001, 29.207308 ], [ -90.611984, 29.250226 ], [ -90.606819, 29.202079 ], [ -90.63035, 29.244089 ], [ -90.634577, 29.207778 ], [ -90.64119, 29.233934 ], [ -90.660366, 29.239999 ], [ -90.691109, 29.121722 ], [ -90.733198, 29.134623 ], [ -90.773198, 29.100043 ], [ -90.779501, 29.142028 ], [ -90.855032, 29.086869 ], [ -90.961279, 29.180817 ], [ -91.023956, 29.174785 ], [ -91.040423, 29.209436 ], [ -91.066151, 29.181001 ], [ -91.278792, 29.247776 ], [ -91.334886, 29.298776 ], [ -91.351941, 29.323478 ], [ -91.353068, 29.331362 ], [ -91.295117, 29.309731 ], [ -91.234356, 29.374752 ], [ -91.211164, 29.317591 ], [ -91.161325, 29.320797 ], [ -91.170275, 29.267518 ], [ -91.117636, 29.257611 ], [ -91.129961, 29.337309 ], [ -91.259327, 29.444663 ], [ -91.257192, 29.548337 ], [ -91.287894, 29.542605 ], [ -91.293277, 29.476895 ], [ -91.424432, 29.518267 ], [ -91.428387, 29.525602 ], [ -91.411746, 29.534193 ], [ -91.410498, 29.552878 ], [ -91.551058, 29.519091 ], [ -91.525392, 29.551126 ], [ -91.553747, 29.633019 ], [ -91.662904, 29.632487 ], [ -91.627286, 29.662133 ], [ -91.62089, 29.73677 ], [ -91.752259, 29.748265 ], [ -91.880645, 29.710702 ], [ -91.855347, 29.796512 ], [ -91.826308, 29.779144 ], [ -91.827729, 29.830968 ], [ -91.972199, 29.833567 ], [ -91.983872, 29.794517 ], [ -92.139559, 29.718087 ], [ -92.13293, 29.766595 ], [ -92.204539, 29.752717 ], [ -92.168121, 29.70164 ], [ -92.101586, 29.69971 ], [ -92.134348, 29.669517 ], [ -92.111787, 29.621771 ], [ -92.033162, 29.633171 ], [ -92.005832, 29.613993 ], [ -92.295255, 29.532475 ], [ -92.641195, 29.584783 ], [ -92.996447, 29.721102 ], [ -93.24575, 29.778589 ], [ -93.674579, 29.74839 ], [ -93.858517, 29.67419 ], [ -94.042647, 29.67421 ], [ -94.499081, 29.506038 ], [ -94.468097, 29.557997 ], [ -94.522776, 29.540349 ], [ -94.553988, 29.573882 ], [ -94.762998, 29.524424 ], [ -94.78964, 29.546541 ], [ -94.762278, 29.537803 ], [ -94.691342, 29.653893 ], [ -94.688982, 29.762757 ], [ -94.704558, 29.743607 ], [ -94.740107, 29.788411 ], [ -94.816086, 29.756711 ], [ -94.893107, 29.661336 ], [ -94.965964, 29.70033 ], [ -95.013704, 29.64511 ], [ -94.995745, 29.614542 ], [ -95.024837, 29.613987 ], [ -94.982537, 29.601683 ], [ -95.020878, 29.553014 ], [ -94.999935, 29.521426 ], [ -94.909483, 29.496807 ], [ -94.952967, 29.4709 ], [ -94.930502, 29.449632 ], [ -94.953902, 29.420833 ], [ -94.902801, 29.424033 ], [ -94.919404, 29.448033 ], [ -94.8908, 29.433432 ], [ -94.887763, 29.391788 ], [ -94.810197, 29.365935 ], [ -94.809531, 29.363471 ], [ -94.887235, 29.389941 ], [ -94.8982, 29.303135 ], [ -94.940701, 29.314837 ], [ -94.988969, 29.267405 ], [ -94.992566, 29.272405 ], [ -94.986473, 29.273628 ], [ -94.98589, 29.279947 ], [ -94.986665, 29.280772 ], [ -94.993386, 29.275101 ], [ -94.994154, 29.283053 ], [ -95.007562, 29.280365 ], [ -94.992682, 29.262942 ], [ -95.036171, 29.212639 ], [ -95.098659, 29.17612 ], [ -95.119428, 29.200561 ], [ -95.208175, 29.212173 ], [ -95.148999, 29.178727 ], [ -95.159056, 29.102858 ], [ -95.190154, 29.111211 ], [ -95.202927, 29.089709 ], [ -95.171615, 29.080039 ], [ -95.221803, 29.015725 ], [ -95.122876, 29.070372 ], [ -95.382782, 28.86605 ], [ -95.695947, 28.725196 ], [ -95.652844, 28.762669 ], [ -95.924908, 28.701432 ], [ -95.962061, 28.625602 ], [ -95.696652, 28.724864 ], [ -95.980069, 28.595439 ], [ -95.971391, 28.65743 ], [ -95.992919, 28.663308 ], [ -96.003003, 28.645579 ], [ -96.038989, 28.652211 ], [ -96.208271, 28.582557 ], [ -96.224359, 28.578385 ], [ -96.230666, 28.580056 ], [ -96.212143, 28.619366 ], [ -96.237938, 28.643224 ], [ -96.191304, 28.688082 ], [ -96.173656, 28.762776 ], [ -96.207592, 28.697496 ], [ -96.284801, 28.670097 ], [ -96.262224, 28.681405 ], [ -96.254704, 28.702269 ], [ -96.256383, 28.719244 ], [ -96.265167, 28.715903 ], [ -96.26618, 28.716957 ], [ -96.263892, 28.72037 ], [ -96.264619, 28.721813 ], [ -96.2732, 28.721218 ], [ -96.262477, 28.693615 ], [ -96.303709, 28.671658 ], [ -96.303842, 28.646116 ], [ -96.361795, 28.625735 ], [ -96.389562, 28.729195 ], [ -96.435368, 28.732143 ], [ -96.428759, 28.707327 ], [ -96.405104, 28.72778 ], [ -96.419236, 28.64334 ], [ -96.373708, 28.625273 ], [ -96.381799, 28.61714 ], [ -96.472813, 28.573487 ], [ -96.487266, 28.569588 ], [ -96.435075, 28.603524 ], [ -96.462013, 28.668357 ], [ -96.483673, 28.606177 ], [ -96.512237, 28.65451 ], [ -96.560678, 28.634541 ], [ -96.58621, 28.657474 ], [ -96.558415, 28.691521 ], [ -96.585676, 28.725063 ], [ -96.644457, 28.712066 ], [ -96.664577, 28.694589 ], [ -96.610493, 28.639968 ], [ -96.639326, 28.572404 ], [ -96.567193, 28.583572 ], [ -96.402891, 28.442806 ], [ -96.606681, 28.351127 ], [ -96.65667, 28.36884 ], [ -96.642197, 28.331311 ], [ -96.666568, 28.323985 ], [ -96.645701, 28.338856 ], [ -96.70032, 28.342701 ], [ -96.707716, 28.407204 ], [ -96.746824, 28.409164 ], [ -96.809052, 28.478652 ], [ -96.825752, 28.451246 ], [ -96.793652, 28.458875 ], [ -96.764143, 28.411662 ], [ -96.859807, 28.413818 ], [ -96.791597, 28.359383 ], [ -96.793952, 28.22937 ], [ -96.958366, 28.122141 ], [ -96.920641, 28.200519 ], [ -96.942811, 28.217709 ], [ -96.912091, 28.265151 ], [ -96.935465, 28.26882 ], [ -96.984388, 28.21493 ], [ -96.945346, 28.196351 ], [ -96.978665, 28.129953 ], [ -97.027655, 28.150303 ], [ -97.006456, 28.191845 ], [ -97.008338, 28.202618 ], [ -97.024634, 28.20636 ], [ -97.129897, 28.168791 ], [ -97.129669, 28.144701 ], [ -97.149724, 28.17377 ], [ -97.183658, 28.162018 ], [ -97.153331, 28.136549 ], [ -97.235415, 28.063329 ], [ -97.262196, 28.078453 ], [ -97.240348, 28.060279 ], [ -97.157673, 28.047814 ], [ -97.181593, 27.970431 ], [ -97.116754, 28.035044 ], [ -97.127698, 28.060685 ], [ -97.053408, 28.118431 ], [ -97.019836, 28.104535 ], [ -97.025677, 28.032164 ], [ -97.030867, 28.049028 ], [ -97.030715, 28.031818 ], [ -97.077301, 27.992751 ], [ -97.155794, 27.883372 ], [ -97.1883, 27.824081 ], [ -97.225484, 27.826177 ], [ -97.263677, 27.880686 ], [ -97.35507, 27.850069 ], [ -97.337678, 27.883166 ], [ -97.555792, 27.871724 ], [ -97.468431, 27.819919 ], [ -97.379886, 27.837234 ], [ -97.393872, 27.782664 ], [ -97.367479, 27.739917 ], [ -97.242859, 27.688935 ], [ -97.298168, 27.627114 ], [ -97.40319, 27.332363 ], [ -97.507864, 27.27433 ], [ -97.53996, 27.281079 ], [ -97.546578, 27.291099 ], [ -97.482918, 27.329793 ], [ -97.466178, 27.403122 ], [ -97.486539, 27.444495 ], [ -97.47102, 27.44803 ], [ -97.467656, 27.458256 ], [ -97.516974, 27.460176 ], [ -97.492519, 27.428835 ], [ -97.524849, 27.432094 ], [ -97.558893, 27.40828 ], [ -97.501266, 27.4253 ], [ -97.474318, 27.397617 ], [ -97.612036, 27.284627 ], [ -97.687233, 27.404288 ], [ -97.69124, 27.381683 ], [ -97.700358, 27.383517 ], [ -97.734771, 27.43842 ], [ -97.771012, 27.452612 ], [ -97.716718, 27.380671 ], [ -97.753644, 27.394553 ], [ -97.747631, 27.369981 ], [ -97.70739, 27.373911 ], [ -97.654741, 27.304439 ], [ -97.730498, 27.266045 ], [ -97.735423, 27.282999 ], [ -97.771254, 27.284902 ], [ -97.776671, 27.278047 ], [ -97.727665, 27.25817 ], [ -97.647924, 27.276351 ], [ -97.631363, 27.243034 ], [ -97.541301, 27.229104 ], [ -97.422761, 27.260794 ], [ -97.457795, 27.099615 ], [ -97.507388, 27.08656 ], [ -97.47843, 27.065497 ], [ -97.499222, 27.061638 ], [ -97.478428, 26.998619 ], [ -97.574562, 26.983541 ], [ -97.522651, 26.88341 ], [ -97.559109, 26.903065 ], [ -97.552102, 26.874931 ], [ -97.567548, 26.888209 ], [ -97.575321, 26.886489 ], [ -97.577366, 26.883003 ], [ -97.55323, 26.850589 ], [ -97.560873, 26.844238 ], [ -97.574625, 26.851873 ], [ -97.57621, 26.850406 ], [ -97.580657, 26.851047 ], [ -97.585437, 26.850221 ], [ -97.586536, 26.849189 ], [ -97.471499, 26.758831 ], [ -97.443598, 26.570538 ], [ -97.415886, 26.552699 ], [ -97.438166, 26.462806 ], [ -97.477317, 26.457117 ], [ -97.41512, 26.429192 ], [ -97.446951, 26.403377 ], [ -97.391519, 26.416255 ], [ -97.414803, 26.34973 ], [ -97.348382, 26.357753 ], [ -97.353918, 26.319119 ], [ -97.331432, 26.352871 ], [ -97.346475, 26.264552 ], [ -97.294219, 26.258961 ], [ -97.334108, 26.233035 ], [ -97.295244, 26.195226 ], [ -97.282733, 26.117961 ], [ -97.289438, 26.118536 ], [ -97.284155, 26.120943 ], [ -97.296958, 26.13174 ], [ -97.311026, 26.119273 ], [ -97.199682, 26.075915 ], [ -97.215292, 26.061631 ], [ -97.208512, 26.045445 ], [ -97.220439, 26.035699 ], [ -97.23017, 26.070041 ], [ -97.244057, 26.072949 ], [ -97.268027, 26.06096 ], [ -97.225416, 26.044433 ], [ -97.255953, 25.998678 ], [ -97.154386, 25.999037 ], [ -97.168942, 26.060988 ], [ -97.151731, 26.064171 ], [ -97.145642, 25.97597 ], [ -97.156608, 25.949022 ], [ -97.284443, 25.959156 ], [ -97.277164, 25.935439 ], [ -97.348909, 25.930805 ], [ -97.37443, 25.907445 ], [ -97.364031, 25.850254 ], [ -97.394513, 25.837377 ], [ -97.453703, 25.853937 ], [ -97.45604, 25.883763 ], [ -97.521762, 25.886459 ], [ -97.662973, 26.037813 ], [ -97.737103, 26.021493 ], [ -97.861876, 26.069755 ], [ -98.027806, 26.066673 ], [ -98.074586, 26.036338 ], [ -98.080495, 26.070933 ], [ -98.197046, 26.056153 ], [ -98.286211, 26.102403 ], [ -98.266259, 26.120722 ], [ -98.305972, 26.103682 ], [ -98.335621, 26.165921 ], [ -98.386694, 26.157873 ], [ -98.445222, 26.224572 ], [ -98.482057, 26.201343 ], [ -98.622656, 26.259649 ], [ -98.669397, 26.23632 ], [ -98.807348, 26.369422 ], [ -98.896917, 26.353244 ], [ -98.925879, 26.394358 ], [ -98.944636, 26.36946 ], [ -98.974164, 26.401149 ], [ -99.083703, 26.397279 ], [ -99.11356, 26.432529 ], [ -99.105031, 26.500336 ], [ -99.170705, 26.540316 ], [ -99.208908, 26.724761 ], [ -99.268613, 26.843214 ], [ -99.446829, 27.023807 ], [ -99.441549, 27.249921 ], [ -99.538036, 27.316962 ], [ -99.487521, 27.411573 ], [ -99.480219, 27.485797 ], [ -99.52832, 27.498896 ], [ -99.51222, 27.568094 ], [ -99.596232, 27.639859 ], [ -99.711511, 27.658365 ], [ -99.813086, 27.773953 ], [ -99.876761, 27.797845 ], [ -99.931812, 27.980968 ], [ -99.991448, 27.994561 ], [ -100.084328, 28.144819 ], [ -100.20806, 28.190384 ], [ -100.220285, 28.23221 ], [ -100.291392, 28.275399 ], [ -100.368289, 28.477196 ], [ -100.333814, 28.499253 ], [ -100.388263, 28.514863 ], [ -100.398462, 28.58517 ], [ -100.500355, 28.661961 ], [ -100.535438, 28.805196 ], [ -100.640568, 28.914212 ], [ -100.670598, 29.092046 ], [ -100.735869992999937, 29.137422616000038 ], [ -100.619247436999956, 29.217403412000067 ], [ -100.534698485999968, 29.334024429000067 ], [ -100.089393615999938, 29.574535370000035 ], [ -99.147628783999949, 30.261962891000053 ], [ -98.722084044999974, 30.620164871000043 ], [ -97.895965575999981, 31.601863861000027 ], [ -97.243659972999978, 32.606796265000071 ], [ -96.52153778099995, 33.339294434000067 ], [ -96.003952025999979, 33.670803070000034 ], [ -95.108970641999974, 34.005062103000057 ], [ -94.050262450999981, 34.339550018000068 ], [ -93.702140807999967, 34.516796112000065 ], [ -92.744789123999965, 35.132930756000064 ], [ -92.26992034899996, 35.546089172000052 ], [ -91.027084350999985, 36.750415802000077 ], [ -90.83293914799998, 36.887390137000068 ], [ -90.212829589999956, 37.256317139000032 ], [ -89.856842040999936, 37.401775360000045 ], [ -89.469924926999965, 37.461780548000036 ], [ -89.200698852999949, 37.447113037000065 ], [ -88.900871276999965, 37.384727478000059 ], [ -88.174674987999936, 37.143188477000024 ], [ -88.002609252999946, 36.995048523000037 ], [ -87.848243712999988, 36.651969910000048 ], [ -87.888114928999983, 36.216243744000053 ], [ -88.24684143099995, 34.671382904000041 ], [ -88.281074523999962, 33.915290833000029 ], [ -88.267570495999962, 33.566463470000031 ], [ -88.222976684999935, 33.391323090000071 ], [ -87.789855956999986, 32.784004211000024 ], [ -87.491722106999987, 32.629764557000044 ], [ -87.25608062699996, 32.554664612000067 ], [ -86.919685363999974, 32.518409729000041 ], [ -84.147628783999949, 33.015346527000077 ], [ -83.957923888999971, 33.020439148000037 ], [ -83.528961181999989, 32.955638885000042 ], [ -83.365509032999967, 32.91541290300006 ], [ -83.200775145999955, 32.831142426000042 ], [ -82.895431518999942, 32.620738983000024 ], [ -82.497451781999985, 32.273212433000026 ], [ -82.178771972999982, 31.927356720000034 ], [ -81.902626037999937, 31.54602432300004 ], [ -81.495345, 30.783951 ], [ -81.499816, 30.721728 ], [ -81.463011, 30.688598 ], [ -81.426726, 30.700108 ], [ -81.434065, 30.52257 ], [ -81.455469, 30.51993 ], [ -81.41081, 30.482039 ], [ -81.288369, 29.914576 ], [ -81.370248, 30.067126 ], [ -81.305011, 29.916548 ], [ -81.314399, 29.905543 ], [ -81.306772, 29.829268 ], [ -80.919476, 29.074362 ], [ -80.947776, 29.094662 ], [ -81.051281, 29.287562 ], [ -81.048873, 29.289169 ], [ -81.09058, 29.390255 ], [ -81.09868, 29.406355 ], [ -81.100964, 29.408543 ], [ -81.099556, 29.353232 ] ] ] ] } }
]
}
