{
"type": "FeatureCollection",
"name": "coalfields2",
"crs": { "type": "name", "properties": { "name": "urn:ogc:def:crs:OGC:1.3:CRS84" } },
"features": [
{ "type": "Feature", "properties": { }, "geometry": { "type": "Polygon", "coordinates": [ [ [ -85.267044066999972, 44.371158600000058 ], [ -84.563156127999946, 44.316059113000051 ], [ -84.310348510999972, 44.203010559000063 ], [ -84.101005553999983, 44.005443573000036 ], [ -84.064720153999986, 44.098678589000031 ], [ -83.982337951999966, 43.931209564000028 ], [ -84.000144957999964, 44.027347565000071 ], [ -83.934143066, 44.059501648000037 ], [ -83.989402770999959, 44.098621368000067 ], [ -83.933631896999941, 44.114143372000058 ], [ -83.849594115999935, 43.983776093000074 ], [ -83.911323546999938, 43.915279388000044 ], [ -83.901077270999963, 43.850841522000053 ], [ -83.922531127999946, 43.853992462000065 ], [ -83.95475006099997, 43.755764008000028 ], [ -83.909027099999946, 43.674713135000047 ], [ -83.678466796999942, 43.587100983000028 ], [ -83.525856017999956, 43.72402954100005 ], [ -83.490753173999963, 43.701370239000028 ], [ -83.452919005999945, 43.754528046000075 ], [ -83.43417358399995, 43.668636322000054 ], [ -83.504302978999988, 43.656032562000064 ], [ -83.294006347999982, 43.569393158000025 ], [ -83.26457977299998, 43.491165161000026 ], [ -83.222503661999951, 43.474960327000076 ], [ -83.276939391999974, 43.43804550200008 ], [ -83.42619323699995, 43.448204041000054 ], [ -83.353775023999958, 43.365940094000052 ], [ -83.366424560999974, 43.208869934000063 ], [ -83.502540587999988, 43.207618713000045 ], [ -83.600776671999938, 43.245445251000035 ], [ -83.664497374999939, 43.216793060000043 ], [ -83.572067260999972, 43.095058441000049 ], [ -83.692047118999938, 43.063774109000065 ], [ -83.711051940999937, 43.029067993000069 ], [ -83.559043883999948, 43.027774811000029 ], [ -83.612174987999936, 42.993885040000066 ], [ -83.507026671999938, 42.940807343000074 ], [ -83.495292663999976, 42.921768188000044 ], [ -83.552619933999949, 42.896385193000071 ], [ -83.509689330999947, 42.848674774000074 ], [ -83.689285277999943, 42.888683319000052 ], [ -83.784637450999981, 42.95370101900005 ], [ -83.832389832, 42.931789398000035 ], [ -83.866775512999936, 42.832809448000035 ], [ -84.047149657999967, 42.86192703200004 ], [ -84.247764586999949, 42.791110992000029 ], [ -84.104034423999963, 42.675426483000081 ], [ -84.167510985999968, 42.621417999000073 ], [ -84.163810729999966, 42.561817169000051 ], [ -84.128234862999989, 42.531772614000033 ], [ -83.998428344999979, 42.590053558000079 ], [ -83.987442016999978, 42.551300049000076 ], [ -84.091087340999934, 42.459457397000051 ], [ -84.119766234999986, 42.36014175400004 ], [ -84.277481078999983, 42.247253418000071 ], [ -84.469543456999986, 42.208560944000055 ], [ -84.567237853999984, 42.220691681000062 ], [ -84.639923095999961, 42.292076111000029 ], [ -84.858978270999955, 42.29717254600007 ], [ -84.944786071999943, 42.38130188000008 ], [ -85.029212951999966, 42.413612366000052 ], [ -85.063804625999978, 42.454845428000056 ], [ -85.007690429999968, 42.642509460000042 ], [ -85.104217528999982, 42.798442841000053 ], [ -85.309638976999963, 42.964782715000069 ], [ -85.432014464999952, 42.947444916000052 ], [ -85.49650573699995, 42.977035522000051 ], [ -85.522369385, 43.012245178000057 ], [ -85.478157042999953, 43.047458649000077 ], [ -85.488433837999935, 43.07674789400005 ], [ -85.619285582999964, 43.166069031000063 ], [ -85.683105468999941, 43.28685760500008 ], [ -85.767181395999955, 43.310062408000078 ], [ -85.75109863299997, 43.33703994800004 ], [ -85.627738952999948, 43.33706283600003 ], [ -85.614624022999976, 43.364860535000048 ], [ -85.710700988999974, 43.372688293000067 ], [ -85.756668090999938, 43.422649384000067 ], [ -85.717102050999983, 43.56340408300008 ], [ -85.784202575999984, 43.656642914000031 ], [ -85.706123351999963, 43.673171997000054 ], [ -85.770500182999967, 43.72871017500006 ], [ -85.85090637199994, 43.886104584000066 ], [ -85.851051330999951, 43.956550598000035 ], [ -85.614494323999963, 44.158367157000043 ], [ -85.443214416999979, 44.18771743800005 ], [ -85.372970580999947, 44.342460632000041 ], [ -85.267044066999972, 44.371158600000058 ] ], [ [ -85.535514832, 43.19651794400005 ], [ -85.488456725999981, 43.20856475800008 ], [ -85.494583129999967, 43.247257233000028 ], [ -85.55136108399995, 43.238853455000026 ], [ -85.535514832, 43.19651794400005 ] ], [ [ -85.059440612999936, 43.215530396000077 ], [ -85.098251342999959, 43.209774017000029 ], [ -85.117698668999935, 43.173629761000029 ], [ -85.051956176999965, 43.178688049000073 ], [ -85.059440612999936, 43.215530396000077 ] ], [ [ -84.10140228299997, 42.96932601900005 ], [ -84.071952819999979, 42.971656799000073 ], [ -84.059036254999967, 43.007225037000069 ], [ -84.100334166999971, 43.00153350800008 ], [ -84.10140228299997, 42.96932601900005 ] ], [ [ -84.128265380999949, 42.89874267600004 ], [ -84.099815368999941, 42.900554657000043 ], [ -84.084228515999939, 42.92610931400003 ], [ -84.131118773999958, 42.932182312000066 ], [ -84.128265380999949, 42.89874267600004 ] ] ] } },
{ "type": "Feature", "properties": { }, "geometry": { "type": "Polygon", "coordinates": [ [ [ -84.120780944999979, 44.033020020000038 ], [ -84.08458709699994, 44.060203552000075 ], [ -84.101135253999985, 44.027076721000071 ], [ -84.120780944999979, 44.033020020000038 ] ] ] } },
{ "type": "Feature", "properties": { }, "geometry": { "type": "Polygon", "coordinates": [ [ [ -85.86848449699994, 43.938335419000055 ], [ -85.905029296999942, 43.94907760600006 ], [ -85.873741149999944, 43.96080398600003 ], [ -85.86848449699994, 43.938335419000055 ] ] ] } },
{ "type": "Feature", "properties": { }, "geometry": { "type": "Polygon", "coordinates": [ [ [ -97.22766113299997, 39.747455597000055 ], [ -97.239112853999984, 39.783435822000058 ], [ -97.15715789799998, 39.804328918000067 ], [ -97.156234741, 39.775081635000049 ], [ -97.22766113299997, 39.747455597000055 ] ] ] } },
{ "type": "Feature", "properties": { }, "geometry": { "type": "Polygon", "coordinates": [ [ [ -97.489257811999948, 39.730548859000066 ], [ -97.542617797999981, 39.70224380500008 ], [ -97.552467345999958, 39.715705872000058 ], [ -97.489257811999948, 39.730548859000066 ] ] ] } },
{ "type": "Feature", "properties": { }, "geometry": { "type": "Polygon", "coordinates": [ [ [ -97.468276977999949, 39.622371674000078 ], [ -97.488464354999962, 39.656318665000072 ], [ -97.417266845999961, 39.688587189000032 ], [ -97.42209625199996, 39.649211884000067 ], [ -97.468276977999949, 39.622371674000078 ] ] ] } },
{ "type": "Feature", "properties": { }, "geometry": { "type": "Polygon", "coordinates": [ [ [ -97.603073119999976, 39.611221313000044 ], [ -97.64541626, 39.639949799000078 ], [ -97.610740661999955, 39.665981293000073 ], [ -97.572525023999958, 39.647571564000032 ], [ -97.603073119999976, 39.611221313000044 ] ] ] } },
{ "type": "Feature", "properties": { }, "geometry": { "type": "Polygon", "coordinates": [ [ [ -97.676483153999982, 39.539443970000036 ], [ -97.715133666999975, 39.565383911000026 ], [ -97.652999877999946, 39.592674255000077 ], [ -97.63925170899995, 39.565189362000069 ], [ -97.676483153999982, 39.539443970000036 ] ] ] } },
{ "type": "Feature", "properties": { }, "geometry": { "type": "Polygon", "coordinates": [ [ [ -98.080169677999947, 39.215381622000052 ], [ -98.118476867999959, 39.226364136000029 ], [ -98.072402953999983, 39.297039032000043 ], [ -98.053932189999955, 39.260066986000027 ], [ -98.080169677999947, 39.215381622000052 ] ] ] } },
{ "type": "Feature", "properties": { }, "geometry": { "type": "Polygon", "coordinates": [ [ [ -98.356300353999984, 39.117012024000076 ], [ -98.415473938, 39.133541107000042 ], [ -98.411140441999976, 39.169574738000051 ], [ -98.31057739299996, 39.206615448000036 ], [ -98.292060851999963, 39.17192459100005 ], [ -98.356300353999984, 39.117012024000076 ] ] ] } },
{ "type": "Feature", "properties": { }, "geometry": { "type": "Polygon", "coordinates": [ [ [ -98.25855255099998, 39.097957611000027 ], [ -98.273513793999939, 39.126834869000049 ], [ -98.233924865999938, 39.131195068000068 ], [ -98.22697448699995, 39.111888885000042 ], [ -98.25855255099998, 39.097957611000027 ] ] ] } },
{ "type": "Feature", "properties": { }, "geometry": { "type": "Polygon", "coordinates": [ [ [ -98.549659728999984, 38.997497559000067 ], [ -98.578681945999961, 39.037197113000047 ], [ -98.547637938999969, 39.065685272000053 ], [ -98.523017882999966, 39.026611328000058 ], [ -98.549659728999984, 38.997497559000067 ] ] ] } },
{ "type": "Feature", "properties": { }, "geometry": { "type": "Polygon", "coordinates": [ [ [ -98.557830810999974, 38.939662933000079 ], [ -98.598014832, 38.956542969000054 ], [ -98.584114074999945, 38.989894867000032 ], [ -98.532035827999948, 38.973644257000046 ], [ -98.557830810999974, 38.939662933000079 ] ] ] } },
{ "type": "Feature", "properties": { }, "geometry": { "type": "Polygon", "coordinates": [ [ [ -98.084121703999983, 38.833778381000059 ], [ -98.177085875999978, 38.864280701000041 ], [ -98.184738158999949, 38.914817810000045 ], [ -98.136322020999955, 38.927612305000025 ], [ -98.033569335999971, 38.87335205100004 ], [ -98.084121703999983, 38.833778381000059 ] ] ] } },
{ "type": "Feature", "properties": { }, "geometry": { "type": "Polygon", "coordinates": [ [ [ -98.318725585999971, 38.747039795000035 ], [ -98.321548461999953, 38.698711395000032 ], [ -98.39137268099995, 38.697986603000061 ], [ -98.527328491, 38.784748077000074 ], [ -98.454788207999968, 38.798515320000035 ], [ -98.318725585999971, 38.747039795000035 ] ] ] } },
{ "type": "Feature", "properties": { }, "geometry": { "type": "Polygon", "coordinates": [ [ [ -98.904235839999956, 38.719703674000073 ], [ -98.933212279999964, 38.769756317000031 ], [ -98.870613097999978, 38.76843261700003 ], [ -98.863853454999969, 38.738731384000062 ], [ -98.904235839999956, 38.719703674000073 ] ] ] } },
{ "type": "Feature", "properties": { }, "geometry": { "type": "Polygon", "coordinates": [ [ [ -99.744033812999987, 37.946914673000038 ], [ -99.785430907999967, 37.978328705000024 ], [ -99.708061217999955, 38.009822845000031 ], [ -99.691047667999953, 37.985443115000066 ], [ -99.744033812999987, 37.946914673000038 ] ] ] } },
{ "type": "Feature", "properties": { }, "geometry": { "type": "Polygon", "coordinates": [ [ [ -94.061386107999965, 42.566967010000042 ], [ -94.043518066, 42.530845642000031 ], [ -94.084640502999946, 42.463260651000041 ], [ -94.036117553999986, 42.424163818000068 ], [ -94.000915526999961, 42.319152832000043 ], [ -93.761077880999949, 42.369754791000048 ], [ -93.623474120999958, 42.216587067000034 ], [ -93.644714354999962, 42.158451080000077 ], [ -93.734283446999939, 42.082069397000055 ], [ -93.736404418999939, 42.00481796300005 ], [ -93.670867919999978, 41.928161621000072 ], [ -93.425659179999968, 42.153312683000081 ], [ -93.301300048999963, 42.201530457000047 ], [ -93.190048217999959, 42.204235077000078 ], [ -93.159103393999942, 42.16122818000008 ], [ -93.228973388999975, 42.10513687100007 ], [ -93.129455566, 42.092121124000073 ], [ -93.207489013999975, 42.032093048000036 ], [ -93.047531127999946, 42.026992798000038 ], [ -92.956753612999989, 41.991162878000068 ], [ -92.676673888999971, 41.703132629000038 ], [ -92.629783629999963, 41.593963623000036 ], [ -92.317199706999986, 41.511211395000032 ], [ -92.297035216999973, 41.404220581000061 ], [ -92.362487792999957, 41.333568573000036 ], [ -92.311523436999948, 41.296043396000073 ], [ -92.398597716999973, 41.257835388000046 ], [ -92.384246825999981, 41.214496613000051 ], [ -92.120704650999983, 41.130416870000033 ], [ -92.06962585399998, 41.166938782000045 ], [ -91.93612670899995, 41.168472290000068 ], [ -91.90380096399997, 41.122547150000059 ], [ -91.793144225999981, 41.102493286000026 ], [ -91.856491088999974, 41.046592712000063 ], [ -91.748634337999988, 41.023174286000028 ], [ -91.698806762999936, 40.92632675200008 ], [ -91.738838195999961, 40.907707214000027 ], [ -91.823768615999938, 40.952285767000035 ], [ -91.816879271999937, 40.907112122000058 ], [ -91.735366820999957, 40.850124359000063 ], [ -91.785270690999937, 40.725330353000061 ], [ -91.849014281999985, 40.773056030000077 ], [ -91.931686400999979, 40.77233886700003 ], [ -91.941741942999954, 40.815464020000036 ], [ -92.169128417999957, 40.861171722000051 ], [ -92.05062103299997, 40.79467010500008 ], [ -92.029289245999962, 40.747730255000079 ], [ -91.838905333999946, 40.695381165000072 ], [ -91.70420074499998, 40.58252716100003 ], [ -91.642585753999981, 40.475128174000076 ], [ -91.744735717999959, 40.465080261000026 ], [ -91.667961120999962, 40.396266937000064 ], [ -91.740303039999958, 40.339736938000044 ], [ -91.693458556999985, 40.238502502000074 ], [ -91.771827697999981, 40.223869324000077 ], [ -91.83898925799997, 40.283107758000028 ], [ -92.093368529999964, 40.36124420200008 ], [ -92.263481139999953, 40.360206604000041 ], [ -92.384353637999936, 40.278945923000038 ], [ -92.382804870999962, 40.12005233800005 ], [ -92.33120727499994, 40.061183929000038 ], [ -92.351646422999977, 40.020038605000025 ], [ -92.308013915999936, 39.951503754000044 ], [ -92.327407836999953, 39.872421265000071 ], [ -92.254356383999948, 39.789958954000042 ], [ -91.960388183999953, 39.671100616000047 ], [ -91.942543029999968, 39.615528107000046 ], [ -92.007278441999972, 39.612873077000074 ], [ -91.917846679999968, 39.531707764000032 ], [ -91.959480285999973, 39.499412537000069 ], [ -92.026954650999983, 39.517658234000066 ], [ -92.277290343999937, 39.658168793000073 ], [ -92.230201720999958, 39.582637787000067 ], [ -92.059288024999944, 39.50775909400005 ], [ -91.917381286999955, 39.48274993900003 ], [ -92.063888549999945, 39.483322144000056 ], [ -91.990005492999956, 39.440338135000047 ], [ -92.142372130999945, 39.445518494000055 ], [ -92.259048461999953, 39.356113434000065 ], [ -92.105125426999962, 39.425769806000062 ], [ -92.064392089999956, 39.423194885000044 ], [ -92.065773009999987, 39.376106262000064 ], [ -91.837974547999977, 39.45956039400005 ], [ -91.824897765999935, 39.438407898000037 ], [ -91.887718200999984, 39.394332886000029 ], [ -91.834045409999987, 39.38991165200008 ], [ -91.850387572999978, 39.363094330000024 ], [ -91.951705932999971, 39.33810806300005 ], [ -91.932647704999965, 39.315444946000071 ], [ -91.962455749999947, 39.290508270000032 ], [ -91.836006164999958, 39.328865051000037 ], [ -91.895690917999957, 39.261402130000079 ], [ -91.865394591999973, 39.214168549000078 ], [ -91.846199035999973, 39.27536010700004 ], [ -91.773101806999989, 39.335807800000055 ], [ -91.749114989999953, 39.450267792000034 ], [ -91.68521881099997, 39.468780518000074 ], [ -91.663200377999942, 39.422794342000032 ], [ -91.683189391999974, 39.375942230000078 ], [ -91.642845153999986, 39.372615814000028 ], [ -91.617317199999945, 39.491127014000028 ], [ -91.557426452999948, 39.515983582000047 ], [ -91.55083465599995, 39.356884003000062 ], [ -91.516342163, 39.34952545200008 ], [ -91.529258727999945, 39.415084839000031 ], [ -91.401893615999938, 39.398967743000071 ], [ -91.371566771999937, 39.364616394000052 ], [ -91.387145995999958, 39.268722534000062 ], [ -91.267066955999951, 39.171325684000067 ], [ -91.264228820999961, 39.104572296000072 ], [ -91.383872985999972, 39.139106750000053 ], [ -91.412422179999965, 39.11647415200008 ], [ -91.351028441999972, 39.055656433000024 ], [ -91.246635436999952, 39.029544830000077 ], [ -91.350196837999988, 38.954910278000057 ], [ -91.330924987999936, 38.924972534000062 ], [ -91.359550475999981, 38.871280670000033 ], [ -91.449035644999981, 38.848049164000031 ], [ -91.471206664999954, 38.910778046000075 ], [ -91.598556518999942, 38.962829590000069 ], [ -91.579444884999987, 39.031929016000049 ], [ -91.632026671999938, 39.013145447000056 ], [ -91.724029540999936, 39.060092926000038 ], [ -91.67247772199994, 39.002334595000036 ], [ -91.710792541999979, 38.998306274000072 ], [ -91.689270019999981, 38.971439362000069 ], [ -91.810806273999958, 38.936775208000029 ], [ -91.930603026999961, 39.043155670000033 ], [ -91.980743407999967, 38.977382660000046 ], [ -91.865715026999965, 38.939609528000062 ], [ -91.803993224999942, 38.857116699000073 ], [ -91.823791503999985, 38.840438843000072 ], [ -91.862243651999961, 38.879314423000039 ], [ -91.871917724999946, 38.927253723000035 ], [ -91.951530457, 38.919246674000078 ], [ -91.891494750999982, 38.768146515000069 ], [ -91.97782897899998, 38.773193359000061 ], [ -91.98283386199995, 38.728370667000036 ], [ -92.087547301999962, 38.711479187000066 ], [ -92.126091002999942, 38.719562531000065 ], [ -92.095573424999941, 38.807598114000029 ], [ -92.132522582999968, 38.950050354000041 ], [ -92.164901732999965, 38.912479401000041 ], [ -92.169799804999968, 38.797599792000028 ], [ -92.285781859999986, 38.783187866000048 ], [ -92.288246154999968, 38.814834595000036 ], [ -92.224365233999947, 38.857440948000033 ], [ -92.347923278999986, 38.900432587000068 ], [ -92.277191161999951, 38.950046539000027 ], [ -92.383705138999971, 38.951572418000069 ], [ -92.312591552999947, 38.998146057000042 ], [ -92.386825561999956, 39.101367950000053 ], [ -92.519737243999941, 39.025054932000046 ], [ -92.565353393999942, 39.062355042000036 ], [ -92.599769591999973, 39.037811279000039 ], [ -92.68062591599994, 39.053981781000061 ], [ -92.680030822999981, 39.113346100000058 ], [ -92.724510192999958, 39.050075531000061 ], [ -92.850982665999936, 39.021614075000059 ], [ -92.849090575999981, 39.098648071000071 ], [ -92.88941192599998, 39.116344452000078 ], [ -92.778846740999938, 39.245208740000066 ], [ -92.811424254999963, 39.343681335000042 ], [ -92.867897033999952, 39.359798431000058 ], [ -92.875488280999946, 39.419406891000051 ], [ -92.971595763999971, 39.394065857000044 ], [ -93.21258544899996, 39.414665222000053 ], [ -93.39175414999994, 39.319011688000046 ], [ -93.706748961999949, 39.31998062100007 ], [ -93.862113952999948, 39.234268188000044 ], [ -93.880630492999956, 39.185527802000024 ], [ -93.766899108999951, 39.167301178000059 ], [ -93.312263488999974, 39.227268219000052 ], [ -93.260658263999971, 39.172584534000066 ], [ -93.20634460399998, 39.166030884000065 ], [ -93.175849914999958, 39.087474823000036 ], [ -93.097885131999988, 39.051219940000067 ], [ -93.10373687699996, 39.020648956000059 ], [ -93.19622039799998, 38.984207153000057 ], [ -93.231819152999947, 39.051059723000037 ], [ -93.268112182999971, 39.048900604000039 ], [ -93.283790587999988, 38.973777771000073 ], [ -93.415565490999938, 38.96016693100006 ], [ -93.492912291999971, 38.996715546000075 ], [ -93.478462218999937, 38.956321716000048 ], [ -93.51672363299997, 38.927764893000074 ], [ -93.455833434999988, 38.925960541000052 ], [ -93.44731903099995, 38.86366653400006 ], [ -93.421554564999951, 38.869735718000072 ], [ -93.410163878999981, 38.938892365000072 ], [ -93.242004394999981, 38.931896210000048 ], [ -93.251106261999951, 38.901477814000032 ], [ -93.350952147999976, 38.883373260000042 ], [ -93.308540343999937, 38.843727112000067 ], [ -93.348747252999942, 38.792953491000048 ], [ -93.328781127999946, 38.753162384000063 ], [ -93.433998107999969, 38.743324280000024 ], [ -93.513053893999938, 38.688014984000063 ], [ -93.398696898999958, 38.700897217000033 ], [ -93.487106322999978, 38.613754272000051 ], [ -93.48387908899997, 38.56747818000008 ], [ -93.437202453999987, 38.510559082000043 ], [ -93.302558898999962, 38.511207581000065 ], [ -93.316688537999937, 38.483482361000029 ], [ -93.256408691, 38.41970062300004 ], [ -93.331977843999937, 38.418281555000078 ], [ -93.339355468999941, 38.367740631000061 ], [ -93.408500670999956, 38.342975616000047 ], [ -93.46665954599996, 38.365474701000039 ], [ -93.510108947999981, 38.345447540000066 ], [ -93.540130614999953, 38.38825988800005 ], [ -93.639152526999965, 38.377853394000056 ], [ -93.539123534999987, 38.289596558000028 ], [ -93.701416015999939, 38.249629974000072 ], [ -93.649261474999946, 38.223464966000051 ], [ -93.682189941, 38.127605438000046 ], [ -93.658653258999948, 38.079448700000057 ], [ -93.746322631999988, 38.08676147500006 ], [ -93.796813964999956, 38.026638031000061 ], [ -93.914817809999988, 38.016971588000047 ], [ -94.154251098999964, 38.044494629000042 ], [ -93.973350524999944, 37.995349884000063 ], [ -94.082214354999962, 37.911701202000074 ], [ -94.049659728999984, 37.874813080000024 ], [ -93.889213561999952, 37.984500885000045 ], [ -93.824340819999975, 37.971809387000064 ], [ -93.814186095999958, 37.94242095900006 ], [ -93.756568908999952, 37.957439423000039 ], [ -93.805198668999935, 37.857784271000071 ], [ -93.883285521999937, 37.814445496000076 ], [ -93.766090392999956, 37.782127380000077 ], [ -93.854171752999946, 37.72941970800008 ], [ -93.879539489999956, 37.778282166000054 ], [ -93.978553771999941, 37.691692352000075 ], [ -94.047843932999967, 37.68576431300005 ], [ -94.056045531999985, 37.623947144000056 ], [ -93.958740233999947, 37.673309326000037 ], [ -93.925628661999951, 37.618637085000046 ], [ -93.973823546999938, 37.48954391500007 ], [ -93.959022521999941, 37.420272827000076 ], [ -94.062690735, 37.487655640000071 ], [ -94.049613952999948, 37.402507782000043 ], [ -94.089370727999949, 37.392105103000063 ], [ -94.152656554999965, 37.501583099000072 ], [ -94.194610595999961, 37.474754333000078 ], [ -94.169670104999966, 37.42863845800008 ], [ -94.190574645999959, 37.376876831000061 ], [ -94.301147460999971, 37.375793457000043 ], [ -94.395774841, 37.319297791000054 ], [ -94.53785705599995, 37.309432983000079 ], [ -94.744956969999976, 37.036876678000056 ], [ -94.738327025999979, 36.988353729000039 ], [ -94.814933776999965, 36.872127533000025 ], [ -94.87112426799996, 36.886127472000055 ], [ -94.910163878999981, 36.770717621000074 ], [ -94.981277465999938, 36.693099976000042 ], [ -95.220428466999977, 36.524055481000062 ], [ -95.190811156999985, 36.481994629000042 ], [ -95.222229003999985, 36.385704041000054 ], [ -95.301902770999959, 36.319149017000029 ], [ -95.261192321999943, 36.280418396000073 ], [ -95.299369811999952, 36.200656891000051 ], [ -95.363479613999971, 36.183670044000053 ], [ -95.249053954999965, 35.858921051000038 ], [ -95.177680968999937, 35.793594360000043 ], [ -95.187591552999947, 35.740871429000038 ], [ -95.113601685, 35.736652374000073 ], [ -95.167243957999972, 35.555442810000045 ], [ -95.107917785999973, 35.553993225000056 ], [ -95.088066100999981, 35.516632080000079 ], [ -94.978347777999943, 35.575824738000051 ], [ -94.977241515999935, 35.503421783000078 ], [ -94.69572448699995, 35.504669189000026 ], [ -94.856468200999984, 35.456306458000029 ], [ -94.893096923999963, 35.36633682300004 ], [ -94.89670562699996, 35.167819977000079 ], [ -94.855674743999941, 35.119281769000054 ], [ -94.600120543999935, 35.105186462000063 ], [ -94.573112487999936, 35.059368134000067 ], [ -94.621719359999986, 34.974285126000041 ], [ -94.662727355999948, 34.938663483000028 ], [ -95.095993041999975, 34.916835785000046 ], [ -95.367034911999951, 34.949047089000032 ], [ -95.494079589999956, 34.913215637000064 ], [ -95.592010497999979, 34.92998504600007 ], [ -95.599403380999945, 34.905563354000037 ], [ -95.450164794999978, 34.865612030000079 ], [ -95.601646422999977, 34.857372284000064 ], [ -95.907341002999942, 34.678043365000065 ], [ -96.048019408999949, 34.55204391500007 ], [ -96.101539611999954, 34.409362793000071 ], [ -96.16585540799997, 34.376743317000034 ], [ -96.224197387999936, 34.38930511500007 ], [ -96.300308227999949, 34.469860077000078 ], [ -96.641685485999972, 34.580432892000033 ], [ -96.632369994999976, 34.629844666000054 ], [ -96.537628173999963, 34.643020630000024 ], [ -96.60774231, 34.699069977000079 ], [ -96.794586181999989, 34.638523102000079 ], [ -96.901412963999974, 34.488697052000077 ], [ -97.013908385999969, 34.41749954200003 ], [ -97.29778289799998, 34.487857819000055 ], [ -97.373298644999977, 34.430545807000044 ], [ -97.347969054999965, 34.497737885000049 ], [ -97.106155395999963, 34.493320465000068 ], [ -96.971031188999973, 34.533355713000049 ], [ -96.929100036999955, 34.584758759000067 ], [ -96.851730346999943, 34.847072601000036 ], [ -96.754867553999986, 34.965370178000057 ], [ -96.762741088999974, 35.031455994000055 ], [ -96.804244994999976, 35.027458191000051 ], [ -96.776947020999955, 35.132354736000025 ], [ -96.798240661999955, 35.161907196000072 ], [ -96.702117919999978, 35.249687195000035 ], [ -96.728813170999956, 35.29489135700004 ], [ -96.687614440999937, 35.348468781000065 ], [ -96.749168395999959, 35.39216613800005 ], [ -96.710487365999938, 35.483551025000054 ], [ -96.753433227999949, 35.51358795200008 ], [ -96.737678527999947, 35.633972168000071 ], [ -96.784927367999956, 35.708534241000052 ], [ -96.72480011, 35.708621979000043 ], [ -96.701461791999975, 35.777305603000059 ], [ -96.766738891999978, 35.879070282000043 ], [ -96.754707335999967, 35.983318329000042 ], [ -96.805862426999965, 36.035835266000049 ], [ -96.652221679999968, 36.192543030000024 ], [ -96.672431945999961, 36.270969391000051 ], [ -96.73545074499998, 36.28119659400005 ], [ -96.68095397899998, 36.374099731000058 ], [ -96.729568480999944, 36.424301147000051 ], [ -96.658607482999969, 36.549152374000073 ], [ -96.572433471999943, 36.589397430000076 ], [ -96.549468993999938, 36.77071380600006 ], [ -96.502182006999988, 36.785282135000045 ], [ -96.530654906999985, 36.953289032000043 ], [ -96.576675414999954, 36.995304108000028 ], [ -96.542556762999936, 37.049743652000075 ], [ -96.572021483999947, 37.066482544000053 ], [ -96.501380919999974, 37.392200470000034 ], [ -96.417610167999953, 37.390911102000075 ], [ -96.488868712999988, 37.541225433000079 ], [ -96.382957457999964, 37.592121124000073 ], [ -96.416275023999958, 37.655006409000066 ], [ -96.470474242999956, 37.64351272600004 ], [ -96.44229126, 37.720516205000024 ], [ -96.491600036999955, 37.737842560000047 ], [ -96.440536498999961, 37.806243896000069 ], [ -96.425041198999963, 37.921131134000063 ], [ -96.330947875999982, 37.909839630000079 ], [ -96.266433715999938, 38.039699554000038 ], [ -96.269569396999941, 38.12557601900005 ], [ -96.320259093999937, 38.164615631000061 ], [ -96.241081237999936, 38.229827881000062 ], [ -96.30187988299997, 38.349273682000046 ], [ -96.272407531999988, 38.458038330000079 ], [ -96.224105834999989, 38.500316620000035 ], [ -96.188354491999974, 38.481605530000024 ], [ -96.171417235999968, 38.526554108000028 ], [ -96.101730346999943, 38.499423981000064 ], [ -96.119705199999942, 38.576076508000028 ], [ -96.087631225999985, 38.67110443100006 ], [ -95.995704650999983, 38.698265076000041 ], [ -96.005950927999947, 38.767017365000072 ], [ -95.935379027999943, 38.828277588000049 ], [ -96.121711730999948, 39.056259155000077 ], [ -96.075836181999989, 39.113342285000044 ], [ -96.096488952999948, 39.157726288000049 ], [ -96.021949767999956, 39.180374146000077 ], [ -95.989288329999965, 39.251461029000041 ], [ -95.931472777999943, 39.249103546000072 ], [ -95.891128539999954, 39.341835022000055 ], [ -95.850891112999989, 39.26388931300005 ], [ -95.816017150999983, 39.26015090900006 ], [ -95.772315978999984, 39.331333160000042 ], [ -95.723327636999954, 39.326541901000041 ], [ -95.770065307999971, 39.465183258000025 ], [ -95.69765472399996, 39.509281158000078 ], [ -95.705497741999977, 39.550632477000079 ], [ -95.622497558999953, 39.586814880000077 ], [ -95.689064025999983, 39.621025085000042 ], [ -95.647132873999965, 39.676830292000034 ], [ -95.576065062999987, 39.644325256000059 ], [ -95.58863830599995, 39.725914001000035 ], [ -95.522262572999978, 39.723937988000046 ], [ -95.544418334999989, 39.794162750000055 ], [ -95.46663665799997, 39.889160156000059 ], [ -95.479545592999955, 39.917472839000027 ], [ -95.610000609999986, 39.86696624800004 ], [ -95.596672057999967, 39.973068237000064 ], [ -95.747467040999936, 40.066562653000062 ], [ -95.655273436999948, 40.090793610000048 ], [ -95.820404052999947, 40.211944580000079 ], [ -95.806732177999947, 40.240535736000027 ], [ -95.699600219999979, 40.193180084000062 ], [ -95.681076049999945, 40.228282928000056 ], [ -95.61653137199994, 40.239410400000054 ], [ -95.864395141999978, 40.416751862000069 ], [ -95.695358275999979, 40.381393433000028 ], [ -95.715270995999958, 40.420131683000079 ], [ -95.825408935999974, 40.482940674000076 ], [ -96.025497436999956, 40.469680786000026 ], [ -96.055480956999986, 40.410514832000047 ], [ -96.047317504999967, 40.292720795000037 ], [ -95.951538085999971, 40.173809052000024 ], [ -95.978256225999985, 39.995002747000058 ], [ -95.919525145999955, 39.875755310000045 ], [ -95.928588866999974, 39.825813293000067 ], [ -96.060569763, 39.519088745000033 ], [ -96.192321776999961, 39.343627930000025 ], [ -96.254371642999956, 39.17052078200004 ], [ -96.403854369999976, 39.080600739000033 ], [ -96.511825561999956, 39.146129608000081 ], [ -96.442100524999944, 39.195880890000069 ], [ -96.382209777999947, 39.302089691000049 ], [ -96.254951476999963, 39.308589935000043 ], [ -96.283309936999956, 39.366241455000079 ], [ -96.223968505999949, 39.379238129000044 ], [ -96.227615355999944, 39.410034180000025 ], [ -96.190383910999969, 39.425952911000024 ], [ -96.254249572999981, 39.502292633000025 ], [ -96.247947692999958, 39.554374695000035 ], [ -96.128372191999972, 39.634250641000051 ], [ -96.219100951999962, 39.668819427000074 ], [ -96.133895873999961, 39.715091705000077 ], [ -96.144432067999958, 39.756881714000031 ], [ -96.26867675799997, 39.737319946000071 ], [ -96.167350768999938, 39.791084290000072 ], [ -96.145118712999988, 39.888668060000043 ], [ -96.157798766999974, 39.918609619000051 ], [ -96.210090636999951, 39.906558990000065 ], [ -96.174301146999937, 40.043193817000031 ], [ -96.20103454599996, 40.097438812000064 ], [ -96.185379027999943, 40.142375946000072 ], [ -96.270156859999986, 40.257766724000078 ], [ -96.209548949999942, 40.338424683000028 ], [ -96.308685302999947, 40.404464722000057 ], [ -96.364562987999989, 40.407081604000041 ], [ -96.377197265999939, 40.446849823000036 ], [ -96.275405883999952, 40.505992889000026 ], [ -96.154434203999983, 40.529071808000026 ], [ -96.264221191, 40.608497620000037 ], [ -96.163742064999951, 40.604152679000038 ], [ -96.250717163, 40.662185669000053 ], [ -96.471359252999946, 40.727931976000036 ], [ -96.594253539999954, 40.70626068100006 ], [ -96.610931395999955, 40.721385956000063 ], [ -96.564346312999987, 40.798915863000047 ], [ -96.588745116999974, 40.839973450000059 ], [ -96.666748046999942, 40.863742828000056 ], [ -96.413162230999944, 41.075927734000061 ], [ -96.100769042999957, 41.192401886000027 ], [ -96.249954223999964, 41.260356903000059 ], [ -96.114471435999974, 41.253292084000066 ], [ -96.121276854999962, 41.285247803000061 ], [ -96.233154296999942, 41.347400665000066 ], [ -96.086166381999988, 41.398803711000028 ], [ -96.102951049999945, 41.478515625000057 ], [ -96.175354003999985, 41.524463654000044 ], [ -96.251312255999949, 41.996524811000029 ], [ -96.111862182999971, 41.993171692000033 ], [ -96.113372802999947, 42.050300598000035 ], [ -95.97375488299997, 42.059581757000046 ], [ -95.926147460999971, 42.098777771000073 ], [ -95.901367187999938, 42.091117859000065 ], [ -95.913330077999944, 42.046443939000028 ], [ -95.805618285999969, 42.014869690000069 ], [ -95.730606078999983, 42.069416046000072 ], [ -95.623245238999971, 42.089550018000068 ], [ -95.601913451999962, 42.053359985000043 ], [ -95.66871643099995, 41.917129517000035 ], [ -95.512405395999963, 41.785083771000075 ], [ -95.391418456999986, 42.081211090000068 ], [ -95.33668518099995, 42.14601516700003 ], [ -95.248291015999939, 42.168972015000065 ], [ -95.210556029999964, 42.14758682300004 ], [ -95.176330566, 42.008094788000051 ], [ -95.117813109999986, 42.015628815000071 ], [ -95.044219970999961, 42.079795837000063 ], [ -95.035797118999938, 42.03438568100006 ], [ -94.973831176999965, 42.056262970000034 ], [ -94.997772216999977, 41.981182098000033 ], [ -94.848434447999978, 42.032054901000038 ], [ -94.893646239999953, 41.976940155000079 ], [ -94.840393066, 41.967945099000076 ], [ -94.940155028999982, 41.853660583000078 ], [ -94.901306151999961, 41.724987030000079 ], [ -94.917449950999981, 41.643032074000075 ], [ -94.76546478299997, 41.48203277600004 ], [ -94.730484008999952, 41.53765487700008 ], [ -94.540039061999948, 41.488162994000049 ], [ -94.525543213, 41.537990570000034 ], [ -94.460906981999983, 41.52621460000006 ], [ -94.420944213999974, 41.563777924000078 ], [ -94.445114135999972, 41.600093842000035 ], [ -94.377258300999983, 41.590290070000037 ], [ -94.469512938999969, 41.667163849000076 ], [ -94.338623046999942, 41.63116455100004 ], [ -94.516830443999936, 41.768199921000075 ], [ -94.376205443999936, 41.730613708000078 ], [ -94.47766113299997, 41.803424835000044 ], [ -94.465927123999961, 42.016284943000073 ], [ -94.528656005999949, 42.135784149000074 ], [ -94.619079589999956, 42.165142059000061 ], [ -94.405868529999964, 42.238906860000043 ], [ -94.422882079999965, 42.264598846000069 ], [ -94.535324096999943, 42.230075836000026 ], [ -94.408447265999939, 42.370002747000058 ], [ -94.330322265999939, 42.368885040000066 ], [ -94.403884887999936, 42.446277618000067 ], [ -94.362747191999972, 42.543395996000072 ], [ -94.261215209999989, 42.582431793000069 ], [ -94.212570189999951, 42.556758881000064 ], [ -94.156784057999971, 42.597988129000044 ], [ -94.061386107999965, 42.566967010000042 ] ], [ [ -94.172714232999965, 41.817222595000032 ], [ -94.035385131999988, 41.837707520000038 ], [ -94.017700194999975, 41.862434387000064 ], [ -94.099365233999947, 41.872764587000063 ], [ -94.172714232999965, 41.817222595000032 ] ], [ [ -92.688461303999986, 41.525772095000036 ], [ -92.654457091999973, 41.49538040200008 ], [ -92.61614227299998, 41.495429993000073 ], [ -92.668952941999976, 41.539588928000057 ], [ -92.688461303999986, 41.525772095000036 ] ], [ [ -92.798179625999978, 41.407855988000051 ], [ -92.512435913, 41.281860352000081 ], [ -92.473052978999988, 41.315944672000057 ], [ -92.817092895999963, 41.466598511000029 ], [ -92.798179625999978, 41.407855988000051 ] ], [ [ -92.428939818999936, 41.386062622000054 ], [ -92.450584411999955, 41.421504974000072 ], [ -92.557167052999944, 41.456905365000068 ], [ -92.552627562999987, 41.437820435000049 ], [ -92.428939818999936, 41.386062622000054 ] ], [ [ -92.906311034999987, 41.355972290000068 ], [ -92.938148498999965, 41.30829238900003 ], [ -92.875427245999958, 41.290050507000046 ], [ -92.900817870999958, 41.250419617000034 ], [ -92.866439818999936, 41.230506897000055 ], [ -92.809524535999969, 41.252006531000063 ], [ -92.80117034899996, 41.27630233800005 ], [ -92.906311034999987, 41.355972290000068 ] ], [ [ -92.757766723999964, 41.233100891000049 ], [ -92.640472411999951, 41.168231964000029 ], [ -92.662574767999956, 41.132083893000072 ], [ -92.564849853999988, 41.057647705000079 ], [ -92.361015319999979, 40.980728149000072 ], [ -92.453620910999973, 41.083137512000064 ], [ -92.578788756999984, 41.153175354000041 ], [ -92.577133178999986, 41.180931091000048 ], [ -92.709884643999942, 41.243873596000071 ], [ -92.757766723999964, 41.233100891000049 ] ], [ [ -92.976295470999958, 41.396755219000056 ], [ -93.04673767099996, 41.375755310000045 ], [ -92.946731566999972, 41.364322662000063 ], [ -92.976295470999958, 41.396755219000056 ] ], [ [ -92.315940856999987, 39.611141205000024 ], [ -92.231895446999943, 39.522758484000065 ], [ -92.15927886999998, 39.517272949000073 ], [ -92.173477172999981, 39.541473389000032 ], [ -92.315940856999987, 39.611141205000024 ] ], [ [ -94.10478210399998, 37.860183716000051 ], [ -94.072265624999943, 37.858234406000065 ], [ -94.08010864299996, 37.868705750000061 ], [ -94.10478210399998, 37.860183716000051 ] ], [ [ -93.957519530999946, 37.785251617000029 ], [ -93.931060790999936, 37.794391632000043 ], [ -93.930404663, 37.807170868000071 ], [ -93.947616576999962, 37.803146362000064 ], [ -93.957519530999946, 37.785251617000029 ] ], [ [ -94.155647277999947, 37.701576233000026 ], [ -94.125328063999973, 37.717895508000026 ], [ -94.119934081999986, 37.75635528600003 ], [ -94.165222167999957, 37.744125366000048 ], [ -94.155647277999947, 37.701576233000026 ] ], [ [ -95.921669005999945, 34.750453949000075 ], [ -95.831626891999974, 34.792133331000059 ], [ -95.820037841999977, 34.823234558000024 ], [ -95.872184752999942, 34.80460357700008 ], [ -95.921669005999945, 34.750453949000075 ] ], [ [ -92.32724761999998, 39.153762817000029 ], [ -92.250892638999971, 39.061096191000047 ], [ -92.241554259999987, 39.171680450000053 ], [ -92.398017882999966, 39.20812606800007 ], [ -92.40203857399996, 39.175071716000048 ], [ -92.32724761999998, 39.153762817000029 ] ], [ [ -92.021141051999962, 39.10516738900003 ], [ -92.004943847999982, 39.153591156000061 ], [ -92.11848449699994, 39.182899475000056 ], [ -92.078300475999981, 39.116043091000051 ], [ -92.021141051999962, 39.10516738900003 ] ] ] } },
{ "type": "Feature", "properties": { }, "geometry": { "type": "Polygon", "coordinates": [ [ [ -102.952423095999961, 36.741729736000025 ], [ -103.005149841, 36.753234863000046 ], [ -102.93977356, 36.783626556000058 ], [ -102.952423095999961, 36.741729736000025 ] ] ] } },
{ "type": "Feature", "properties": { }, "geometry": { "type": "Polygon", "coordinates": [ [ [ -93.536354064999955, 35.220275879000042 ], [ -93.503799437999987, 35.192405701000041 ], [ -93.447204589999956, 35.22089767500006 ], [ -93.424194335999971, 35.175350189000028 ], [ -93.332901000999982, 35.150356293000073 ], [ -93.708816527999943, 35.156681061000029 ], [ -93.665573119999976, 35.219108582000047 ], [ -93.613471985, 35.195953369000051 ], [ -93.536354064999955, 35.220275879000042 ] ] ] } },
{ "type": "Feature", "properties": { }, "geometry": { "type": "Polygon", "coordinates": [ [ [ -94.085044860999972, 35.50348663300008 ], [ -93.982208251999964, 35.478916168000069 ], [ -94.106964110999968, 35.433368683000026 ], [ -94.110488891999978, 35.395088196000074 ], [ -94.040405272999976, 35.371181488000047 ], [ -93.873344420999956, 35.367675781000059 ], [ -93.822898864999956, 35.33890533400006 ], [ -93.767318725999985, 35.367988586000024 ], [ -93.794509887999936, 35.442798615000072 ], [ -93.599670409999987, 35.419834137000066 ], [ -93.573051452999948, 35.279026031000058 ], [ -93.822311400999979, 35.257930756000064 ], [ -93.80136108399995, 35.22776794400005 ], [ -93.916679381999984, 35.201351166000052 ], [ -93.996551513999975, 35.223369598000033 ], [ -94.269523620999962, 35.190799713000047 ], [ -94.319213866999974, 35.119976044000055 ], [ -94.229446410999969, 35.102153778000059 ], [ -94.327926635999972, 35.028194427000074 ], [ -94.103630065999937, 35.009788513000046 ], [ -93.71223449699994, 35.047580719000052 ], [ -93.686187743999938, 35.024303436000025 ], [ -93.629806518999942, 35.058471680000025 ], [ -93.541160582999964, 35.041584015000069 ], [ -93.511711120999962, 35.063297272000057 ], [ -93.501991271999941, 35.029769897000051 ], [ -93.871437072999981, 34.937477112000067 ], [ -94.169906616, 34.962100983000028 ], [ -94.541999816999976, 34.862003326000035 ], [ -94.593391417999953, 34.880229950000057 ], [ -94.567108153999982, 34.913295746000074 ], [ -94.589134216, 34.934570313000052 ], [ -94.662727355999948, 34.938663483000028 ], [ -94.573112487999936, 35.059368134000067 ], [ -94.600120543999935, 35.105186462000063 ], [ -94.884155272999976, 35.130786896000075 ], [ -94.893951415999936, 35.15690612800006 ], [ -94.775459289999958, 35.18018341100003 ], [ -94.673988341999973, 35.258659363000049 ], [ -94.894012450999981, 35.176273346000073 ], [ -94.893096923999963, 35.36633682300004 ], [ -94.856468200999984, 35.456306458000029 ], [ -94.69572448699995, 35.504669189000026 ], [ -94.596511840999938, 35.444061279000039 ], [ -94.460334777999947, 35.41568374600007 ], [ -94.085044860999972, 35.50348663300008 ] ], [ [ -94.261199950999981, 35.26576232900004 ], [ -94.569053649999944, 35.176418304000038 ], [ -94.622573852999949, 35.198410034000062 ], [ -94.684326171999942, 35.178157806000058 ], [ -94.476264953999987, 35.156253815000071 ], [ -94.143135070999961, 35.271640778000062 ], [ -94.261199950999981, 35.26576232900004 ] ] ] } },
{ "type": "Feature", "properties": { }, "geometry": { "type": "Polygon", "coordinates": [ [ [ -97.054733275999979, 34.081439972000055 ], [ -97.086303710999971, 34.130954742000029 ], [ -97.105484008999952, 34.150413513000046 ], [ -97.032417296999938, 34.106872559000067 ], [ -97.054733275999979, 34.081439972000055 ] ] ] } },
{ "type": "Feature", "properties": { }, "geometry": { "type": "Polygon", "coordinates": [ [ [ -99.055671691999976, 31.901897430000076 ], [ -99.166717528999982, 31.84879875200005 ], [ -99.160621642999956, 31.768020630000024 ], [ -99.239036559999988, 31.679260254000042 ], [ -99.372261046999938, 31.387779236000029 ], [ -99.402313231999983, 31.226112366000052 ], [ -99.460311889999957, 31.209592819000079 ], [ -99.48918914799998, 31.100366592000057 ], [ -99.620460509999987, 31.073560715000042 ], [ -99.71099090599995, 31.114074707000043 ], [ -99.767997741999977, 31.187786102000075 ], [ -99.850120544, 31.412736893000044 ], [ -99.815567016999978, 31.746385574000044 ], [ -99.687713622999979, 32.083103180000023 ], [ -99.467346191, 32.402267456000061 ], [ -99.312156676999962, 32.996051788000045 ], [ -99.216117858999951, 33.191379547000054 ], [ -98.997329711999953, 33.430809021000073 ], [ -98.737213135, 33.60898590100004 ], [ -98.160598754999967, 33.786628723000035 ], [ -97.846870421999938, 33.829986572000053 ], [ -97.703079223999964, 33.803268433000028 ], [ -97.605926513999975, 33.653343201000041 ], [ -97.583412169999974, 33.347949982000046 ], [ -97.686630248999961, 33.025222778000057 ], [ -97.840667724999946, 32.768394470000032 ], [ -97.937377929999968, 32.649806976000036 ], [ -98.638420104999966, 32.084285736000027 ], [ -98.806159972999978, 31.976991653000027 ], [ -99.055671691999976, 31.901897430000076 ] ] ] } },
{ "type": "Feature", "properties": { }, "geometry": { "type": "Polygon", "coordinates": [ [ [ -103.513648986999954, 29.926609039000027 ], [ -103.44217681899994, 29.763965607000046 ], [ -103.214447020999955, 29.645568848000039 ], [ -103.113723754999967, 29.310873032000075 ], [ -103.06591033899997, 29.259506226000042 ], [ -102.913360595999961, 29.206710815000065 ], [ -102.997467040999936, 29.177797318000046 ], [ -103.036872863999974, 29.098218918000043 ], [ -103.100608825999984, 29.058767319000026 ], [ -103.117088317999958, 28.983461380000051 ], [ -103.285713195999961, 28.978910446000043 ], [ -103.311508178999986, 29.025413513000046 ], [ -103.343276977999949, 29.024890900000059 ], [ -103.330383300999983, 29.041358948000038 ], [ -103.366043090999938, 29.020509720000064 ], [ -103.474746703999983, 29.065269470000032 ], [ -103.555389403999982, 29.158586502000048 ], [ -103.722068786999955, 29.184644699000046 ], [ -103.750633239999956, 29.273414612000067 ], [ -103.893051146999937, 29.462499619000027 ], [ -103.89137268099995, 29.530492783000057 ], [ -103.827217101999963, 29.548053741000047 ], [ -103.804260253999985, 29.592258453000056 ], [ -103.881301879999967, 29.79396629300004 ], [ -103.86421966599994, 29.841630936000058 ], [ -103.651092528999982, 29.917297363000046 ], [ -103.608757018999938, 29.898042679000071 ], [ -103.513648986999954, 29.926609039000027 ] ] ] } },
{ "type": "Feature", "properties": { }, "geometry": { "type": "Polygon", "coordinates": [ [ [ -92.122863769999981, 41.345306396000069 ], [ -92.162002562999987, 41.343177795000031 ], [ -92.131851195999957, 41.365528107000046 ], [ -92.122863769999981, 41.345306396000069 ] ] ] } },
{ "type": "Feature", "properties": { }, "geometry": { "type": "Polygon", "coordinates": [ [ [ -92.066833495999958, 41.350276947000054 ], [ -92.094314574999942, 41.31865692100007 ], [ -92.100585937999938, 41.342365265000069 ], [ -92.066833495999958, 41.350276947000054 ] ] ] } },
{ "type": "Feature", "properties": { }, "geometry": { "type": "Polygon", "coordinates": [ [ [ -91.947669982999969, 41.288875580000081 ], [ -91.975181579999969, 41.257282257000043 ], [ -91.98140716599994, 41.280994415000066 ], [ -91.947669982999969, 41.288875580000081 ] ] ] } },
{ "type": "Feature", "properties": { }, "geometry": { "type": "Polygon", "coordinates": [ [ [ -92.146682738999971, 41.23841857900004 ], [ -92.198104857999965, 41.227046967000035 ], [ -92.213783263999971, 41.240333557000042 ], [ -92.146682738999971, 41.23841857900004 ] ] ] } },
{ "type": "Feature", "properties": { }, "geometry": { "type": "Polygon", "coordinates": [ [ [ -92.227066039999954, 41.230739594000056 ], [ -92.252990722999982, 41.204494476000036 ], [ -92.252769469999976, 41.231330872000058 ], [ -92.227066039999954, 41.230739594000056 ] ] ] } },
{ "type": "Feature", "properties": { }, "geometry": { "type": "Polygon", "coordinates": [ [ [ -91.838066100999981, 41.177845001000037 ], [ -91.85216522199994, 41.156223297000054 ], [ -91.862106322999978, 41.185791016000053 ], [ -91.838066100999981, 41.177845001000037 ] ] ] } },
{ "type": "Feature", "properties": { }, "geometry": { "type": "Polygon", "coordinates": [ [ [ -91.687164306999989, 41.112751007000043 ], [ -91.754714965999938, 41.112953186000027 ], [ -91.712974547999977, 41.143882751000035 ], [ -91.687164306999989, 41.112751007000043 ] ] ] } },
{ "type": "Feature", "properties": { }, "geometry": { "type": "Polygon", "coordinates": [ [ [ -91.347824096999943, 40.835765839000032 ], [ -91.375625609999986, 40.843784332000041 ], [ -91.389526366999974, 40.86930084200003 ], [ -91.326416015999939, 40.869892120000031 ], [ -91.347824096999943, 40.835765839000032 ] ] ] } },
{ "type": "Feature", "properties": { }, "geometry": { "type": "Polygon", "coordinates": [ [ [ -91.545303344999979, 40.82982635500008 ], [ -91.431747436999956, 40.79211807300004 ], [ -91.366226195999957, 40.774559021000073 ], [ -91.431350707999968, 40.767311096000071 ], [ -91.545303344999979, 40.82982635500008 ] ] ] } },
{ "type": "Feature", "properties": { }, "geometry": { "type": "Polygon", "coordinates": [ [ [ -91.243545531999985, 40.784355164000033 ], [ -91.243621825999981, 40.820907593000072 ], [ -91.176345824999942, 40.812503815000071 ], [ -91.180725097999982, 40.793155670000033 ], [ -91.243545531999985, 40.784355164000033 ] ] ] } },
{ "type": "Feature", "properties": { }, "geometry": { "type": "Polygon", "coordinates": [ [ [ -91.572578429999965, 40.54780960100004 ], [ -91.709579467999959, 40.630771637000066 ], [ -91.702339171999938, 40.81309890700004 ], [ -91.671401977999949, 40.795719147000057 ], [ -91.673416137999936, 40.660274506000064 ], [ -91.572578429999965, 40.54780960100004 ] ] ] } },
{ "type": "Feature", "properties": { }, "geometry": { "type": "Polygon", "coordinates": [ [ [ -91.453125, 40.723762512000064 ], [ -91.512878417999957, 40.712688446000072 ], [ -91.501754760999972, 40.646633148000035 ], [ -91.554504394999981, 40.685100555000076 ], [ -91.574401854999962, 40.749027252000076 ], [ -91.540237426999965, 40.772480011000027 ], [ -91.453125, 40.723762512000064 ] ] ] } },
{ "type": "Feature", "properties": { }, "geometry": { "type": "Polygon", "coordinates": [ [ [ -91.911994933999949, 39.832572937000066 ], [ -91.793609618999938, 39.792560577000074 ], [ -91.831245421999938, 39.770812988000046 ], [ -91.834136962999935, 39.69170379600007 ], [ -91.691452025999979, 39.707221985000047 ], [ -91.687622069999975, 39.571262360000048 ], [ -91.776359557999967, 39.58327102700008 ], [ -91.715362548999963, 39.517768860000047 ], [ -91.806632995999962, 39.52960205100004 ], [ -91.836662291999971, 39.669048309000061 ], [ -91.960182189999955, 39.793025970000031 ], [ -91.911994933999949, 39.832572937000066 ] ] ] } },
{ "type": "Feature", "properties": { }, "geometry": { "type": "Polygon", "coordinates": [ [ [ -91.953132628999981, 39.769931793000069 ], [ -91.974700927999947, 39.738861084000064 ], [ -91.938911438, 39.719203949000075 ], [ -91.951087951999966, 39.696422577000078 ], [ -92.049148559999935, 39.771965027000078 ], [ -91.953132628999981, 39.769931793000069 ] ] ] } },
{ "type": "Feature", "properties": { }, "geometry": { "type": "Polygon", "coordinates": [ [ [ -97.970840453999983, 39.686416626000039 ], [ -98.001731872999983, 39.725921631000062 ], [ -97.949478148999958, 39.739437103000057 ], [ -97.928749083999946, 39.704143524000074 ], [ -97.970840453999983, 39.686416626000039 ] ] ] } },
{ "type": "Feature", "properties": { }, "geometry": { "type": "Polygon", "coordinates": [ [ [ -98.02648925799997, 39.668003082000041 ], [ -98.103469848999964, 39.642089844000054 ], [ -98.075012206999986, 39.673252106000064 ], [ -98.02648925799997, 39.668003082000041 ] ] ] } },
{ "type": "Feature", "properties": { }, "geometry": { "type": "Polygon", "coordinates": [ [ [ -93.140625, 39.306529999000077 ], [ -93.045471191, 39.312255859000061 ], [ -92.953063964999956, 39.231460571000071 ], [ -92.971351623999965, 39.043716431000064 ], [ -92.988830566, 39.080154419000053 ], [ -93.035575866999977, 39.062721252000074 ], [ -93.100852966, 39.097019196000076 ], [ -93.140525817999958, 39.170764923000036 ], [ -93.094596862999936, 39.200771332000045 ], [ -93.221572875999982, 39.203475952000076 ], [ -93.19622039799998, 39.229549408000025 ], [ -93.227775573999963, 39.298839569000052 ], [ -93.175048827999944, 39.342041016000053 ], [ -93.138427733999947, 39.340507507000041 ], [ -93.140625, 39.306529999000077 ] ] ] } },
{ "type": "Feature", "properties": { }, "geometry": { "type": "Polygon", "coordinates": [ [ [ -92.600791930999947, 38.933601379000038 ], [ -92.745033263999971, 38.933090210000046 ], [ -92.807403563999969, 38.920478821000074 ], [ -92.767105102999949, 38.963298798000039 ], [ -92.600791930999947, 38.933601379000038 ] ] ] } },
{ "type": "Feature", "properties": { }, "geometry": { "type": "Polygon", "coordinates": [ [ [ -91.634506225999985, 38.909198761000027 ], [ -91.709571837999988, 38.865379333000078 ], [ -91.699478148999958, 38.810497284000064 ], [ -91.767997741999977, 38.898395538000045 ], [ -91.713165282999967, 38.901119232000042 ], [ -91.702659606999987, 38.930194855000025 ], [ -91.634506225999985, 38.909198761000027 ] ] ] } },
{ "type": "Feature", "properties": { }, "geometry": { "type": "Polygon", "coordinates": [ [ [ -93.468383788999972, 35.561283112000069 ], [ -93.251197814999955, 35.504558563000046 ], [ -93.243270873999961, 35.471523285000046 ], [ -93.458580016999974, 35.553241730000025 ], [ -93.567787169999974, 35.542850494000049 ], [ -93.64494323699995, 35.486675262000063 ], [ -93.749649047999981, 35.488574982000046 ], [ -93.780914306999989, 35.520156860000043 ], [ -93.757499694999979, 35.548831940000071 ], [ -93.468383788999972, 35.561283112000069 ] ] ] } },
{ "type": "Feature", "properties": { }, "geometry": { "type": "Polygon", "coordinates": [ [ [ -93.386657714999956, 35.475627899000074 ], [ -93.313552855999944, 35.466094971000075 ], [ -93.319778441999972, 35.433696747000056 ], [ -93.208465575999981, 35.387599945000034 ], [ -93.299316405999946, 35.387706757000046 ], [ -93.308006286999955, 35.339046478000057 ], [ -93.472923278999986, 35.331665039000029 ], [ -93.486770629999967, 35.308994293000069 ], [ -93.264724730999944, 35.286483765000071 ], [ -93.11581420899995, 35.314846039000031 ], [ -93.097656249999943, 35.292980194000052 ], [ -93.16747283899997, 35.289253235000047 ], [ -93.173294066999972, 35.247398376000035 ], [ -93.573051452999948, 35.279026031000058 ], [ -93.585174560999974, 35.404006958000025 ], [ -93.386657714999956, 35.475627899000074 ] ] ] } },
{ "type": "Feature", "properties": { }, "geometry": { "type": "Polygon", "coordinates": [ [ [ -93.019668578999983, 35.230636597000057 ], [ -93.05953216599994, 35.240207672000054 ], [ -93.072204589999956, 35.26790618900003 ], [ -93.057495116999974, 35.279956818000073 ], [ -93.019668578999983, 35.230636597000057 ] ] ] } },
{ "type": "Feature", "properties": { }, "geometry": { "type": "Polygon", "coordinates": [ [ [ -105.090553283999952, 30.912450790000037 ], [ -105.146812438999973, 30.877370834000033 ], [ -105.16092681899994, 30.932151794000049 ], [ -105.12560272199994, 30.952487946000076 ], [ -105.090553283999952, 30.912450790000037 ] ] ] } },
{ "type": "Feature", "properties": { }, "geometry": { "type": "Polygon", "coordinates": [ [ [ -104.649932860999968, 30.309221268000044 ], [ -104.679351806999989, 30.363286972000026 ], [ -104.663452147999976, 30.54923057600007 ], [ -104.702598571999943, 30.639869690000069 ], [ -104.684913634999987, 30.69506073000008 ], [ -104.650886535999973, 30.700448990000041 ], [ -104.529449463, 30.513811111000052 ], [ -104.649932860999968, 30.309221268000044 ] ] ] } },
{ "type": "Feature", "properties": { }, "geometry": { "type": "Polygon", "coordinates": [ [ [ -103.03234863299997, 29.56958198500007 ], [ -103.059349059999988, 29.60812568700004 ], [ -103.015411376999964, 29.636911392000059 ], [ -102.992317199999945, 29.600690842000063 ], [ -103.03234863299997, 29.56958198500007 ] ] ] } },
{ "type": "Feature", "properties": { }, "geometry": { "type": "Polygon", "coordinates": [ [ [ -90.204978942999958, 38.332981110000048 ], [ -90.224418639999953, 38.342990875000055 ], [ -90.252761840999938, 38.392593384000065 ], [ -90.209869385, 38.395679474000076 ], [ -90.204978942999958, 38.332981110000048 ] ] ] } },
{ "type": "Feature", "properties": { }, "geometry": { "type": "Polygon", "coordinates": [ [ [ -90.37288665799997, 38.569877625000061 ], [ -90.421310424999945, 38.571556091000048 ], [ -90.40328216599994, 38.591369629000042 ], [ -90.37288665799997, 38.569877625000061 ] ] ] } },
{ "type": "Feature", "properties": { }, "geometry": { "type": "Polygon", "coordinates": [ [ [ -90.539878844999976, 38.741207123000038 ], [ -90.537620543999935, 38.780544281000061 ], [ -90.518943786999955, 38.782855988000051 ], [ -90.514732360999972, 38.76617050200008 ], [ -90.539878844999976, 38.741207123000038 ] ] ] } },
{ "type": "Feature", "properties": { }, "geometry": { "type": "Polygon", "coordinates": [ [ [ -90.284675597999978, 38.779380798000034 ], [ -90.163124083999946, 38.790721893000068 ], [ -90.200164794999978, 38.736717224000074 ], [ -90.182106017999956, 38.617256165000072 ], [ -90.245513915999936, 38.523506165000072 ], [ -90.395675658999949, 38.649547577000078 ], [ -90.472389220999958, 38.664676666000048 ], [ -90.475822448999963, 38.715595245000031 ], [ -90.304275512999936, 38.853343964000032 ], [ -90.284675597999978, 38.779380798000034 ] ] ] } },
{ "type": "Feature", "properties": { }, "geometry": { "type": "Polygon", "coordinates": [ [ [ -90.540733336999949, 38.911781311000027 ], [ -90.618057250999982, 38.908023834000062 ], [ -90.64367675799997, 38.95538330100004 ], [ -90.540733336999949, 38.911781311000027 ] ] ] } },
{ "type": "Feature", "properties": { }, "geometry": { "type": "MultiPolygon", "coordinates": [ [ [ [ -87.219024657999967, 36.962699890000067 ], [ -87.214996337999935, 36.965644836000024 ], [ -87.187225341999977, 36.962722778000057 ], [ -87.219024657999967, 36.962699890000067 ] ] ], [ [ [ -87.056762694999975, 36.961059570000032 ], [ -87.015502929999968, 36.98343658400006 ], [ -87.04995727499994, 36.964286804000039 ], [ -87.030364989999953, 36.951324463000049 ], [ -87.056762694999975, 36.961059570000032 ] ] ], [ [ [ -87.388687133999952, 37.052764893000074 ], [ -87.395233153999982, 37.026679993000073 ], [ -87.399932860999968, 37.055725098000039 ], [ -87.388687133999952, 37.052764893000074 ] ] ], [ [ [ -87.328552245999958, 37.049530029000039 ], [ -87.326339721999943, 37.023910522000051 ], [ -87.380187987999989, 37.023986816000047 ], [ -87.363128661999951, 37.048263550000058 ], [ -87.328552245999958, 37.049530029000039 ] ] ], [ [ [ -87.370391845999961, 37.067512512000064 ], [ -87.347671508999952, 37.06615448000008 ], [ -87.376037597999982, 37.055664063000052 ], [ -87.380630492999956, 37.04734039300007 ], [ -87.384185790999936, 37.048042297000052 ], [ -87.370391845999961, 37.067512512000064 ] ] ], [ [ [ -87.314224242999956, 37.092849731000058 ], [ -87.320251464999956, 37.061782837000067 ], [ -87.324096679999968, 37.073928833000025 ], [ -87.314224242999956, 37.092849731000058 ] ] ], [ [ [ -87.291442870999958, 37.092849731000058 ], [ -87.282165526999961, 37.049697876000039 ], [ -87.314575194999975, 37.039703369000051 ], [ -87.30650329599996, 37.079421997000054 ], [ -87.291442870999958, 37.092849731000058 ] ] ], [ [ [ -86.889450072999978, 37.076797485000043 ], [ -86.856872558999953, 37.081634521000069 ], [ -86.836471557999971, 37.080924988000049 ], [ -86.889450072999978, 37.076797485000043 ] ] ], [ [ [ -87.351791381999988, 37.101997375000053 ], [ -87.344955443999936, 37.068336487000067 ], [ -87.358932494999976, 37.097099304000039 ], [ -87.351791381999988, 37.101997375000053 ] ] ], [ [ [ -87.275360106999983, 37.096076965000066 ], [ -87.269210814999951, 37.096061707000047 ], [ -87.24719238299997, 37.099449158000027 ], [ -87.255874633999952, 37.086524963000045 ], [ -87.275360106999983, 37.096076965000066 ] ] ], [ [ [ -86.609283446999939, 37.133590698000035 ], [ -86.61437988299997, 37.126296997000054 ], [ -86.624923705999947, 37.13434600800008 ], [ -86.609283446999939, 37.133590698000035 ] ] ], [ [ [ -86.300460814999951, 37.137145996000072 ], [ -86.302993773999958, 37.131553650000058 ], [ -86.304687499999943, 37.140182495000033 ], [ -86.300460814999951, 37.137145996000072 ] ] ], [ [ [ -86.403076171999942, 37.145561218000068 ], [ -86.381546020999963, 37.135871887000064 ], [ -86.38760376, 37.121505737000064 ], [ -86.403076171999942, 37.145561218000068 ] ] ], [ [ [ -86.437454223999964, 37.155433655000024 ], [ -86.412887572999978, 37.141716003000056 ], [ -86.442642211999953, 37.144355774000076 ], [ -86.437454223999964, 37.155433655000024 ] ] ], [ [ [ -86.34416198699995, 37.147537231000058 ], [ -86.307876586999953, 37.14571380600006 ], [ -86.313812255999949, 37.132484436000027 ], [ -86.34416198699995, 37.147537231000058 ] ] ], [ [ [ -86.40559387199994, 37.15335845900006 ], [ -86.343307494999976, 37.154090881000059 ], [ -86.358566283999949, 37.120407104000037 ], [ -86.40559387199994, 37.15335845900006 ] ] ], [ [ [ -86.291839599999946, 37.158935547000056 ], [ -86.267135619999976, 37.140945435000049 ], [ -86.240081786999951, 37.135475159000066 ], [ -86.27580261199995, 37.140396118000069 ], [ -86.291839599999946, 37.158935547000056 ] ] ], [ [ [ -87.827865600999985, 37.192352295000035 ], [ -87.821685790999936, 37.193405151000036 ], [ -87.795867919999978, 37.197227478000059 ], [ -87.827865600999985, 37.192352295000035 ] ] ], [ [ [ -86.154357909999987, 37.323379517000035 ], [ -86.147628783999949, 37.266349792000028 ], [ -86.115890502999946, 37.280632019000052 ], [ -86.138458251999964, 37.301849365000066 ], [ -86.071746825999981, 37.290634155000077 ], [ -86.083251952999944, 37.312217712000063 ], [ -86.038940429999968, 37.31874465900006 ], [ -86.062942504999967, 37.281494141000053 ], [ -86.037246703999983, 37.246887207000043 ], [ -86.127655028999982, 37.246467590000066 ], [ -86.118423461999953, 37.234062195000035 ], [ -86.126602172999981, 37.216789246000076 ], [ -86.148193358999947, 37.246337891000053 ], [ -86.146240233999947, 37.229911804000039 ], [ -86.173873900999979, 37.210807800000055 ], [ -86.169967650999979, 37.245948792000036 ], [ -86.196807860999968, 37.20661926300005 ], [ -86.224151610999968, 37.209587097000053 ], [ -86.194351195999957, 37.229263306000064 ], [ -86.232147216999977, 37.225669861000029 ], [ -86.205337523999958, 37.244010925000055 ], [ -86.234115600999985, 37.251655579000044 ], [ -86.159347533999949, 37.261947632000044 ], [ -86.246200561999956, 37.267913818000068 ], [ -86.168807982999965, 37.274246216000051 ], [ -86.206695556999989, 37.311637878000056 ], [ -86.160491942999954, 37.297866821000071 ], [ -86.192016601999967, 37.319221497000058 ], [ -86.154357909999987, 37.323379517000035 ] ] ], [ [ [ -88.375083922999977, 37.430896759000063 ], [ -88.399925231999987, 37.422550201000035 ], [ -88.377662658999952, 37.451442719000056 ], [ -88.375083922999977, 37.430896759000063 ] ] ], [ [ [ -88.348670958999946, 37.468444824000073 ], [ -88.364891051999962, 37.466175079000038 ], [ -88.347503661999951, 37.479118347000053 ], [ -88.348670958999946, 37.468444824000073 ] ] ], [ [ [ -86.647430419999978, 37.521469116000048 ], [ -86.641967772999976, 37.528709412000069 ], [ -86.623199462999935, 37.520393372000058 ], [ -86.647430419999978, 37.521469116000048 ] ] ], [ [ [ -86.594741820999957, 37.522644043000071 ], [ -86.567993163999972, 37.516113281000059 ], [ -86.591186522999976, 37.516197205000026 ], [ -86.594741820999957, 37.522644043000071 ] ] ], [ [ [ -86.623474120999958, 37.549301147000051 ], [ -86.622421264999957, 37.541549683000028 ], [ -86.628555297999981, 37.540847778000057 ], [ -86.623474120999958, 37.549301147000051 ] ] ], [ [ [ -86.637176513999975, 37.546218872000054 ], [ -86.648941039999954, 37.546745300000055 ], [ -86.634750365999935, 37.549301147000051 ], [ -86.637176513999975, 37.546218872000054 ] ] ], [ [ [ -86.477340697999978, 37.566078186000027 ], [ -86.498611449999942, 37.53031158400006 ], [ -86.574737548999963, 37.553482056000064 ], [ -86.563339232999965, 37.57361602800006 ], [ -86.477340697999978, 37.566078186000027 ] ] ], [ [ [ -86.667465209999989, 37.834739685000045 ], [ -86.66571044899996, 37.840820313000052 ], [ -86.662429809999935, 37.831008911000026 ], [ -86.669876098999964, 37.830513 ], [ -86.667465209999989, 37.834739685000045 ] ] ], [ [ [ -86.671226500999978, 37.842567444000053 ], [ -86.671203612999989, 37.842506409000066 ], [ -86.671478270999955, 37.842742920000035 ], [ -86.671226500999978, 37.842567444000053 ] ] ], [ [ [ -86.683441161999951, 37.875709534000066 ], [ -86.673019408999949, 37.865554810000049 ], [ -86.696777343999941, 37.859565735000047 ], [ -86.683441161999951, 37.875709534000066 ] ] ], [ [ [ -89.671730041999979, 37.874652863000051 ], [ -89.655525207999972, 37.84974670400004 ], [ -89.683959960999971, 37.843849182000042 ], [ -89.671730041999979, 37.874652863000051 ] ] ], [ [ [ -86.628150939999955, 37.879798889000028 ], [ -86.618576049999945, 37.874271393000072 ], [ -86.629409789999954, 37.879142761000026 ], [ -86.628150939999955, 37.879798889000028 ] ] ], [ [ [ -86.579330443999936, 37.952339172000052 ], [ -86.610900878999985, 37.91304397600004 ], [ -86.605422973999964, 37.939388275000056 ], [ -86.65294647199994, 37.917423248000034 ], [ -86.579330443999936, 37.952339172000052 ] ] ], [ [ [ -89.854904174999945, 38.103553772000055 ], [ -89.851303100999985, 38.092063904000042 ], [ -89.878654479999966, 38.089252472000055 ], [ -89.854904174999945, 38.103553772000055 ] ] ], [ [ [ -86.550148009999987, 38.149219513000048 ], [ -86.550903319999975, 38.136451721000071 ], [ -86.558219909999934, 38.139812469000049 ], [ -86.550148009999987, 38.149219513000048 ] ] ], [ [ [ -86.487396239999953, 38.183475494000049 ], [ -86.476493834999985, 38.142768860000047 ], [ -86.514572143999942, 38.136882782000043 ], [ -86.503723144999981, 38.090534210000044 ], [ -86.522445678999986, 38.086177826000039 ], [ -86.540565490999938, 38.120464325000057 ], [ -86.502456664999954, 38.150074005000079 ], [ -86.534843444999979, 38.16687011700003 ], [ -86.487396239999953, 38.183475494000049 ] ] ], [ [ [ -86.523582457999964, 38.199474335000048 ], [ -86.528511046999938, 38.190216064000026 ], [ -86.533073424999941, 38.19638443000008 ], [ -86.523582457999964, 38.199474335000048 ] ] ], [ [ [ -86.546173095999961, 38.210235596000075 ], [ -86.551353454999969, 38.19649505600006 ], [ -86.555549621999944, 38.197849274000077 ], [ -86.546173095999961, 38.210235596000075 ] ] ], [ [ [ -86.504211425999983, 38.242641449000075 ], [ -86.511589049999941, 38.241031647000057 ], [ -86.507705687999987, 38.250293732000046 ], [ -86.504211425999983, 38.242641449000075 ] ] ], [ [ [ -86.537651061999952, 38.26325988800005 ], [ -86.533493041999975, 38.25808715800008 ], [ -86.544212341, 38.258983612000065 ], [ -86.537651061999952, 38.26325988800005 ] ] ], [ [ [ -90.073684691999972, 38.264789581000059 ], [ -89.995689391999974, 38.255760193000071 ], [ -90.029609679999965, 38.236976624000079 ], [ -89.989624022999976, 38.230724335000048 ], [ -89.996421813999973, 38.201171875000057 ], [ -90.041877746999944, 38.200561523000033 ], [ -90.065841674999945, 38.245010376000039 ], [ -90.026756286999955, 38.251930237000067 ], [ -90.073684691999972, 38.264789581000059 ] ] ], [ [ [ -86.523979186999952, 38.317615509000063 ], [ -86.528701781999985, 38.308189392000031 ], [ -86.532669066999972, 38.311531067000033 ], [ -86.523979186999952, 38.317615509000063 ] ] ], [ [ [ -86.547050475999981, 38.378707886000029 ], [ -86.555603026999961, 38.366481781000061 ], [ -86.564819335999971, 38.372680664000029 ], [ -86.547050475999981, 38.378707886000029 ] ] ], [ [ [ -86.538978576999966, 38.384803772000055 ], [ -86.529335021999941, 38.379596710000044 ], [ -86.540565490999938, 38.373691559000065 ], [ -86.538978576999966, 38.384803772000055 ] ] ], [ [ [ -90.129539489999956, 38.399806976000036 ], [ -90.12950897199994, 38.392807007000044 ], [ -90.134902953999983, 38.394439697000053 ], [ -90.129539489999956, 38.399806976000036 ] ] ], [ [ [ -86.65878295899995, 38.404407501000037 ], [ -86.649612426999965, 38.391746521000073 ], [ -86.66678619399994, 38.405277252000076 ], [ -86.65878295899995, 38.404407501000037 ] ] ], [ [ [ -90.222229003999985, 38.428169250000053 ], [ -90.1875, 38.41463851900005 ], [ -90.174194335999971, 38.339008331000059 ], [ -90.200290529999961, 38.35953642000004 ], [ -90.210731505999945, 38.332592010000042 ], [ -90.249900817999958, 38.383968353000057 ], [ -90.209556579999969, 38.407657623000034 ], [ -90.222229003999985, 38.428169250000053 ] ], [ [ -90.201683043999935, 38.369861603000061 ], [ -90.200700155999982, 38.368871250000041 ], [ -90.20274819499997, 38.370933692000051 ], [ -90.201683043999935, 38.369861603000061 ] ] ], [ [ [ -86.688949584999989, 38.428791046000072 ], [ -86.695854186999952, 38.40957641600005 ], [ -86.697204589999956, 38.425678253000058 ], [ -86.688949584999989, 38.428791046000072 ] ] ], [ [ [ -86.708122252999942, 38.432205200000055 ], [ -86.714675902999943, 38.430408478000061 ], [ -86.712516784999934, 38.436870575000057 ], [ -86.708122252999942, 38.432205200000055 ] ] ], [ [ [ -86.718856811999956, 38.463455200000055 ], [ -86.726676940999937, 38.461997986000029 ], [ -86.723686217999955, 38.466629028000057 ], [ -86.718856811999956, 38.463455200000055 ] ] ], [ [ [ -86.734649657999967, 38.468173981000064 ], [ -86.731109618999938, 38.462184906000061 ], [ -86.74312591599994, 38.463401794000049 ], [ -86.734649657999967, 38.468173981000064 ] ] ], [ [ [ -86.519767760999969, 38.509143829000038 ], [ -86.515480041999979, 38.495174408000025 ], [ -86.525299071999939, 38.505699158000027 ], [ -86.519767760999969, 38.509143829000038 ] ] ], [ [ [ -90.146087645999955, 38.505897522000055 ], [ -90.13088989299996, 38.50090408300008 ], [ -90.130546569999979, 38.49397659300007 ], [ -90.146087645999955, 38.505897522000055 ] ] ], [ [ [ -86.591957091999973, 38.513736725000058 ], [ -86.594543456999986, 38.507938385000045 ], [ -86.596183776999965, 38.513263702000074 ], [ -86.591957091999973, 38.513736725000058 ] ] ], [ [ [ -86.530525207999972, 38.510372162000067 ], [ -86.539627074999942, 38.508441925000056 ], [ -86.535339354999962, 38.514556885000047 ], [ -86.530525207999972, 38.510372162000067 ] ] ], [ [ [ -86.54319000199996, 38.511283875000061 ], [ -86.550765990999935, 38.514152527000078 ], [ -86.543754577999948, 38.517929077000076 ], [ -86.54319000199996, 38.511283875000061 ] ] ], [ [ [ -90.160987853999984, 38.526973724000072 ], [ -90.149818419999974, 38.518070221000073 ], [ -90.152778624999939, 38.512313843000072 ], [ -90.160987853999984, 38.526973724000072 ] ] ], [ [ [ -86.761589049999941, 38.583995819000052 ], [ -86.763946532999967, 38.578861237000069 ], [ -86.766021728999988, 38.584674835000044 ], [ -86.761589049999941, 38.583995819000052 ] ] ], [ [ [ -90.37288665799997, 38.569877625000061 ], [ -90.421310424999945, 38.571556091000048 ], [ -90.40328216599994, 38.591369629000042 ], [ -90.37288665799997, 38.569877625000061 ] ] ], [ [ [ -86.546134948999963, 38.695182800000055 ], [ -86.543884276999961, 38.686210632000041 ], [ -86.555961608999951, 38.685283661000028 ], [ -86.546134948999963, 38.695182800000055 ] ] ], [ [ [ -86.589164733999951, 38.728778839000029 ], [ -86.591339110999968, 38.722824097000057 ], [ -86.594253539999954, 38.728313446000072 ], [ -86.589164733999951, 38.728778839000029 ] ] ], [ [ [ -86.608634948999963, 38.729217529000039 ], [ -86.603607177999947, 38.723884583000029 ], [ -86.615676879999967, 38.722785950000059 ], [ -86.608634948999963, 38.729217529000039 ] ] ], [ [ [ -86.522987365999938, 38.741996765000067 ], [ -86.529808043999935, 38.737224579000042 ], [ -86.529556273999958, 38.741539001000035 ], [ -86.522987365999938, 38.741996765000067 ] ] ], [ [ [ -86.618370055999947, 38.73919296300005 ], [ -86.630157470999961, 38.721832275000054 ], [ -86.639900207999972, 38.721714020000036 ], [ -86.618370055999947, 38.73919296300005 ] ] ], [ [ [ -86.666183471999943, 38.745395660000042 ], [ -86.717651366999974, 38.684082031000059 ], [ -86.743766784999934, 38.703594208000027 ], [ -86.773223876999964, 38.663070679000043 ], [ -86.761238097999978, 38.718761444000052 ], [ -86.666183471999943, 38.745395660000042 ] ] ], [ [ [ -86.555519103999984, 38.757270813000048 ], [ -86.57584381099997, 38.734161377000078 ], [ -86.585365294999974, 38.734878540000068 ], [ -86.555519103999984, 38.757270813000048 ] ] ], [ [ [ -86.532752990999938, 38.760795593000068 ], [ -86.546333313, 38.758220673000039 ], [ -86.546951293999939, 38.759716034000064 ], [ -86.532752990999938, 38.760795593000068 ] ] ], [ [ [ -86.766548156999988, 38.764442444000053 ], [ -86.769363402999943, 38.752769470000032 ], [ -86.772125243999938, 38.754016876000037 ], [ -86.766548156999988, 38.764442444000053 ] ] ], [ [ [ -86.743438720999961, 38.768165588000045 ], [ -86.746879577999948, 38.759887695000032 ], [ -86.754531859999986, 38.756103516000053 ], [ -86.743438720999961, 38.768165588000045 ] ] ], [ [ [ -86.655014038, 38.738212585000042 ], [ -86.623725890999935, 38.757629395000038 ], [ -86.589859008999952, 38.754806519000056 ], [ -86.583366393999938, 38.745647430000076 ], [ -86.655014038, 38.738212585000042 ] ] ], [ [ [ -90.539878844999976, 38.741207123000038 ], [ -90.537620543999935, 38.780544281000061 ], [ -90.518943786999955, 38.782855988000051 ], [ -90.514732360999972, 38.76617050200008 ], [ -90.539878844999976, 38.741207123000038 ] ] ], [ [ [ -86.738800048999963, 38.795505524000077 ], [ -86.747985839999956, 38.784431458000029 ], [ -86.754112243999941, 38.787113190000071 ], [ -86.738800048999963, 38.795505524000077 ] ] ], [ [ [ -86.684288024999944, 38.803394318000073 ], [ -86.703269957999964, 38.786895752000078 ], [ -86.715324401999965, 38.789932251000039 ], [ -86.684288024999944, 38.803394318000073 ] ] ], [ [ [ -86.660415648999958, 38.820190430000025 ], [ -86.676177978999988, 38.809986115000072 ], [ -86.659324645999959, 38.824001312000064 ], [ -86.660415648999958, 38.820190430000025 ] ] ], [ [ [ -86.632034301999965, 38.842601776000038 ], [ -86.617042541999979, 38.839553833000025 ], [ -86.649116515999935, 38.827762604000043 ], [ -86.632034301999965, 38.842601776000038 ] ] ], [ [ [ -90.284675597999978, 38.779380798000034 ], [ -90.163124083999946, 38.790721893000068 ], [ -90.200164794999978, 38.736717224000074 ], [ -90.182106017999956, 38.617256165000072 ], [ -90.245513915999936, 38.523506165000072 ], [ -90.395675658999949, 38.649547577000078 ], [ -90.472389220999958, 38.664676666000048 ], [ -90.475822448999963, 38.715595245000031 ], [ -90.304275512999936, 38.853343964000032 ], [ -90.284675597999978, 38.779380798000034 ] ] ], [ [ [ -86.63550567599998, 38.859203339000032 ], [ -86.627487182999971, 38.854019165000068 ], [ -86.639358520999963, 38.854911804000039 ], [ -86.63550567599998, 38.859203339000032 ] ] ], [ [ [ -86.728332519999981, 38.868095398000037 ], [ -86.73049926799996, 38.861804962000065 ], [ -86.732376098999964, 38.865959167000028 ], [ -86.728332519999981, 38.868095398000037 ] ] ], [ [ [ -86.617973327999948, 38.875030518000074 ], [ -86.618896483999947, 38.866909027000077 ], [ -86.623291015999939, 38.873733521000077 ], [ -86.617973327999948, 38.875030518000074 ] ] ], [ [ [ -86.661544799999945, 38.891670227000077 ], [ -86.669822692999958, 38.891044617000034 ], [ -86.667877196999939, 38.89601516700003 ], [ -86.661544799999945, 38.891670227000077 ] ] ], [ [ [ -86.623535155999946, 38.894962311000029 ], [ -86.629096985, 38.889682770000036 ], [ -86.625846862999936, 38.897460938000052 ], [ -86.623535155999946, 38.894962311000029 ] ] ], [ [ [ -86.686080932999971, 38.901077271000077 ], [ -86.681053161999955, 38.892925262000063 ], [ -86.688644408999949, 38.899429321000071 ], [ -86.686080932999971, 38.901077271000077 ] ] ], [ [ [ -86.635925292999957, 38.910614014000032 ], [ -86.642364501999964, 38.901855469000054 ], [ -86.644653319999975, 38.906681061000029 ], [ -86.635925292999957, 38.910614014000032 ] ] ], [ [ [ -86.607894896999937, 38.911792755000079 ], [ -86.610542296999938, 38.900859833000027 ], [ -86.613609313999973, 38.91381073000008 ], [ -86.607894896999937, 38.911792755000079 ] ] ], [ [ [ -86.648559569999975, 38.948654175000058 ], [ -86.655761718999941, 38.924312592000035 ], [ -86.66659545899995, 38.923866272000055 ], [ -86.671783446999939, 38.938316345000032 ], [ -86.648559569999975, 38.948654175000058 ] ] ], [ [ [ -90.523185729999966, 38.964164734000065 ], [ -90.524963378999985, 38.959655762000068 ], [ -90.529212951999966, 38.963020325000059 ], [ -90.523185729999966, 38.964164734000065 ] ] ], [ [ [ -90.651916503999985, 38.964199066000049 ], [ -90.577651977999949, 38.953353882000044 ], [ -90.530212401999961, 38.899147034000066 ], [ -90.595420836999949, 38.881519318000073 ], [ -90.651916503999985, 38.964199066000049 ] ] ], [ [ [ -90.599815368999941, 38.965740204000042 ], [ -90.584930419999978, 38.961261749000073 ], [ -90.601989745999958, 38.963764191000053 ], [ -90.599815368999941, 38.965740204000042 ] ] ], [ [ [ -86.61653137199994, 38.96938324000007 ], [ -86.619995116999974, 38.961608887000068 ], [ -86.622535705999951, 38.962116241000047 ], [ -86.61653137199994, 38.96938324000007 ] ] ], [ [ [ -86.739006041999971, 38.98140335100004 ], [ -86.742851256999984, 38.978767395000034 ], [ -86.745544433999953, 38.989059448000035 ], [ -86.739006041999971, 38.98140335100004 ] ] ], [ [ [ -86.834571837999988, 38.988067627000078 ], [ -86.777458190999937, 38.979743958000029 ], [ -86.834220885999969, 38.975128174000076 ], [ -86.834571837999988, 38.988067627000078 ] ] ], [ [ [ -86.843681334999985, 38.992744446000074 ], [ -86.84839630099998, 38.985458374000075 ], [ -86.849205016999974, 38.993423462000067 ], [ -86.843681334999985, 38.992744446000074 ] ] ], [ [ [ -86.719589232999965, 38.99325943000008 ], [ -86.705116271999941, 38.996845245000031 ], [ -86.704093932999967, 38.991203308000024 ], [ -86.719589232999965, 38.99325943000008 ] ] ], [ [ [ -86.769500731999983, 38.996784210000044 ], [ -86.765518187999987, 38.987815857000044 ], [ -86.787361144999977, 38.995197296000072 ], [ -86.769500731999983, 38.996784210000044 ] ] ], [ [ [ -86.650489806999985, 38.998409271000071 ], [ -86.662208556999985, 38.994819641000049 ], [ -86.646560668999939, 39.011322021000069 ], [ -86.650489806999985, 38.998409271000071 ] ] ], [ [ [ -86.80581664999994, 39.019462585000042 ], [ -86.769927978999988, 39.019733429000041 ], [ -86.828979491999974, 39.006290436000029 ], [ -86.80581664999994, 39.019462585000042 ] ] ], [ [ [ -86.721771239999953, 39.026737213000047 ], [ -86.730484008999952, 39.003810883000028 ], [ -86.736152648999962, 39.007190704000038 ], [ -86.721771239999953, 39.026737213000047 ] ] ], [ [ [ -86.758270263999975, 39.02987289400005 ], [ -86.738555907999967, 39.027832031000059 ], [ -86.76053619399994, 39.022281647000057 ], [ -86.758270263999975, 39.02987289400005 ] ] ], [ [ [ -86.611625670999956, 39.034942627000078 ], [ -86.619010924999941, 39.037189484000066 ], [ -86.617401122999979, 39.04329681400003 ], [ -86.611625670999956, 39.034942627000078 ] ] ], [ [ [ -86.672218322999981, 39.042800903000057 ], [ -86.686637877999942, 39.022098541000048 ], [ -86.68238067599998, 39.044578552000075 ], [ -86.672218322999981, 39.042800903000057 ] ] ], [ [ [ -86.667869567999958, 39.047718048000036 ], [ -86.655464171999938, 39.041442871000072 ], [ -86.664894103999984, 39.037082672000054 ], [ -86.667869567999958, 39.047718048000036 ] ] ], [ [ [ -86.874076842999955, 39.064903259000062 ], [ -86.860954284999934, 39.061790466000048 ], [ -86.875831603999984, 39.061607361000029 ], [ -86.874076842999955, 39.064903259000062 ] ] ], [ [ [ -86.662071227999945, 39.072666168000069 ], [ -86.656532287999937, 39.062492371000076 ], [ -86.666984557999967, 39.06029510500008 ], [ -86.662071227999945, 39.072666168000069 ] ] ], [ [ [ -86.829864501999964, 39.077697754000042 ], [ -86.80595397899998, 39.071979523000039 ], [ -86.831420897999976, 39.074073792000036 ], [ -86.829864501999964, 39.077697754000042 ] ] ], [ [ [ -86.632385253999985, 39.079929352000079 ], [ -86.623504638999975, 39.056461334000062 ], [ -86.641357421999942, 39.056179047000057 ], [ -86.632385253999985, 39.079929352000079 ] ] ], [ [ [ -86.736404418999939, 39.075183868000067 ], [ -86.743423461999953, 39.074600220000036 ], [ -86.742897033999952, 39.080394745000035 ], [ -86.736404418999939, 39.075183868000067 ] ] ], [ [ [ -86.691619872999979, 39.083286285000042 ], [ -86.696502685999974, 39.061477661000026 ], [ -86.70156097399996, 39.06335449200003 ], [ -86.691619872999979, 39.083286285000042 ] ] ], [ [ [ -86.775360106999983, 39.083408356000064 ], [ -86.765480041999979, 39.077335358000028 ], [ -86.779678344999979, 39.079647064000028 ], [ -86.775360106999983, 39.083408356000064 ] ] ], [ [ [ -86.721038817999954, 39.089920044000053 ], [ -86.720359801999962, 39.080471039000031 ], [ -86.735588073999963, 39.084457397000051 ], [ -86.721038817999954, 39.089920044000053 ] ] ], [ [ [ -86.755226134999987, 39.103229523000039 ], [ -86.740867614999956, 39.09809875500008 ], [ -86.761474608999947, 39.098659515000065 ], [ -86.755226134999987, 39.103229523000039 ] ] ], [ [ [ -86.679969787999937, 39.102863312000068 ], [ -86.705207824999945, 39.083774567000034 ], [ -86.712997436999956, 39.087841034000064 ], [ -86.703598021999937, 39.101482391000047 ], [ -86.679969787999937, 39.102863312000068 ] ] ], [ [ [ -86.766128539999954, 39.11163330100004 ], [ -86.776786803999983, 39.110260010000047 ], [ -86.779083251999964, 39.112438202000078 ], [ -86.766128539999954, 39.11163330100004 ] ] ], [ [ [ -86.938186645999963, 39.12235641500007 ], [ -86.915412902999947, 39.114715576000037 ], [ -86.940948485999968, 39.109130859000061 ], [ -86.938186645999963, 39.12235641500007 ] ] ], [ [ [ -86.829902648999962, 39.137172699000075 ], [ -86.821701049999945, 39.131786346000069 ], [ -86.831306457999972, 39.129566193000073 ], [ -86.829902648999962, 39.137172699000075 ] ] ], [ [ [ -86.757972716999973, 39.139041901000041 ], [ -86.745117186999948, 39.132602692000034 ], [ -86.759941100999981, 39.136081696000076 ], [ -86.757972716999973, 39.139041901000041 ] ] ], [ [ [ -86.643692016999978, 39.141689301000042 ], [ -86.645866393999938, 39.15000152600004 ], [ -86.640090941999972, 39.151588440000069 ], [ -86.643692016999978, 39.141689301000042 ] ] ], [ [ [ -86.759475707999968, 39.149826050000058 ], [ -86.767524718999937, 39.15174102800006 ], [ -86.758781432999967, 39.152965546000075 ], [ -86.759475707999968, 39.149826050000058 ] ] ], [ [ [ -86.654670714999952, 39.156566620000035 ], [ -86.655632018999938, 39.150943756000061 ], [ -86.665786742999956, 39.15371704100005 ], [ -86.654670714999952, 39.156566620000035 ] ] ], [ [ [ -86.881240844999979, 39.157909393000068 ], [ -86.878585814999951, 39.12591171300005 ], [ -86.909461974999942, 39.123401642000033 ], [ -86.881240844999979, 39.157909393000068 ] ] ], [ [ [ -86.822532653999986, 39.157302856000058 ], [ -86.798744201999966, 39.142639160000044 ], [ -86.802314757999966, 39.10921096800007 ], [ -86.827613830999951, 39.121742249000079 ], [ -86.808753966999973, 39.129989624000075 ], [ -86.822532653999986, 39.157302856000058 ] ] ], [ [ [ -86.902328490999935, 39.169551849000072 ], [ -86.905166625999982, 39.164939880000077 ], [ -86.908309936999956, 39.167953491000048 ], [ -86.902328490999935, 39.169551849000072 ] ] ], [ [ [ -86.735687255999949, 39.159004211000024 ], [ -86.753509520999955, 39.150421143000074 ], [ -86.748313903999986, 39.178195953000056 ], [ -86.735687255999949, 39.159004211000024 ] ] ], [ [ [ -90.659339904999968, 39.192768097000055 ], [ -90.651580810999974, 39.189403534000064 ], [ -90.657669066999972, 39.187786102000075 ], [ -90.659339904999968, 39.192768097000055 ] ] ], [ [ [ -86.664466857999969, 39.199256897000055 ], [ -86.674354552999944, 39.194572449000077 ], [ -86.666328429999965, 39.202095032000045 ], [ -86.664466857999969, 39.199256897000055 ] ] ], [ [ [ -86.878135680999947, 39.203762054000038 ], [ -86.880355834999989, 39.185401917000036 ], [ -86.892639159999987, 39.189498901000036 ], [ -86.878135680999947, 39.203762054000038 ] ] ], [ [ [ -86.828941344999976, 39.266040802000077 ], [ -86.837379455999951, 39.258342743000071 ], [ -86.83084869399994, 39.266723633000026 ], [ -86.828941344999976, 39.266040802000077 ] ] ], [ [ [ -86.849044799999945, 39.274200439000026 ], [ -86.833557128999985, 39.270233154000039 ], [ -86.844306945999961, 39.264709473000039 ], [ -86.849044799999945, 39.274200439000026 ] ] ], [ [ [ -86.831428527999947, 39.294559479000043 ], [ -86.838676452999948, 39.294631958000025 ], [ -86.836837768999942, 39.302234650000059 ], [ -86.831428527999947, 39.294559479000043 ] ] ], [ [ [ -86.892150878999985, 39.309261322000054 ], [ -86.897125243999938, 39.305004120000035 ], [ -86.895332335999967, 39.310287476000042 ], [ -86.892150878999985, 39.309261322000054 ] ] ], [ [ [ -90.720260619999976, 39.342449188000046 ], [ -90.703231811999956, 39.347511292000036 ], [ -90.705459594999979, 39.33505630500008 ], [ -90.720260619999976, 39.342449188000046 ] ] ], [ [ [ -86.801803588999974, 39.36613845800008 ], [ -86.805809020999959, 39.356903076000037 ], [ -86.803916930999947, 39.366989136000029 ], [ -86.801803588999974, 39.36613845800008 ] ] ], [ [ [ -90.76229858399995, 39.405197144000056 ], [ -90.753692626999964, 39.402545929000041 ], [ -90.756332396999937, 39.399688721000075 ], [ -90.76229858399995, 39.405197144000056 ] ] ], [ [ [ -86.785469054999965, 39.408035278000057 ], [ -86.761886596999943, 39.401649475000056 ], [ -86.797836303999986, 39.38498306300005 ], [ -86.785469054999965, 39.408035278000057 ] ] ], [ [ [ -86.796607970999958, 39.417766571000072 ], [ -86.792030333999946, 39.41109085100004 ], [ -86.798393249999947, 39.413478851000036 ], [ -86.796607970999958, 39.417766571000072 ] ] ], [ [ [ -90.838478087999988, 39.486278534000064 ], [ -90.84482574499998, 39.489238739000029 ], [ -90.83830261199995, 39.488204956000061 ], [ -90.838478087999988, 39.486278534000064 ] ] ], [ [ [ -86.873054503999981, 39.494430542000032 ], [ -86.870040893999942, 39.470546722000051 ], [ -86.890495299999941, 39.474231720000034 ], [ -86.873054503999981, 39.494430542000032 ] ] ], [ [ [ -86.923286438, 39.508346558000028 ], [ -86.937469481999983, 39.504005432000042 ], [ -86.936470031999988, 39.512943268000072 ], [ -86.923286438, 39.508346558000028 ] ] ], [ [ [ -86.927284240999938, 39.52560806300005 ], [ -86.930160521999937, 39.519508362000067 ], [ -86.932449340999938, 39.523506165000072 ], [ -86.927284240999938, 39.52560806300005 ] ] ], [ [ [ -86.913330077999944, 39.528789520000032 ], [ -86.903862, 39.519084930000076 ], [ -86.913894652999943, 39.520347595000032 ], [ -86.913330077999944, 39.528789520000032 ] ] ], [ [ [ -86.88460540799997, 39.532810211000026 ], [ -86.890037536999955, 39.527565002000074 ], [ -86.890373229999966, 39.532867432000046 ], [ -86.88460540799997, 39.532810211000026 ] ] ], [ [ [ -86.791969298999959, 39.533336639000026 ], [ -86.802497863999974, 39.530803680000076 ], [ -86.801086425999983, 39.538074493000067 ], [ -86.791969298999959, 39.533336639000026 ] ] ], [ [ [ -86.780960082999968, 39.539016724000078 ], [ -86.781135558999949, 39.529079437000064 ], [ -86.787063598999964, 39.53245544400005 ], [ -86.780960082999968, 39.539016724000078 ] ] ], [ [ [ -86.95386505099998, 39.549053192000031 ], [ -86.95793914799998, 39.534679413000049 ], [ -86.97534942599998, 39.543121338000049 ], [ -86.95386505099998, 39.549053192000031 ] ] ], [ [ [ -86.817993163999972, 39.537425995000035 ], [ -86.896949767999956, 39.48440170300006 ], [ -86.928405761999954, 39.495971680000025 ], [ -86.85942840599995, 39.528743744000053 ], [ -86.869140624999943, 39.548889160000044 ], [ -86.817993163999972, 39.537425995000035 ] ] ], [ [ [ -86.760925292999957, 39.550971985000047 ], [ -86.76956176799996, 39.542205811000031 ], [ -86.767005919999974, 39.553443909000066 ], [ -86.760925292999957, 39.550971985000047 ] ] ], [ [ [ -86.90168762199994, 39.560642242000029 ], [ -86.909454345999961, 39.556579590000069 ], [ -86.909614563, 39.559726715000068 ], [ -86.90168762199994, 39.560642242000029 ] ] ], [ [ [ -86.788780211999949, 39.567924500000061 ], [ -86.788269042999957, 39.56046295200008 ], [ -86.794250487999989, 39.561355591000051 ], [ -86.788780211999949, 39.567924500000061 ] ] ], [ [ [ -86.889404296999942, 39.565818787000069 ], [ -86.897773742999959, 39.564250946000072 ], [ -86.891296386999954, 39.567825317000029 ], [ -86.889404296999942, 39.565818787000069 ] ] ], [ [ [ -86.914085388, 39.587436676000038 ], [ -86.92281341599994, 39.59066772500006 ], [ -86.912956237999936, 39.591232300000058 ], [ -86.914085388, 39.587436676000038 ] ] ], [ [ [ -90.883193969999979, 39.583847046000074 ], [ -90.921852111999954, 39.583099365000066 ], [ -90.87557983399995, 39.602363586000024 ], [ -90.883193969999979, 39.583847046000074 ] ] ], [ [ [ -86.891342163, 39.603775024000072 ], [ -86.90294647199994, 39.602424622000058 ], [ -86.90328216599994, 39.60670852700008 ], [ -86.891342163, 39.603775024000072 ] ] ], [ [ [ -90.414794921999942, 39.610553741000047 ], [ -90.410812377999946, 39.602981567000029 ], [ -90.427665709999985, 39.604190826000035 ], [ -90.414794921999942, 39.610553741000047 ] ] ], [ [ [ -90.826042174999941, 39.612945557000046 ], [ -90.800254821999943, 39.587314606000064 ], [ -90.845329285, 39.528762817000029 ], [ -90.865669249999939, 39.56428909300007 ], [ -90.826042174999941, 39.612945557000046 ] ] ], [ [ [ -86.853271483999947, 39.626083374000075 ], [ -86.857856749999939, 39.620994568000071 ], [ -86.860000609999986, 39.625976563000052 ], [ -86.853271483999947, 39.626083374000075 ] ] ], [ [ [ -90.93042755099998, 39.628356934000067 ], [ -90.945205687999987, 39.621616364000033 ], [ -90.943611144999977, 39.631298065000067 ], [ -90.93042755099998, 39.628356934000067 ] ] ], [ [ [ -86.892822265999939, 39.669219971000075 ], [ -86.913993834999985, 39.64590454100005 ], [ -86.899047851999967, 39.681537628000058 ], [ -86.892822265999939, 39.669219971000075 ] ] ], [ [ [ -86.915908812999987, 39.686504364000029 ], [ -86.926414489999956, 39.686107635000042 ], [ -86.914520263999975, 39.692619324000077 ], [ -86.915908812999987, 39.686504364000029 ] ] ], [ [ [ -87.078742980999948, 39.708179474000076 ], [ -87.085121154999968, 39.696804047000057 ], [ -87.080886840999938, 39.708526611000025 ], [ -87.078742980999948, 39.708179474000076 ] ] ], [ [ [ -86.907958983999947, 39.713428497000052 ], [ -86.920845031999988, 39.712226868000073 ], [ -86.908126830999947, 39.716571808000026 ], [ -86.907958983999947, 39.713428497000052 ] ] ], [ [ [ -87.065093993999938, 39.71800231900005 ], [ -87.060844420999956, 39.699913025000058 ], [ -87.071533202999944, 39.702320099000076 ], [ -87.065093993999938, 39.71800231900005 ] ] ], [ [ [ -86.928665160999969, 39.719589233000079 ], [ -86.93824768099995, 39.710571289000029 ], [ -86.944381713999974, 39.715602875000059 ], [ -86.928665160999969, 39.719589233000079 ] ] ], [ [ [ -86.945037841999977, 39.728359222000051 ], [ -86.951576232999969, 39.722126007000043 ], [ -86.949974059999988, 39.728408813000044 ], [ -86.945037841999977, 39.728359222000051 ] ] ], [ [ [ -91.026756286999955, 39.74914169300007 ], [ -91.035835265999935, 39.746963501000039 ], [ -91.032318114999953, 39.759037018000072 ], [ -91.026756286999955, 39.74914169300007 ] ] ], [ [ [ -86.951194763, 39.800800323000033 ], [ -86.958152770999959, 39.795070648000035 ], [ -86.956962584999985, 39.80234527600004 ], [ -86.951194763, 39.800800323000033 ] ] ], [ [ [ -86.971046447999981, 39.808105469000054 ], [ -87.003738402999943, 39.805091858000026 ], [ -86.985481261999951, 39.819335938000052 ], [ -86.971046447999981, 39.808105469000054 ] ] ], [ [ [ -86.954048156999988, 39.837760925000055 ], [ -86.961265563999973, 39.829547882000043 ], [ -86.960243224999942, 39.839809418000073 ], [ -86.954048156999988, 39.837760925000055 ] ] ], [ [ [ -86.937843322999981, 39.856826782000041 ], [ -86.948287963999974, 39.848808289000033 ], [ -86.945564269999977, 39.85772705100004 ], [ -86.937843322999981, 39.856826782000041 ] ] ], [ [ [ -91.174491881999984, 39.864139557000044 ], [ -91.158828734999986, 39.872272491000047 ], [ -91.155265807999967, 39.861671448000038 ], [ -91.174491881999984, 39.864139557000044 ] ] ], [ [ [ -87.059036254999967, 39.872817993000069 ], [ -87.058494567999958, 39.865364075000059 ], [ -87.065353393999942, 39.866909027000077 ], [ -87.059036254999967, 39.872817993000069 ] ] ], [ [ [ -90.602935790999936, 39.914524078000056 ], [ -90.574371337999935, 39.911350250000055 ], [ -90.604019164999954, 39.901313782000045 ], [ -90.602935790999936, 39.914524078000056 ] ] ], [ [ [ -87.064010619999976, 39.946403503000056 ], [ -87.071151732999965, 39.943477631000064 ], [ -87.070861816, 39.948776245000033 ], [ -87.064010619999976, 39.946403503000056 ] ] ], [ [ [ -90.554458617999956, 39.934570313000052 ], [ -90.582626342999959, 39.936447144000056 ], [ -90.549087523999958, 39.961765289000027 ], [ -90.554458617999956, 39.934570313000052 ] ] ], [ [ [ -91.092857360999972, 39.966701508000028 ], [ -90.949180602999945, 39.843231201000037 ], [ -90.927917479999962, 39.865989685000045 ], [ -90.852027892999956, 39.827156067000033 ], [ -90.717750548999959, 39.878997803000061 ], [ -90.787261962999935, 39.838336945000037 ], [ -90.757186889999957, 39.824733734000063 ], [ -90.802154540999936, 39.810256958000025 ], [ -90.769973754999967, 39.812435150000056 ], [ -90.793945311999948, 39.800205231000064 ], [ -90.772048949999942, 39.787620544000049 ], [ -90.831939696999939, 39.806232452000074 ], [ -90.799438476999967, 39.758331299000076 ], [ -90.817184447999978, 39.73841857900004 ], [ -90.692443847999982, 39.734878540000068 ], [ -90.694084166999971, 39.670734406000065 ], [ -90.845649718999937, 39.668785095000032 ], [ -90.850311278999982, 39.626758575000053 ], [ -90.876640319999979, 39.631175995000035 ], [ -90.851226806999989, 39.660121918000073 ], [ -90.882804870999962, 39.668338776000041 ], [ -90.87629699699994, 39.732395172000054 ], [ -90.825935363999974, 39.715766907000045 ], [ -90.85269164999994, 39.735370636000027 ], [ -90.827392577999944, 39.747711182000046 ], [ -90.874046325999984, 39.766880035000042 ], [ -90.86617279099994, 39.80306243900003 ], [ -90.904670714999952, 39.79406356800007 ], [ -90.880371093999941, 39.756343842000035 ], [ -90.924987792999957, 39.767284393000068 ], [ -90.933715819999975, 39.818778992000034 ], [ -90.956916808999949, 39.803585052000074 ], [ -90.948463439999955, 39.828411102000075 ], [ -90.990653991999977, 39.839103699000077 ], [ -91.010719298999959, 39.810081482000044 ], [ -91.01194000199996, 39.847934723000037 ], [ -91.033058166999979, 39.833190918000071 ], [ -91.073104857999965, 39.88586044300007 ], [ -91.047767638999971, 39.832668304000038 ], [ -91.078529357999969, 39.847610474000078 ], [ -91.081802367999956, 39.814456940000071 ], [ -91.021690368999941, 39.812259674000074 ], [ -91.05028533899997, 39.780334473000039 ], [ -91.013313292999953, 39.79360199000007 ], [ -90.994056701999966, 39.754787445000034 ], [ -90.974754332999964, 39.775093079000044 ], [ -90.926162719999979, 39.738170624000077 ], [ -90.975303649999944, 39.706336975000056 ], [ -90.959304809999935, 39.73687362700008 ], [ -91.004035949999945, 39.744674683000028 ], [ -91.016273498999965, 39.77613449100005 ], [ -91.055717467999955, 39.761962891000053 ], [ -91.055343627999946, 39.788387299000078 ], [ -91.13369751, 39.728427887000066 ], [ -91.075828551999962, 39.855262756000059 ], [ -91.097007750999978, 39.862545013000044 ], [ -91.104316710999967, 39.812347412000065 ], [ -91.152221679999968, 39.792011261000027 ], [ -91.21682739299996, 39.864078522000057 ], [ -91.166137694999975, 39.849941254000044 ], [ -91.168136596999943, 39.812744141000053 ], [ -91.109489440999937, 39.82107925400004 ], [ -91.15413665799997, 39.925491333000025 ], [ -91.092857360999972, 39.966701508000028 ] ] ], [ [ [ -90.603157042999953, 39.953376770000034 ], [ -90.568786620999958, 39.973941803000059 ], [ -90.572204589999956, 39.952976227000079 ], [ -90.603157042999953, 39.953376770000034 ] ] ], [ [ [ -90.787132263, 40.170589447000054 ], [ -90.776748656999985, 40.173366547000057 ], [ -90.777633666999975, 40.167968750000057 ], [ -90.787132263, 40.170589447000054 ] ] ], [ [ [ -91.001289367999959, 40.230648041000052 ], [ -90.821037291999971, 40.25076675400004 ], [ -90.86740875199996, 40.172325134000062 ], [ -90.713142394999977, 40.13391494800004 ], [ -90.823631286999955, 40.130550385000049 ], [ -90.869560241999977, 40.103839874000073 ], [ -90.786598205999951, 40.117111206000061 ], [ -90.818641662999937, 40.06357193000008 ], [ -90.751319884999987, 40.106655121000074 ], [ -90.716506957999968, 40.095699310000043 ], [ -90.689964293999935, 40.062065125000061 ], [ -90.711715697999978, 40.023918152000078 ], [ -90.640708922999977, 40.025405884000065 ], [ -90.619354247999979, 39.997653961000026 ], [ -90.65311431899994, 39.920406342000035 ], [ -90.744140624999943, 39.932212830000026 ], [ -90.785293578999983, 39.892528534000064 ], [ -90.781524657999967, 39.939765930000078 ], [ -90.815284728999984, 39.87229919400005 ], [ -90.832672118999938, 39.888744354000039 ], [ -90.863342284999987, 39.851684570000032 ], [ -90.849517821999939, 39.901271820000034 ], [ -90.894027709999989, 39.914371490000065 ], [ -90.89973449699994, 39.877254486000027 ], [ -90.95246887199994, 39.88212204000007 ], [ -91.107383727999945, 40.009937286000024 ], [ -91.188354491999974, 40.024375916000054 ], [ -91.139305114999956, 40.102653503000056 ], [ -91.069305419999978, 40.119430542000032 ], [ -91.15523529099994, 40.17641449000007 ], [ -91.074302672999977, 40.216579437000064 ], [ -90.990661620999958, 40.199569702000076 ], [ -91.001289367999959, 40.230648041000052 ] ] ], [ [ [ -91.256065368999941, 40.342075348000037 ], [ -91.268867492999959, 40.33942413300008 ], [ -91.259101867999959, 40.347141266000051 ], [ -91.256065368999941, 40.342075348000037 ] ] ], [ [ [ -88.050331115999938, 40.310642242000029 ], [ -88.093269347999978, 40.359596252000074 ], [ -88.087265014999957, 40.404251099000078 ], [ -87.997138976999963, 40.332408905000079 ], [ -88.050331115999938, 40.310642242000029 ] ] ], [ [ [ -91.293594359999986, 40.462657928000056 ], [ -91.278350829999965, 40.456546783000078 ], [ -91.303581237999936, 40.453086853000059 ], [ -91.293594359999986, 40.462657928000056 ] ] ], [ [ [ -91.280509948999963, 40.491577148000033 ], [ -91.306282042999953, 40.491180420000035 ], [ -91.27896881099997, 40.49895858800005 ], [ -91.280509948999963, 40.491577148000033 ] ] ], [ [ [ -91.352668761999951, 40.552112579000038 ], [ -91.362648009999987, 40.554958344000056 ], [ -91.352027892999956, 40.556007385000044 ], [ -91.352668761999951, 40.552112579000038 ] ] ], [ [ [ -91.171401977999949, 40.615398407000043 ], [ -91.150329589999956, 40.604763031000061 ], [ -91.172523498999965, 40.604331970000032 ], [ -91.171401977999949, 40.615398407000043 ] ] ], [ [ [ -87.702484130999949, 40.734279633000028 ], [ -87.666908263999971, 40.746109009000065 ], [ -87.672256469999979, 40.730899811000029 ], [ -87.702484130999949, 40.734279633000028 ] ] ], [ [ [ -87.78128051799996, 40.776149750000059 ], [ -87.838676452999948, 40.818798065000067 ], [ -87.846946716, 40.834293365000065 ], [ -87.786727904999964, 40.81797027600004 ], [ -87.78128051799996, 40.776149750000059 ] ] ], [ [ [ -90.856498717999955, 40.834075928000061 ], [ -90.842323302999944, 40.838554382000041 ], [ -90.840385436999952, 40.835670471000071 ], [ -90.856498717999955, 40.834075928000061 ] ] ], [ [ [ -87.860939025999983, 40.879661560000045 ], [ -87.879852294999978, 40.878513336000026 ], [ -87.863372802999947, 40.887233734000063 ], [ -87.860939025999983, 40.879661560000045 ] ] ], [ [ [ -90.69908142099996, 40.889461517000029 ], [ -90.715484618999938, 40.87395858800005 ], [ -90.724296569999979, 40.879455566000047 ], [ -90.69908142099996, 40.889461517000029 ] ] ], [ [ [ -90.788253783999949, 40.898284912000065 ], [ -90.774856566999972, 40.907577515000071 ], [ -90.762710570999957, 40.897079468000072 ], [ -90.788253783999949, 40.898284912000065 ] ] ], [ [ [ -90.836265563999973, 40.937511444000052 ], [ -90.814720153999986, 40.935455322000053 ], [ -90.838394164999954, 40.92984771700003 ], [ -90.836265563999973, 40.937511444000052 ] ] ], [ [ [ -87.859680175999983, 40.923229218000074 ], [ -87.825729369999976, 40.928924561000031 ], [ -87.859870910999973, 40.907958984000061 ], [ -87.859680175999983, 40.923229218000074 ] ] ], [ [ [ -90.749328612999989, 40.935668945000032 ], [ -90.795639038, 40.923885345000031 ], [ -90.745910644999981, 40.946739197000056 ], [ -90.749328612999989, 40.935668945000032 ] ] ], [ [ [ -90.699760436999952, 40.968494415000066 ], [ -90.675773620999962, 40.955547333000027 ], [ -90.700691222999978, 40.942405701000041 ], [ -90.699760436999952, 40.968494415000066 ] ] ], [ [ [ -90.660453795999956, 40.970867157000043 ], [ -90.66678619399994, 40.969657898000037 ], [ -90.666397094999979, 40.975505829000042 ], [ -90.660453795999956, 40.970867157000043 ] ] ], [ [ [ -90.812660216999973, 40.972877502000074 ], [ -90.767395019999981, 40.957569122000052 ], [ -90.801971435999974, 40.943199158000027 ], [ -90.812660216999973, 40.972877502000074 ] ] ], [ [ [ -87.911033629999963, 41.001335144000052 ], [ -87.92295074499998, 40.989898682000046 ], [ -87.926048278999986, 40.994529724000074 ], [ -87.911033629999963, 41.001335144000052 ] ] ], [ [ [ -88.138603209999985, 41.251411438000048 ], [ -88.139167785999973, 41.244792938000046 ], [ -88.143630980999944, 41.247787476000042 ], [ -88.138603209999985, 41.251411438000048 ] ] ], [ [ [ -88.926750182999967, 41.329113007000046 ], [ -88.907501220999961, 41.329269409000062 ], [ -88.931373595999958, 41.324676514000032 ], [ -88.926750182999967, 41.329113007000046 ] ] ], [ [ [ -88.302024841, 41.405754089000027 ], [ -88.289314269999977, 41.40644455000006 ], [ -88.288810729999966, 41.403984070000035 ], [ -88.302024841, 41.405754089000027 ] ] ], [ [ [ -88.784645080999951, 41.403976440000065 ], [ -88.810638427999947, 41.359714508000025 ], [ -88.923843383999952, 41.333889008000028 ], [ -88.993690490999938, 41.377708435000045 ], [ -88.784645080999951, 41.403976440000065 ] ] ], [ [ [ -88.234512328999983, 41.392490387000066 ], [ -88.249069213999974, 41.397975922000057 ], [ -88.221260070999961, 41.41320419300007 ], [ -88.234512328999983, 41.392490387000066 ] ] ], [ [ [ -88.14334869399994, 41.414066315000071 ], [ -88.150680541999975, 41.411762238000051 ], [ -88.149856566999972, 41.415378571000076 ], [ -88.14334869399994, 41.414066315000071 ] ] ], [ [ [ -88.828613280999946, 41.445430756000064 ], [ -88.856788634999987, 41.439483643000074 ], [ -88.860038756999984, 41.447902679000038 ], [ -88.828613280999946, 41.445430756000064 ] ] ], [ [ [ -88.311897277999947, 41.447086334000062 ], [ -88.317893981999987, 41.452701569000055 ], [ -88.30771636999998, 41.452316284000062 ], [ -88.311897277999947, 41.447086334000062 ] ] ], [ [ [ -89.047554015999935, 41.487613678000059 ], [ -89.019622802999947, 41.48663330100004 ], [ -89.018165587999988, 41.476024628000062 ], [ -89.047554015999935, 41.487613678000059 ] ] ], [ [ [ -88.312683104999962, 41.506191254000044 ], [ -88.331932067999958, 41.507720947000053 ], [ -88.312675475999981, 41.510189056000058 ], [ -88.312683104999962, 41.506191254000044 ] ] ], [ [ [ -88.978965758999948, 41.498748779000039 ], [ -88.851669311999956, 41.50645828200004 ], [ -88.835700988999974, 41.488964081000063 ], [ -88.978965758999948, 41.498748779000039 ] ] ], [ [ [ -89.714508056999989, 41.533432007000044 ], [ -89.66284942599998, 41.515243530000077 ], [ -89.720726013, 41.52181243900003 ], [ -89.714508056999989, 41.533432007000044 ] ] ], [ [ [ -90.352050780999946, 41.505878448000033 ], [ -89.935279845999958, 41.541687012000068 ], [ -89.863105773999962, 41.476936340000066 ], [ -89.692222594999976, 41.433738708000078 ], [ -89.704956054999968, 41.385257721000073 ], [ -89.668800353999984, 41.358783722000055 ], [ -89.616279601999963, 41.377349854000045 ], [ -89.532615661999955, 41.346916199000077 ], [ -89.441307067999958, 41.484016418000067 ], [ -89.313339232999965, 41.529079437000064 ], [ -89.157882689999951, 41.496723175000056 ], [ -89.139755248999961, 41.433387756000059 ], [ -89.027420043999939, 41.307250977000081 ], [ -88.865737914999954, 41.302658081000061 ], [ -88.861488341999973, 41.328819275000058 ], [ -88.800392150999983, 41.339805603000059 ], [ -88.821632384999987, 41.352344513000048 ], [ -88.803657531999988, 41.355640411000024 ], [ -88.762428283999952, 41.408611298000039 ], [ -88.728973388999975, 41.410469055000078 ], [ -88.742187499999943, 41.380790710000042 ], [ -88.656791686999952, 41.403354645000036 ], [ -88.720855712999935, 41.422195435000049 ], [ -88.70122528099995, 41.445812225000054 ], [ -88.332748413, 41.39874267600004 ], [ -88.400825499999939, 41.344196320000037 ], [ -88.234802245999958, 41.377731323000035 ], [ -88.254211425999983, 41.346099854000045 ], [ -88.169204711999953, 41.290473938000048 ], [ -88.18712616, 41.150848389000032 ], [ -88.22001647899998, 41.132930756000064 ], [ -88.121826171999942, 40.971027374000073 ], [ -88.108581542999957, 40.844909668000071 ], [ -88.032966613999974, 40.809902191000049 ], [ -87.94944000199996, 40.819862366000052 ], [ -87.921234130999949, 40.74807357800006 ], [ -87.783111571999939, 40.676017761000026 ], [ -87.61988830599995, 40.689769745000035 ], [ -87.562995910999973, 40.656131744000049 ], [ -87.710838317999958, 40.536911011000029 ], [ -87.751609801999962, 40.571041107000042 ], [ -87.747215270999959, 40.643409729000041 ], [ -87.857803344999979, 40.596862793000071 ], [ -87.868209838999974, 40.652168274000076 ], [ -88.016159057999971, 40.59424591100003 ], [ -87.98423767099996, 40.636672974000078 ], [ -88.006454467999959, 40.653125763000048 ], [ -87.937545775999979, 40.70133209200003 ], [ -87.996292113999971, 40.698406219000049 ], [ -87.996475219999979, 40.741626740000072 ], [ -88.045242309999935, 40.658016205000081 ], [ -88.181915282999967, 40.703643799000076 ], [ -88.157653808999953, 40.661483765000071 ], [ -88.288642882999966, 40.626213074000077 ], [ -88.351043700999981, 40.557830811000031 ], [ -88.363250731999983, 40.485549927000079 ], [ -88.450721740999938, 40.444290161000026 ], [ -88.460891723999964, 40.13801193200004 ], [ -88.376922606999983, 40.138263702000074 ], [ -88.268432616999974, 40.215682983000079 ], [ -88.133651732999965, 40.196590424000078 ], [ -88.159271239999953, 40.090404510000042 ], [ -88.080688476999967, 40.100631714000031 ], [ -88.068931579999969, 40.266323090000071 ], [ -87.947090148999962, 40.300014496000074 ], [ -87.976203917999953, 40.380397797000057 ], [ -87.873710631999984, 40.433631897000055 ], [ -87.765609740999935, 40.427467346000071 ], [ -87.663818358999947, 40.47383880600006 ], [ -87.403526305999947, 40.456829071000072 ], [ -87.123405457, 40.240402222000057 ], [ -87.337570189999951, 40.181713104000039 ], [ -87.326820373999965, 40.046428680000076 ], [ -87.240036010999972, 40.035301208000078 ], [ -87.178176879999967, 39.97945022600004 ], [ -87.045127868999941, 39.988861084000064 ], [ -87.118614196999943, 39.937904358000026 ], [ -87.065948485999968, 39.931686401000036 ], [ -87.123138427999947, 39.904296875000057 ], [ -87.084251403999986, 39.883274078000056 ], [ -87.089218139999957, 39.817680359000065 ], [ -87.065063476999967, 39.792297363000046 ], [ -87.051742553999986, 39.807929993000073 ], [ -87.012939452999944, 39.78672027600004 ], [ -86.928131103999988, 39.797229767000033 ], [ -86.873306273999958, 39.773666382000044 ], [ -86.95637512199994, 39.763179779000041 ], [ -86.954177855999944, 39.738136292000036 ], [ -87.006584166999971, 39.721691132000046 ], [ -87.062461852999945, 39.747024536000026 ], [ -86.973533629999963, 39.778419495000037 ], [ -87.028488158999949, 39.780887604000043 ], [ -87.083229064999955, 39.735923767000031 ], [ -87.090278624999939, 39.689903259000062 ], [ -86.97056579599996, 39.719219208000027 ], [ -86.945480346999943, 39.689823151000041 ], [ -86.971397399999944, 39.649612427000079 ], [ -86.948097228999984, 39.617080688000044 ], [ -86.966941832999964, 39.632171631000062 ], [ -86.973640441999976, 39.614334106000058 ], [ -86.94229126, 39.562831879000044 ], [ -86.999755858999947, 39.557708740000066 ], [ -86.958618163999972, 39.517066956000065 ], [ -86.994400023999958, 39.426719666000054 ], [ -86.939453124999943, 39.497329712000067 ], [ -86.908477782999967, 39.48079681400003 ], [ -86.922401427999944, 39.424903870000037 ], [ -86.86206817599998, 39.442054749000079 ], [ -86.954261779999968, 39.395862579000038 ], [ -86.859008788999972, 39.433238983000081 ], [ -86.803970336999953, 39.414775848000033 ], [ -86.847618102999945, 39.398651123000036 ], [ -86.826309203999983, 39.381526947000054 ], [ -86.83101654099994, 39.306648254000038 ], [ -86.860816955999951, 39.375408173000039 ], [ -86.851089477999949, 39.318622589000029 ], [ -86.884033202999944, 39.340000153000062 ], [ -86.857376098999964, 39.312881470000036 ], [ -86.857505797999977, 39.291831970000032 ], [ -86.893112182999971, 39.332962036000026 ], [ -86.906311034999987, 39.308223724000072 ], [ -86.935119628999985, 39.321594238000046 ], [ -86.871047973999964, 39.272407532000045 ], [ -86.936012267999956, 39.291435242000034 ], [ -86.894622802999947, 39.265346527000077 ], [ -86.919227599999942, 39.260108948000038 ], [ -86.90220642099996, 39.230941772000051 ], [ -86.929817199999945, 39.237007141000049 ], [ -86.899742125999978, 39.183151245000033 ], [ -86.985649108999951, 39.098285675000056 ], [ -86.896759032999967, 39.078292847000057 ], [ -86.907859801999962, 39.110710144000052 ], [ -86.866622924999945, 39.11058044400005 ], [ -86.846618651999961, 39.148769379000044 ], [ -86.831809997999983, 39.119453430000078 ], [ -86.882408141999974, 39.096019745000035 ], [ -86.868347167999957, 39.075328827000078 ], [ -86.915634154999964, 39.020702362000065 ], [ -86.863960265999935, 39.025592804000041 ], [ -86.901916503999985, 39.028007507000041 ], [ -86.84611511199995, 39.060005188000048 ], [ -86.836700438999969, 39.041179657000043 ], [ -86.764396666999971, 39.056880951000039 ], [ -86.754722594999976, 39.041694641000049 ], [ -86.822113036999951, 39.037590027000078 ], [ -86.842262267999956, 39.005474091000053 ], [ -86.907852172999981, 39.005054474000076 ], [ -86.931762694999975, 38.997360229000037 ], [ -86.928390502999946, 38.983913422000057 ], [ -86.889381408999952, 38.99391937300004 ], [ -86.803253173999963, 38.927013397000053 ], [ -86.819671630999949, 38.966457367000032 ], [ -86.759346007999966, 38.928306580000026 ], [ -86.743339538999976, 38.943672180000078 ], [ -86.778587341, 38.973419189000026 ], [ -86.735305785999969, 38.973716736000029 ], [ -86.717597960999967, 38.937557220000031 ], [ -86.744590758999948, 38.923820496000076 ], [ -86.674041747999979, 38.871913910000046 ], [ -86.691864013999975, 38.870655060000047 ], [ -86.689613341999973, 38.836673737000069 ], [ -86.728057860999968, 38.799896240000066 ], [ -86.696548461999953, 38.849182129000042 ], [ -86.717170714999952, 38.89664459200003 ], [ -86.747413634999987, 38.909938812000064 ], [ -86.758300780999946, 38.864200592000032 ], [ -86.730537414999958, 38.835262299000078 ], [ -86.742912291999971, 38.808361053000056 ], [ -86.740089416999979, 38.842941284000062 ], [ -86.757492064999951, 38.851768494000055 ], [ -86.75022125199996, 38.802822113000047 ], [ -86.779541015999939, 38.818252563000044 ], [ -86.77258300799997, 38.77206039400005 ], [ -86.792762755999945, 38.780818939000028 ], [ -86.813377379999963, 38.732204437000064 ], [ -86.782531737999989, 38.731006622000052 ], [ -86.790992736999954, 38.666187286000024 ], [ -86.825889586999949, 38.674880981000058 ], [ -86.803878783999949, 38.720497131000059 ], [ -86.884635924999941, 38.662471771000071 ], [ -86.846328734999986, 38.677932739000028 ], [ -86.744972228999984, 38.643764496000074 ], [ -86.734283446999939, 38.681224823000036 ], [ -86.672187804999965, 38.660388947000058 ], [ -86.635719298999959, 38.686244965000071 ], [ -86.699523925999983, 38.69668579100005 ], [ -86.679885863999971, 38.715808868000067 ], [ -86.622764586999949, 38.708431244000053 ], [ -86.606491088999974, 38.67011642500006 ], [ -86.582336425999983, 38.701419830000077 ], [ -86.599601745999962, 38.647495270000036 ], [ -86.628723144999981, 38.677539825000053 ], [ -86.663055419999978, 38.662757874000079 ], [ -86.653327941999976, 38.633480072000054 ], [ -86.675827025999979, 38.608100891000049 ], [ -86.680847167999957, 38.650402069000052 ], [ -86.695579528999986, 38.602230072000054 ], [ -86.733528136999951, 38.60437011700003 ], [ -86.699775695999961, 38.653957367000032 ], [ -86.77701568599997, 38.582214355000076 ], [ -86.800292968999941, 38.60071182300004 ], [ -86.815246581999986, 38.547393799000076 ], [ -86.846336364999956, 38.587341309000067 ], [ -86.793762206999986, 38.632598877000078 ], [ -86.840011596999943, 38.609458923000034 ], [ -86.832214354999962, 38.642162323000036 ], [ -86.854934691999972, 38.657993317000034 ], [ -86.870613097999978, 38.644264221000071 ], [ -86.844123839999952, 38.626399994000053 ], [ -86.850715636999951, 38.57878112800006 ], [ -86.837219237999989, 38.534069061000025 ], [ -86.739555358999951, 38.535709381000061 ], [ -86.809509276999961, 38.56057357800006 ], [ -86.767234801999962, 38.564701080000077 ], [ -86.755043029999968, 38.594367981000062 ], [ -86.742713927999944, 38.556949615000065 ], [ -86.707160949999945, 38.542423248000034 ], [ -86.733123778999982, 38.572063446000072 ], [ -86.715461730999948, 38.579627991000052 ], [ -86.667304992999959, 38.532466888000044 ], [ -86.652572631999988, 38.57052993800005 ], [ -86.677421569999979, 38.582614899000077 ], [ -86.623908996999944, 38.569320679000043 ], [ -86.649673461999953, 38.548465729000043 ], [ -86.62197876, 38.541801453000062 ], [ -86.64810943599997, 38.52310562100007 ], [ -86.608421325999984, 38.48696136500007 ], [ -86.620964049999941, 38.45317459100005 ], [ -86.705200194999975, 38.443515778000062 ], [ -86.716033935999974, 38.469657898000037 ], [ -86.650886535999973, 38.452583313000048 ], [ -86.683555602999945, 38.471561432000044 ], [ -86.627403258999948, 38.47677993800005 ], [ -86.641654967999955, 38.499496460000046 ], [ -86.698577880999949, 38.478378296000074 ], [ -86.647949218999941, 38.501075745000037 ], [ -86.66304779099994, 38.514518738000049 ], [ -86.760261535999973, 38.470211029000041 ], [ -86.695953368999938, 38.393455505000077 ], [ -86.701545714999952, 38.324878693000073 ], [ -86.686851500999978, 38.35417175300006 ], [ -86.676841735999972, 38.33002471900005 ], [ -86.660118102999945, 38.335441589000027 ], [ -86.679161071999943, 38.369808197000054 ], [ -86.64170074499998, 38.350925446000076 ], [ -86.674774169999978, 38.388298035000048 ], [ -86.629379271999937, 38.385711670000035 ], [ -86.620285033999949, 38.339378357000044 ], [ -86.606384276999961, 38.36933517500006 ], [ -86.594207763999975, 38.330078125000057 ], [ -86.580406188999973, 38.35932159400005 ], [ -86.523765563999973, 38.343784332000041 ], [ -86.537895202999948, 38.355957031000059 ], [ -86.515090941999972, 38.38676834100005 ], [ -86.502716063999969, 38.36704635600006 ], [ -86.516265868999938, 38.318435669000053 ], [ -86.550437926999962, 38.33491897600004 ], [ -86.585937499999943, 38.302108765000071 ], [ -86.531753539999954, 38.284118652000075 ], [ -86.588272094999979, 38.270698547000052 ], [ -86.55843353299997, 38.246299744000055 ], [ -86.60478210399998, 38.169116974000076 ], [ -86.585975646999941, 38.135833740000066 ], [ -86.597694396999941, 38.11782074000007 ], [ -86.55557251, 38.089038849000076 ], [ -86.597335814999951, 38.111846924000076 ], [ -86.60868835399998, 38.086372375000053 ], [ -86.551223754999967, 38.062141418000067 ], [ -86.61583709699994, 38.061862946000076 ], [ -86.572509765999939, 37.964408875000061 ], [ -86.622657775999983, 37.956569672000057 ], [ -86.600296020999963, 37.99625396700003 ], [ -86.627494811999952, 38.048660278000057 ], [ -86.63713073699995, 37.978378296000074 ], [ -86.647315978999984, 38.036655426000038 ], [ -86.665946959999985, 38.015026093000074 ], [ -86.650604247999979, 37.995540619000053 ], [ -86.65396881099997, 37.969013214000029 ], [ -86.672706603999984, 37.933120728000063 ], [ -86.665412902999947, 37.953983307000044 ], [ -86.67971801799996, 37.997680664000029 ], [ -86.67655181899994, 37.949726105000025 ], [ -86.711021422999977, 37.961505890000069 ], [ -86.692565917999957, 37.910823822000054 ], [ -86.762710570999957, 37.911430359000065 ], [ -86.723495482999965, 37.836978912000063 ], [ -86.703887938999969, 37.867866516000049 ], [ -86.704574584999989, 37.82839965800008 ], [ -86.661911010999972, 37.827621460000046 ], [ -86.698577880999949, 37.791862488000049 ], [ -86.663223266999978, 37.778274536000026 ], [ -86.665939330999947, 37.742752075000055 ], [ -86.635467528999982, 37.766014099000074 ], [ -86.623275756999988, 37.705795288000047 ], [ -86.592483520999963, 37.722801208000078 ], [ -86.61386108399995, 37.70732879600007 ], [ -86.595062255999949, 37.689735413000051 ], [ -86.632522582999968, 37.694190979000041 ], [ -86.575119018999942, 37.644134521000069 ], [ -86.617874145999963, 37.664741516000049 ], [ -86.635086059999935, 37.636054993000073 ], [ -86.582672118999938, 37.624816895000038 ], [ -86.546157836999953, 37.59119415300006 ], [ -86.619827270999963, 37.621879578000062 ], [ -86.578094481999983, 37.574913025000058 ], [ -86.596939086999953, 37.567558289000033 ], [ -86.632553100999985, 37.621856689000026 ], [ -86.645141601999967, 37.620063782000045 ], [ -86.59361267099996, 37.545158386000026 ], [ -86.699935913, 37.566909790000068 ], [ -86.816207885999972, 37.504341125000053 ], [ -86.697860717999959, 37.524856567000029 ], [ -86.526214599999946, 37.486404419000053 ], [ -86.497604369999976, 37.466819763000046 ], [ -86.51336669899996, 37.456939697000053 ], [ -86.518569945999957, 37.414955139000028 ], [ -86.511795043999939, 37.403388977000077 ], [ -86.383056640999939, 37.460281372000054 ], [ -86.39932251, 37.480819702000076 ], [ -86.388244628999985, 37.489379883000026 ], [ -86.338226317999954, 37.47260284400005 ], [ -86.287368773999958, 37.386871338000049 ], [ -86.330474853999988, 37.401130676000037 ], [ -86.304016112999989, 37.362335205000079 ], [ -86.322830199999942, 37.32578277600004 ], [ -86.34645080599995, 37.345558167000036 ], [ -86.330062865999935, 37.379318237000064 ], [ -86.361099242999956, 37.384422302000075 ], [ -86.36883544899996, 37.343315125000061 ], [ -86.324127196999939, 37.284782410000048 ], [ -86.327514647999976, 37.315322876000039 ], [ -86.245040893999942, 37.339530945000035 ], [ -86.299072265999939, 37.341072083000029 ], [ -86.246047973999964, 37.388664246000076 ], [ -86.283996581999986, 37.410751343000072 ], [ -86.208145141999978, 37.421218872000054 ], [ -86.174102782999967, 37.333351135000044 ], [ -86.231002807999971, 37.398132324000073 ], [ -86.206802367999956, 37.331214905000024 ], [ -86.261840819999975, 37.306991577000076 ], [ -86.221130370999958, 37.291740417000028 ], [ -86.242691039999954, 37.27748107900004 ], [ -86.274108886999954, 37.29698181200007 ], [ -86.238632201999962, 37.218307495000033 ], [ -86.288421630999949, 37.220016479000037 ], [ -86.267135619999976, 37.198524475000056 ], [ -86.305007934999935, 37.18122863800005 ], [ -86.298950194999975, 37.150321960000042 ], [ -86.313949584999989, 37.197616577000076 ], [ -86.326141356999983, 37.167457581000065 ], [ -86.388931273999958, 37.189987183000028 ], [ -86.413604735999968, 37.148200989000031 ], [ -86.43684387199994, 37.159820557000046 ], [ -86.510253905999946, 37.132324219000054 ], [ -86.540939330999947, 37.147041321000074 ], [ -86.58312988299997, 37.121650696000074 ], [ -86.594543456999986, 37.140029907000041 ], [ -86.711059569999975, 37.149856567000029 ], [ -86.706954955999947, 37.108268738000049 ], [ -86.786132811999948, 37.150787354000045 ], [ -86.822433471999943, 37.137527466000051 ], [ -86.828430175999983, 37.089942932000042 ], [ -86.893173217999959, 37.096458435000045 ], [ -86.896530150999979, 37.137557983000079 ], [ -86.919143676999965, 37.126815796000074 ], [ -86.904357909999987, 37.090934753000056 ], [ -86.974487304999968, 37.078704834000064 ], [ -86.950149535999969, 37.042327881000062 ], [ -86.986572265999939, 37.053970337000067 ], [ -87.019485473999964, 37.028785706000065 ], [ -87.002746581999986, 37.007751465000069 ], [ -87.070205687999987, 37.00811004600007 ], [ -87.123916625999982, 36.980087280000077 ], [ -87.069290160999969, 36.999336243000073 ], [ -87.075683593999941, 36.962509155000077 ], [ -87.181777953999983, 36.963806152000075 ], [ -87.166152953999983, 36.979270935000045 ], [ -87.19075012199994, 36.987915039000029 ], [ -87.151443480999944, 36.990745544000049 ], [ -87.189605712999935, 37.005912781000063 ], [ -87.156768798999963, 37.006652832000043 ], [ -87.227416991999974, 37.034507751000035 ], [ -87.166488646999937, 37.045478821000074 ], [ -87.216033935999974, 37.048919678000061 ], [ -87.242477416999975, 37.087913513000046 ], [ -87.161300658999949, 37.072776794000049 ], [ -87.152160644999981, 37.014396667000028 ], [ -87.121276854999962, 37.03776550300006 ], [ -87.16252136199995, 37.092315674000076 ], [ -87.247451781999985, 37.120285034000062 ], [ -87.336181640999939, 37.089561462000063 ], [ -87.352066039999954, 37.114189148000037 ], [ -87.463333129999967, 37.059951782000041 ], [ -87.617034911999951, 37.047142029000042 ], [ -87.767700194999975, 37.096786499000075 ], [ -87.751327514999957, 37.100303650000058 ], [ -87.735336303999986, 37.109085083000025 ], [ -87.79533386199995, 37.104949951000037 ], [ -87.75643920899995, 37.152610779000042 ], [ -87.875045775999979, 37.158233643000074 ], [ -87.788894652999943, 37.195861816000047 ], [ -87.815185546999942, 37.205314636000026 ], [ -87.837692260999972, 37.196395874000075 ], [ -87.844650268999942, 37.249473572000056 ], [ -88.003509520999955, 37.234001160000048 ], [ -87.854110717999959, 37.269866943000068 ], [ -87.950012206999986, 37.281234741000048 ], [ -87.944793700999981, 37.319198608000079 ], [ -87.983261107999965, 37.305679321000071 ], [ -88.003540038999972, 37.307907104000037 ], [ -87.934921264999957, 37.353950500000053 ], [ -87.983840941999972, 37.357048035000048 ], [ -87.958190917999957, 37.373619080000026 ], [ -87.957229613999971, 37.396827698000038 ], [ -87.986511229999962, 37.388893127000074 ], [ -88.000762938999969, 37.451324463000049 ], [ -88.071807860999968, 37.521743774000072 ], [ -88.157882689999951, 37.560272217000033 ], [ -88.291671752999946, 37.494625092000035 ], [ -88.195350646999941, 37.579727173000038 ], [ -88.436630248999961, 37.586254120000035 ], [ -88.461746215999938, 37.560333252000078 ], [ -88.41923522899998, 37.568161011000029 ], [ -88.504386901999965, 37.480468750000057 ], [ -88.508590697999978, 37.433357239000031 ], [ -88.690773009999987, 37.361248016000047 ], [ -88.525978087999988, 37.507503510000049 ], [ -88.734085082999968, 37.464588165000066 ], [ -88.733566283999949, 37.514225006000061 ], [ -88.88394164999994, 37.454486847000055 ], [ -88.912292479999962, 37.492557526000041 ], [ -88.973670958999946, 37.476741791000052 ], [ -88.997024535999969, 37.524101257000041 ], [ -89.146461486999954, 37.552795410000044 ], [ -89.163269042999957, 37.589199066000049 ], [ -89.212440490999938, 37.528625488000046 ], [ -89.222602843999937, 37.582153320000032 ], [ -89.267333983999947, 37.567714691000049 ], [ -89.275497436999956, 37.593936920000033 ], [ -89.288940429999968, 37.557994843000074 ], [ -89.291130065999937, 37.610073090000071 ], [ -89.31236267099996, 37.56793975800008 ], [ -89.368789672999981, 37.590270996000072 ], [ -89.391899108999951, 37.635944366000047 ], [ -89.344512938999969, 37.617919922000056 ], [ -89.353576659999987, 37.591697693000071 ], [ -89.334518432999971, 37.62722778300008 ], [ -89.448989867999956, 37.669990540000072 ], [ -89.417762755999945, 37.685314178000056 ], [ -89.431884765999939, 37.714004517000035 ], [ -89.507850646999941, 37.662803650000058 ], [ -89.460914611999954, 37.763172150000059 ], [ -89.529922484999986, 37.815551758000026 ], [ -89.545242309999935, 37.804119110000045 ], [ -89.584648131999984, 37.842548370000031 ], [ -89.604026793999935, 37.831703186000027 ], [ -89.656845092999959, 37.876865387000066 ], [ -89.681663513, 37.879261017000033 ], [ -89.672630309999988, 37.901779175000058 ], [ -89.631294249999939, 37.869647980000025 ], [ -89.648979186999952, 37.896270752000078 ], [ -89.703613280999946, 37.912021637000066 ], [ -89.716354369999976, 37.911094666000054 ], [ -89.700759887999936, 37.972740173000034 ], [ -89.762443541999971, 37.961894989000029 ], [ -89.73726654099994, 38.016109467000035 ], [ -89.879768371999944, 37.942295074000072 ], [ -89.892883300999983, 37.99215698200004 ], [ -89.840049743999941, 38.002906799000073 ], [ -89.818443297999977, 38.057964325000057 ], [ -89.843833922999977, 38.045452118000071 ], [ -89.852722167999957, 38.080829620000031 ], [ -89.816444396999941, 38.108982086000026 ], [ -89.885856627999942, 38.168125153000062 ], [ -89.890480041999979, 38.32246017500006 ], [ -89.920181273999958, 38.212028503000056 ], [ -89.964042663999976, 38.224575043000073 ], [ -89.954719542999953, 38.326683044000049 ], [ -90.002494811999952, 38.347339630000079 ], [ -90.00926971399997, 38.28179550200008 ], [ -90.04319000199996, 38.284626007000043 ], [ -90.069328307999967, 38.330924988000049 ], [ -90.043258666999975, 38.338565826000035 ], [ -90.093170165999936, 38.377937317000033 ], [ -90.07000732399996, 38.347385406000058 ], [ -90.119224547999977, 38.338199615000065 ], [ -90.094833373999961, 38.357295990000068 ], [ -90.150680541999975, 38.429519653000057 ], [ -90.113372802999947, 38.490001678000056 ], [ -90.121215819999975, 38.547267914000031 ], [ -90.037551879999967, 38.686344147000057 ], [ -90.049629210999967, 38.843101501000035 ], [ -90.128761291999979, 38.918342590000066 ], [ -90.140663146999941, 38.897956848000035 ], [ -90.197631835999971, 38.917858124000077 ], [ -90.229988097999978, 38.984252930000025 ], [ -90.210319518999938, 38.996414185000049 ], [ -90.283447265999939, 39.054328918000067 ], [ -90.299690246999944, 39.007369995000033 ], [ -90.35900116, 39.044113159000062 ], [ -90.343536376999964, 39.08458328200004 ], [ -90.375045775999979, 39.12527465800008 ], [ -90.316452025999979, 39.218189240000072 ], [ -90.251350402999947, 39.257831573000033 ], [ -90.339462279999964, 39.26309204100005 ], [ -90.424232482999969, 39.312633514000026 ], [ -90.299461364999956, 39.416881561000025 ], [ -90.428100585999971, 39.450298309000061 ], [ -90.521461486999954, 39.432941437000068 ], [ -90.465194701999962, 39.447525024000072 ], [ -90.451423644999977, 39.472541809000063 ], [ -90.492286681999985, 39.46800231900005 ], [ -90.415702819999979, 39.513511658000027 ], [ -90.446189879999963, 39.55543136600005 ], [ -90.340057372999979, 39.62026596100003 ], [ -90.457756041999971, 39.644653320000032 ], [ -90.507087707999972, 39.712524414000029 ], [ -90.479072570999961, 39.72774505600006 ], [ -90.531288146999941, 39.734607697000058 ], [ -90.481811522999976, 39.824989319000053 ], [ -90.50481414799998, 39.827980042000036 ], [ -90.379707335999967, 39.897716522000053 ], [ -90.389869689999955, 39.943065643000068 ], [ -90.342430114999956, 40.018264771000077 ], [ -90.220771789999958, 40.024681091000048 ], [ -90.169334411999955, 40.126358032000041 ], [ -90.051223754999967, 40.183734894000054 ], [ -89.997238158999949, 40.254283905000079 ], [ -89.767143249999947, 40.305030823000038 ], [ -89.845108031999985, 40.322059631000059 ], [ -89.870262145999959, 40.400230408000027 ], [ -89.93662261999998, 40.401618958000029 ], [ -90.057357788, 40.282794952000074 ], [ -90.16714477499994, 40.268768311000031 ], [ -90.218070983999951, 40.182514191000053 ], [ -90.367286681999985, 40.15847778300008 ], [ -90.412384032999967, 40.098285675000056 ], [ -90.428459166999971, 40.131645203000062 ], [ -90.419204711999953, 40.081710815000065 ], [ -90.463340758999948, 40.085269928000059 ], [ -90.502372741999977, 40.043060303000061 ], [ -90.544715880999945, 40.088642120000031 ], [ -90.553268432999971, 40.051971436000031 ], [ -90.510681151999961, 40.027137756000059 ], [ -90.578948974999946, 39.998497009000062 ], [ -90.582336425999983, 40.044746399000076 ], [ -90.655151366999974, 40.039234161000024 ], [ -90.668006896999941, 40.082954407000045 ], [ -90.630439757999966, 40.103549957000041 ], [ -90.67545318599997, 40.118286133000026 ], [ -90.610610961999953, 40.197784424000076 ], [ -90.666412353999988, 40.160324097000057 ], [ -90.658813476999967, 40.196338654000044 ], [ -90.694976806999989, 40.158958435000045 ], [ -90.740127562999987, 40.17999267600004 ], [ -90.697608947999981, 40.243522644000052 ], [ -90.789710998999965, 40.246250153000062 ], [ -90.743133544999978, 40.303516388000048 ], [ -90.749893187999987, 40.326412201000039 ], [ -90.801940917999957, 40.320117950000053 ], [ -90.708557128999985, 40.393981934000067 ], [ -90.614898681999989, 40.364662170000031 ], [ -90.647956847999978, 40.413299561000031 ], [ -90.627708434999988, 40.442569733000028 ], [ -90.515533446999939, 40.458049774000074 ], [ -90.530448913999976, 40.506702423000036 ], [ -90.487846374999947, 40.561885834000066 ], [ -90.536903380999945, 40.571006775000058 ], [ -90.521385192999958, 40.619892120000031 ], [ -90.554618834999985, 40.687679291000052 ], [ -90.540084838999974, 40.606853485000045 ], [ -90.58172607399996, 40.597866058000079 ], [ -90.531051635999972, 40.534088135000047 ], [ -90.59825897199994, 40.476352692000034 ], [ -90.894020080999951, 40.375839233000079 ], [ -90.906463622999979, 40.402656555000078 ], [ -90.793121337999935, 40.447505951000039 ], [ -90.933975219999979, 40.417892456000061 ], [ -90.878005980999944, 40.45218658400006 ], [ -90.983032226999967, 40.471332550000056 ], [ -90.890556334999985, 40.537651062000066 ], [ -90.968666076999966, 40.575069427000074 ], [ -90.911369323999963, 40.570278168000073 ], [ -90.937217711999949, 40.646080017000031 ], [ -90.894790648999958, 40.714065552000079 ], [ -90.840026854999962, 40.735980988000051 ], [ -90.835678100999985, 40.774902344000054 ], [ -90.787773131999984, 40.760158539000031 ], [ -90.800338744999976, 40.817672729000037 ], [ -90.739936828999987, 40.832035065000071 ], [ -90.700073241999974, 40.798461914000029 ], [ -90.63762664799998, 40.80908966100003 ], [ -90.64415741, 40.778038025000058 ], [ -90.60461425799997, 40.809928894000052 ], [ -90.516174316, 40.774726868000073 ], [ -90.453468322999981, 40.863391876000037 ], [ -90.53928375199996, 40.853630066000051 ], [ -90.545806885, 40.80143737800006 ], [ -90.585693358999947, 40.850921631000062 ], [ -90.659286498999961, 40.847778320000032 ], [ -90.60214233399995, 40.883342743000071 ], [ -90.683540343999937, 40.898483276000036 ], [ -90.560142516999974, 40.922107697000058 ], [ -90.723960875999978, 40.926143646000071 ], [ -90.570877074999942, 40.958644867000032 ], [ -90.66268920899995, 40.981891632000043 ], [ -90.666358947999981, 41.028411865000066 ], [ -90.740203856999983, 41.030941010000049 ], [ -90.687934874999939, 41.055133820000037 ], [ -90.747505188, 41.087947845000031 ], [ -90.696189879999963, 41.119197845000031 ], [ -90.787864684999988, 41.112648010000044 ], [ -90.793266295999956, 41.152843475000054 ], [ -90.866256713999974, 41.149421692000033 ], [ -90.894554138, 41.170021057000042 ], [ -90.872543334999989, 41.19145584100005 ], [ -90.941001891999974, 41.214282990000072 ], [ -90.953834533999952, 41.248962402000075 ], [ -90.893196105999948, 41.242977142000029 ], [ -90.927688598999964, 41.293079376000037 ], [ -90.98759460399998, 41.270111084000064 ], [ -90.999656676999962, 41.400516510000045 ], [ -90.67687988299997, 41.439525604000039 ], [ -90.535087584999985, 41.408226013000046 ], [ -90.433364867999956, 41.433116913000049 ], [ -90.413078307999967, 41.470031738000046 ], [ -90.567588805999947, 41.470943451000039 ], [ -90.556777953999983, 41.490951538000047 ], [ -90.382446288999972, 41.526153564000026 ], [ -90.378860473999964, 41.474479675000055 ], [ -90.352050780999946, 41.505878448000033 ] ], [ [ -90.477249145999963, 41.408004761000029 ], [ -90.473640441999976, 41.367641449000075 ], [ -90.591880797999977, 41.396293640000067 ], [ -90.575416564999955, 41.349086761000081 ], [ -90.482994079999969, 41.354709625000055 ], [ -90.462768554999968, 41.321239471000069 ], [ -90.45387268099995, 41.352287292000028 ], [ -90.380508422999981, 41.364669800000058 ], [ -90.446090697999978, 41.37043380700004 ], [ -90.477249145999963, 41.408004761000029 ] ], [ [ -88.764846801999965, 41.249759674000074 ], [ -88.983627318999936, 41.225471497000058 ], [ -88.996376037999937, 41.21459198000008 ], [ -88.764846801999965, 41.249759674000074 ] ], [ [ -90.484580993999941, 40.766239166000048 ], [ -90.44644164999994, 40.720829010000045 ], [ -90.435661315999937, 40.718921661000024 ], [ -90.444686889999957, 40.744430542000032 ], [ -90.484580993999941, 40.766239166000048 ] ], [ [ -90.584808349999946, 40.755779266000047 ], [ -90.57353210399998, 40.754207611000027 ], [ -90.56681823699995, 40.765727997000056 ], [ -90.584808349999946, 40.755779266000047 ] ], [ [ -90.474098205999951, 40.682826996000074 ], [ -90.47961425799997, 40.663879395000038 ], [ -90.459716796999942, 40.673946381000064 ], [ -90.474098205999951, 40.682826996000074 ] ], [ [ -90.400764464999952, 40.466594696000072 ], [ -90.368530272999976, 40.458770752000078 ], [ -90.42262268099995, 40.451164246000076 ], [ -90.340087890999939, 40.443614960000048 ], [ -90.361610412999937, 40.491378784000062 ], [ -90.400764464999952, 40.466594696000072 ] ], [ [ -88.330520629999967, 40.019771576000039 ], [ -88.272247313999969, 40.029663086000028 ], [ -88.204368591, 40.083908081000061 ], [ -88.230751037999937, 40.080757141000049 ], [ -88.330520629999967, 40.019771576000039 ] ], [ [ -88.327072143999942, 39.916641235000043 ], [ -88.279113769999981, 39.759265900000059 ], [ -88.222343444999979, 39.693073273000039 ], [ -88.195564269999977, 39.878879547000054 ], [ -88.249084472999982, 39.967735291000054 ], [ -88.327072143999942, 39.916641235000043 ] ], [ [ -87.20103454599996, 39.922832489000029 ], [ -87.284736632999966, 39.920925140000065 ], [ -87.18538665799997, 39.900852203000056 ], [ -87.20103454599996, 39.922832489000029 ] ], [ [ -87.124916076999966, 39.929508209000062 ], [ -87.126335143999938, 39.920078278000062 ], [ -87.121047973999964, 39.929309845000034 ], [ -87.124916076999966, 39.929508209000062 ] ], [ [ -87.045402526999965, 39.670795441000053 ], [ -87.069709777999947, 39.664211273000035 ], [ -87.074935913, 39.658454895000034 ], [ -87.057365416999971, 39.658473969000056 ], [ -87.045402526999965, 39.670795441000053 ] ], [ [ -86.891105651999965, 39.398704529000042 ], [ -86.870658874999947, 39.38275909400005 ], [ -86.85942840599995, 39.39093017600004 ], [ -86.891105651999965, 39.398704529000042 ] ], [ [ -86.898284911999951, 39.39049148600003 ], [ -86.90165710399998, 39.38008880600006 ], [ -86.88498687699996, 39.381416321000074 ], [ -86.898284911999951, 39.39049148600003 ] ], [ [ -86.923324584999989, 39.359924316000047 ], [ -86.963088988999971, 39.354839325000057 ], [ -86.909477233999951, 39.345546722000051 ], [ -86.923324584999989, 39.359924316000047 ] ], [ [ -86.782829284999934, 38.905136108000079 ], [ -86.840148925999983, 38.901027679000038 ], [ -86.847045897999976, 38.881149292000032 ], [ -86.803344726999967, 38.88099670400004 ], [ -86.782829284999934, 38.905136108000079 ] ], [ [ -86.789550780999946, 38.881111145000034 ], [ -86.838287353999988, 38.814788818000068 ], [ -86.852134704999969, 38.841201782000041 ], [ -86.863594054999965, 38.716197968000074 ], [ -86.805870055999947, 38.776699066000049 ], [ -86.847145080999951, 38.783145905000026 ], [ -86.802742003999981, 38.803886414000033 ], [ -86.844711303999986, 38.802867889000026 ], [ -86.791007995999962, 38.816776276000041 ], [ -86.818069457999968, 38.828815460000044 ], [ -86.771217345999958, 38.862136841000051 ], [ -86.799873351999963, 38.85843658400006 ], [ -86.789550780999946, 38.881111145000034 ] ], [ [ -86.677230834999989, 38.520175934000065 ], [ -86.729064941, 38.509471893000068 ], [ -86.760276793999935, 38.486045837000063 ], [ -86.677230834999989, 38.520175934000065 ] ], [ [ -90.117279052999947, 38.469261169000049 ], [ -90.106170653999982, 38.46475982700008 ], [ -90.104019164999954, 38.480091095000034 ], [ -90.117279052999947, 38.469261169000049 ] ], [ [ -90.115112304999968, 38.431270599000072 ], [ -90.117294311999956, 38.422863007000046 ], [ -90.104797362999989, 38.427452087000063 ], [ -90.115112304999968, 38.431270599000072 ] ], [ [ -86.763656615999935, 38.425819397000055 ], [ -86.754058837999935, 38.410343170000033 ], [ -86.741722106999987, 38.424560547000056 ], [ -86.763656615999935, 38.425819397000055 ] ], [ [ -89.993019103999984, 38.403442383000026 ], [ -89.993423461999953, 38.398513794000053 ], [ -89.989173888999971, 38.400630951000039 ], [ -89.993019103999984, 38.403442383000026 ] ], [ [ -90.049308776999965, 38.394294739000031 ], [ -90.054817199999945, 38.391700745000037 ], [ -90.047805785999969, 38.386459351000042 ], [ -90.049308776999965, 38.394294739000031 ] ], [ [ -90.031814574999942, 38.384300232000044 ], [ -90.037727355999948, 38.382045746000074 ], [ -90.032775878999985, 38.379989624000075 ], [ -90.031814574999942, 38.384300232000044 ] ], [ [ -90.078399657999967, 38.37516021700003 ], [ -90.08134460399998, 38.38721466100003 ], [ -90.084625243999938, 38.385101318000068 ], [ -90.078399657999967, 38.37516021700003 ] ], [ [ -86.736892699999942, 38.365127563000044 ], [ -86.74807739299996, 38.333312988000046 ], [ -86.724403380999945, 38.343662262000066 ], [ -86.736892699999942, 38.365127563000044 ] ], [ [ -86.629898070999957, 38.321361542000034 ], [ -86.71363067599998, 38.301887512000064 ], [ -86.740661620999958, 38.204319 ], [ -86.789962768999942, 38.187122345000034 ], [ -86.766830443999936, 38.219364166000048 ], [ -86.75038909899996, 38.283977509000067 ], [ -86.80705261199995, 38.17690658600003 ], [ -86.801887511999951, 38.162952423000036 ], [ -86.764480590999938, 38.195632935000049 ], [ -86.683776854999962, 38.19541931200007 ], [ -86.664405822999981, 38.249725342000033 ], [ -86.620040893999942, 38.271049500000061 ], [ -86.699783324999942, 38.243766785000048 ], [ -86.679412841999977, 38.291603088000045 ], [ -86.670028686999956, 38.281105042000036 ], [ -86.654258727999945, 38.280189514000028 ], [ -86.673477172999981, 38.29671096800007 ], [ -86.59111022899998, 38.282825470000034 ], [ -86.667594909999934, 38.305953979000037 ], [ -86.629898070999957, 38.321361542000034 ] ], [ [ -86.606918334999989, 38.257038116000047 ], [ -86.667587279999964, 38.221378326000035 ], [ -86.680511474999946, 38.157917023000039 ], [ -86.689712523999958, 38.189147949000073 ], [ -86.709159850999981, 38.147109985000043 ], [ -86.731140136999954, 38.157169342000032 ], [ -86.745803832999968, 38.075630188000048 ], [ -86.679992675999983, 38.092727661000026 ], [ -86.624389647999976, 38.067882538000049 ], [ -86.64370727499994, 38.090213776000041 ], [ -86.617286681999985, 38.11046981800007 ], [ -86.675483703999987, 38.105144501000041 ], [ -86.609077453999987, 38.113410950000059 ], [ -86.634170531999985, 38.124496460000046 ], [ -86.609275817999958, 38.160518646000071 ], [ -86.696090697999978, 38.100769043000071 ], [ -86.694419860999972, 38.125976563000052 ], [ -86.716278075999981, 38.095230103000063 ], [ -86.731643676999965, 38.117858887000068 ], [ -86.601959228999988, 38.179054260000044 ], [ -86.611183166999979, 38.204650879000042 ], [ -86.656814574999942, 38.177200317000029 ], [ -86.579879760999972, 38.224704742000029 ], [ -86.629333495999958, 38.220180511000081 ], [ -86.606918334999989, 38.257038116000047 ] ], [ [ -86.640541076999966, 38.067638397000053 ], [ -86.676307677999944, 38.081596375000061 ], [ -86.741233825999984, 38.069305420000035 ], [ -86.665016173999959, 38.051181793000069 ], [ -86.640541076999966, 38.067638397000053 ] ], [ [ -86.685028075999981, 38.040836334000062 ], [ -86.705734252999946, 38.048236847000055 ], [ -86.733665466, 38.043724060000045 ], [ -86.685028075999981, 38.040836334000062 ] ], [ [ -89.826622008999948, 38.011920929000041 ], [ -89.831367492999959, 38.002563477000024 ], [ -89.824295043999939, 38.003189087000067 ], [ -89.826622008999948, 38.011920929000041 ] ], [ [ -89.613975524999944, 37.869297028000062 ], [ -89.608306885, 37.845886230000076 ], [ -89.538848876999964, 37.850524902000075 ], [ -89.570327758999952, 37.871757507000041 ], [ -89.613975524999944, 37.869297028000062 ] ], [ [ -88.316528319999975, 37.709247589000029 ], [ -88.342498778999982, 37.704929352000079 ], [ -88.293395995999958, 37.705070496000076 ], [ -88.316528319999975, 37.709247589000029 ] ], [ [ -88.370483397999976, 37.701812744000051 ], [ -88.413726806999989, 37.69899749800004 ], [ -88.434188842999959, 37.673191071000076 ], [ -88.370483397999976, 37.701812744000051 ] ], [ [ -88.200340270999959, 37.699569702000076 ], [ -88.22340393099995, 37.700206757000046 ], [ -88.228179931999989, 37.697174072000053 ], [ -88.200340270999959, 37.699569702000076 ] ], [ [ -88.457946776999961, 37.619380951000039 ], [ -88.451072692999958, 37.588558197000054 ], [ -88.443649291999975, 37.640430450000053 ], [ -88.457946776999961, 37.619380951000039 ] ], [ [ -88.203697204999969, 37.558765411000024 ], [ -88.227569579999965, 37.546993256000064 ], [ -88.231300353999984, 37.537235260000045 ], [ -88.203697204999969, 37.558765411000024 ] ], [ [ -86.852767943999936, 39.030723572000056 ], [ -86.834480285999973, 39.031860352000081 ], [ -86.834022521999941, 39.034008026000038 ], [ -86.852767943999936, 39.030723572000056 ] ], [ [ -86.871040343999937, 39.41109085100004 ], [ -86.854980468999941, 39.413742065000065 ], [ -86.829704284999934, 39.418281555000078 ], [ -86.871040343999937, 39.41109085100004 ] ], [ [ -86.946517943999936, 39.78385925300006 ], [ -86.937873839999952, 39.77434158300008 ], [ -86.935317992999956, 39.786571503000062 ], [ -86.946517943999936, 39.78385925300006 ] ] ], [ [ [ -90.336235045999956, 41.571308136000027 ], [ -90.335456847999978, 41.541244507000044 ], [ -90.403915404999964, 41.537677765000069 ], [ -90.388320922999981, 41.565082550000056 ], [ -90.336235045999956, 41.571308136000027 ] ] ], [ [ [ -90.116592406999985, 41.708507538000049 ], [ -90.126739501999964, 41.709293365000065 ], [ -90.116195678999986, 41.712722778000057 ], [ -90.116592406999985, 41.708507538000049 ] ] ], [ [ [ -89.516090392999956, 41.708068848000039 ], [ -89.375144957999964, 41.681201935000047 ], [ -89.402687072999981, 41.626991272000055 ], [ -89.386756896999941, 41.589420319000055 ], [ -89.423385619999976, 41.559783936000031 ], [ -89.493164061999948, 41.60437011700003 ], [ -89.520210265999935, 41.662902832000043 ], [ -89.516090392999956, 41.708068848000039 ] ] ], [ [ [ -90.082099914999958, 41.766708374000075 ], [ -90.088775635, 41.767620087000068 ], [ -90.082221985, 41.771606445000032 ], [ -90.082099914999958, 41.766708374000075 ] ] ], [ [ [ -90.06340789799998, 41.788597107000044 ], [ -90.067573546999938, 41.78922271700003 ], [ -90.062599181999985, 41.792888641000047 ], [ -90.06340789799998, 41.788597107000044 ] ] ], [ [ [ -89.98421478299997, 41.812294006000059 ], [ -89.989562987999989, 41.80878830000006 ], [ -89.989013671999942, 41.812919617000034 ], [ -89.98421478299997, 41.812294006000059 ] ] ], [ [ [ -89.759048461999953, 41.813854218000074 ], [ -89.763923644999977, 41.817008972000053 ], [ -89.760475158999952, 41.818901062000066 ], [ -89.759048461999953, 41.813854218000074 ] ] ], [ [ [ -89.958198546999938, 41.824993134000067 ], [ -89.95158386199995, 41.822547913000051 ], [ -89.958526610999968, 41.82155227700008 ], [ -89.958198546999938, 41.824993134000067 ] ] ], [ [ [ -89.988647460999971, 41.825778961000026 ], [ -89.995704650999983, 41.825386047000052 ], [ -89.993377685999974, 41.830692291000048 ], [ -89.988647460999971, 41.825778961000026 ] ] ] ] } },
{ "type": "Feature", "properties": { }, "geometry": { "type": "Polygon", "coordinates": [ [ [ -94.779846191, 42.527854919000049 ], [ -94.721710204999965, 42.527851105000025 ], [ -94.760040282999967, 42.475116730000025 ], [ -94.680664062999938, 42.498973846000069 ], [ -94.618743895999955, 42.432731628000056 ], [ -94.503723144999981, 42.404109955000081 ], [ -94.515380858999947, 42.370288849000076 ], [ -94.574768066, 42.314193726000042 ], [ -94.631713866999974, 42.400882721000073 ], [ -94.703979491999974, 42.40619659400005 ], [ -94.74736022899998, 42.316326141000047 ], [ -94.871490478999988, 42.423240662000069 ], [ -95.233459472999982, 42.309597015000065 ], [ -95.110824584999989, 42.406364441000051 ], [ -95.056808471999943, 42.552310944000055 ], [ -94.89617919899996, 42.493316650000054 ], [ -94.778564452999944, 42.616828918000067 ], [ -94.779846191, 42.527854919000049 ] ] ] } },
{ "type": "Feature", "properties": { }, "geometry": { "type": "Polygon", "coordinates": [ [ [ -109.647743224999942, 49.000198364000028 ], [ -109.487792968999941, 48.912147522000055 ], [ -108.803573607999965, 48.740772247000052 ], [ -108.590187072999981, 48.613513947000058 ], [ -108.470932006999988, 48.50093460100004 ], [ -108.341186522999976, 48.305732727000077 ], [ -108.294853209999985, 48.122512817000029 ], [ -108.32922363299997, 47.861381531000063 ], [ -108.441902160999973, 47.730693817000031 ], [ -108.751319884999987, 47.534812927000075 ], [ -109.084877013999971, 47.399524689000032 ], [ -109.17931366, 47.321525574000077 ], [ -109.432342528999982, 47.32017898600003 ], [ -109.599243163999972, 47.25137329100005 ], [ -109.702308654999968, 47.305038452000076 ], [ -109.643539428999986, 47.328971863000049 ], [ -109.631233214999952, 47.371444702000076 ], [ -109.883438109999986, 47.345062256000062 ], [ -109.908332824999945, 47.357196808000026 ], [ -109.89527893099995, 47.42340850800008 ], [ -110.02665710399998, 47.395683289000033 ], [ -109.881156920999956, 47.49771499600007 ], [ -109.945617675999983, 47.482700348000037 ], [ -110.030227660999969, 47.513107300000058 ], [ -110.064239501999964, 47.471294403000059 ], [ -110.187881469999979, 47.530406952000078 ], [ -110.164192199999945, 47.611606598000037 ], [ -110.224563598999964, 47.636890411000081 ], [ -110.235572814999955, 47.719413757000041 ], [ -110.278312682999967, 47.766498566000053 ], [ -110.447647094999979, 47.742477417000032 ], [ -110.493652343999941, 47.685470581000061 ], [ -110.547416686999952, 47.686702728000057 ], [ -110.453903197999978, 47.762142181000058 ], [ -110.436332702999948, 47.825366974000076 ], [ -110.287971496999944, 47.925086975000056 ], [ -110.305053710999971, 47.963336945000037 ], [ -110.602966308999953, 48.034439087000067 ], [ -110.713516234999986, 47.956771851000042 ], [ -110.859878539999954, 48.015689850000058 ], [ -110.921592711999949, 47.996597290000068 ], [ -110.932502746999944, 47.954692841000053 ], [ -111.034843444999979, 47.95421981800007 ], [ -111.041282653999986, 48.077846527000077 ], [ -111.073310851999963, 48.095195770000032 ], [ -111.204597472999978, 48.077442169000051 ], [ -111.138603209999985, 48.016071320000037 ], [ -111.160911559999988, 48.005580902000077 ], [ -111.240219116, 48.043254852000075 ], [ -111.226806640999939, 48.086925507000046 ], [ -110.995491027999947, 48.179916382000044 ], [ -111.199859618999938, 48.187938690000067 ], [ -111.173049926999965, 48.201969147000057 ], [ -110.848342895999963, 48.218685150000056 ], [ -110.770362853999984, 48.257266998000034 ], [ -110.795562743999938, 48.284626007000043 ], [ -110.920227050999983, 48.25968170200008 ], [ -111.075599669999974, 48.307399750000059 ], [ -111.125633239999956, 48.363819122000052 ], [ -111.113327025999979, 48.402858734000063 ], [ -111.238349914999958, 48.451564789000031 ], [ -111.263473510999972, 48.623298645000034 ], [ -111.334068297999977, 48.670837402000075 ], [ -111.30776977499994, 48.704296112000065 ], [ -111.067733764999957, 48.701385498000036 ], [ -110.944976806999989, 48.773559570000032 ], [ -110.893646239999953, 48.838016510000045 ], [ -110.862197875999982, 49.000572205000026 ], [ -109.647743224999942, 49.000198364000028 ] ], [ [ -109.573966979999966, 48.440608978000057 ], [ -109.702316283999949, 48.400882721000073 ], [ -109.755882263, 48.419723511000029 ], [ -109.820953368999938, 48.340328217000035 ], [ -109.800910949999945, 48.218006134000063 ], [ -109.844963073999963, 48.170104980000076 ], [ -109.366226195999957, 48.318233490000068 ], [ -109.384140014999957, 48.357406616000048 ], [ -109.490730285999973, 48.405056 ], [ -109.44103241, 48.471214294000049 ], [ -109.568397521999941, 48.503036499000075 ], [ -109.573966979999966, 48.440608978000057 ] ], [ [ -109.287406920999956, 48.347103119000053 ], [ -109.319221496999944, 48.279811859000063 ], [ -109.505332946999943, 48.255569458000082 ], [ -109.788696288999972, 48.136280060000047 ], [ -109.825668334999989, 48.095504761000029 ], [ -109.839286803999983, 48.000682831000063 ], [ -109.609756469999979, 47.967948914000033 ], [ -109.518272399999944, 47.994117737000067 ], [ -109.515419005999945, 47.938846588000047 ], [ -109.379203795999956, 47.905471802000079 ], [ -109.326576232999969, 47.937046051000038 ], [ -109.267372130999945, 47.926979065000069 ], [ -109.255470275999983, 48.02473068200004 ], [ -109.304176330999951, 48.086048126000037 ], [ -109.083366393999938, 48.148368835000042 ], [ -109.030647277999947, 48.256351471000073 ], [ -109.12893676799996, 48.255935669000053 ], [ -109.027282714999956, 48.292621613000051 ], [ -109.089447020999955, 48.300083160000042 ], [ -109.111488341999973, 48.339469910000048 ], [ -109.169960021999941, 48.320533752000074 ], [ -109.287406920999956, 48.347103119000053 ] ], [ [ -108.706962584999985, 48.021881104000045 ], [ -108.770927428999983, 47.884071350000056 ], [ -108.726570128999981, 47.839588165000066 ], [ -108.62609863299997, 47.858150482000042 ], [ -108.524436950999984, 47.808692932000042 ], [ -108.358100891, 47.879188538000051 ], [ -108.413597106999987, 47.893035889000032 ], [ -108.355476378999981, 47.946365356000058 ], [ -108.433616638, 47.993572235000045 ], [ -108.455902099999946, 48.047782898000037 ], [ -108.706962584999985, 48.021881104000045 ] ] ] } },
{ "type": "Feature", "properties": { }, "geometry": { "type": "Polygon", "coordinates": [ [ [ -111.755577086999949, 49.00074386600005 ], [ -110.862197875999982, 49.000572205000026 ], [ -110.893646239999953, 48.838016510000045 ], [ -111.067733764999957, 48.701385498000036 ], [ -111.327308654999968, 48.70029068000008 ], [ -111.617706298999963, 48.874137878000056 ], [ -111.700981139999953, 48.853851318000068 ], [ -111.714141845999961, 48.948928833000082 ], [ -111.755577086999949, 49.00074386600005 ] ], [ [ -111.542762755999945, 48.976448059000063 ], [ -111.63231658899997, 48.968303680000076 ], [ -111.643997191999972, 48.951927185000045 ], [ -111.588691710999967, 48.896450043000073 ], [ -111.528358458999946, 48.895122528000059 ], [ -111.489959716999977, 48.938362122000058 ], [ -111.542762755999945, 48.976448059000063 ] ], [ [ -111.053390502999946, 48.892631531000063 ], [ -111.22521209699994, 48.866195679000043 ], [ -111.217582702999948, 48.79249954200003 ], [ -111.069473266999978, 48.772113800000056 ], [ -111.018257141, 48.846534729000041 ], [ -111.053390502999946, 48.892631531000063 ] ], [ [ -111.342826842999955, 48.859203339000032 ], [ -111.389717101999963, 48.83235931400003 ], [ -111.383872985999972, 48.812728882000044 ], [ -111.307510375999982, 48.821186066000053 ], [ -111.342826842999955, 48.859203339000032 ] ] ] } },
{ "type": "Feature", "properties": { }, "geometry": { "type": "Polygon", "coordinates": [ [ [ -112.876373291, 49.00010681200007 ], [ -111.870376586999953, 49.000450134000062 ], [ -112.008666991999974, 48.903064728000061 ], [ -111.978591918999939, 48.845272064000028 ], [ -112.000976562999938, 48.782917023000039 ], [ -112.076553344999979, 48.801845551000042 ], [ -112.15985107399996, 48.722358704000044 ], [ -112.166709899999944, 48.642303467000033 ], [ -112.126739501999964, 48.612724304000039 ], [ -112.161293029999968, 48.529067993000069 ], [ -112.067802428999983, 48.477718353000057 ], [ -112.252807616999974, 48.45147705100004 ], [ -112.074409485, 48.413887024000076 ], [ -112.129066466999973, 48.360927582000045 ], [ -112.00698852499994, 48.316604614000028 ], [ -112.17314147899998, 48.21380233800005 ], [ -112.089340209999989, 48.223693848000039 ], [ -112.072776794, 48.176818848000039 ], [ -112.012641906999988, 48.172241211000028 ], [ -112.221527099999946, 48.116165161000026 ], [ -112.365402221999943, 48.010097504000044 ], [ -112.260818480999944, 47.971729279000044 ], [ -112.282577514999957, 47.887180328000056 ], [ -112.200973510999972, 47.804927826000039 ], [ -112.212112426999965, 47.744251251000037 ], [ -112.119178771999941, 47.741622925000058 ], [ -112.096076964999952, 47.676826477000077 ], [ -112.025642394999977, 47.63911438000008 ], [ -112.032699584999989, 47.610912323000036 ], [ -111.948219298999959, 47.578109741000048 ], [ -111.977798461999953, 47.536716461000026 ], [ -111.951446532999967, 47.47240448000008 ], [ -111.799583434999988, 47.436504364000029 ], [ -111.875556945999961, 47.418910980000078 ], [ -111.827476500999978, 47.334774017000029 ], [ -111.886001586999953, 47.276802063000048 ], [ -111.906448363999971, 47.310485840000069 ], [ -111.973022460999971, 47.274631500000055 ], [ -112.070472716999973, 47.308105469000054 ], [ -112.131591796999942, 47.39901351900005 ], [ -112.356056212999988, 47.590988159000062 ], [ -112.556968688999973, 47.656799316000047 ], [ -112.52599334699994, 47.760917664000033 ], [ -112.570579528999986, 47.829353333000029 ], [ -112.55455017099996, 47.934818268000072 ], [ -112.62007904099994, 48.034366608000028 ], [ -112.740547179999965, 48.110191345000032 ], [ -112.760879516999978, 48.177230835000046 ], [ -112.716102599999942, 48.254909515000065 ], [ -112.823211669999978, 48.433982849000074 ], [ -112.822547913, 48.52585601800007 ], [ -112.896438598999964, 48.645748138000044 ], [ -112.887527465999938, 48.797901154000044 ], [ -112.857818603999988, 48.814510345000031 ], [ -112.948066710999967, 48.850517273000037 ], [ -112.883529663, 48.908378601000038 ], [ -112.876373291, 49.00010681200007 ] ] ] } },
{ "type": "Feature", "properties": { }, "geometry": { "type": "Polygon", "coordinates": [ [ [ -113.303573607999965, 48.924686432000044 ], [ -113.325447082999972, 48.926712036000026 ], [ -113.341087341, 48.966861725000058 ], [ -113.307159423999963, 48.970684052000081 ], [ -113.303573607999965, 48.924686432000044 ] ] ] } },
{ "type": "Feature", "properties": { }, "geometry": { "type": "Polygon", "coordinates": [ [ [ -112.994613646999937, 48.694438934000061 ], [ -113.102409363, 48.795616150000058 ], [ -113.142906188999973, 48.887561798000036 ], [ -113.066749572999981, 48.853443146000075 ], [ -112.994613646999937, 48.694438934000061 ] ] ] } },
{ "type": "Feature", "properties": { }, "geometry": { "type": "Polygon", "coordinates": [ [ [ -100.44410705599995, 47.723430634000067 ], [ -100.21858978299997, 47.67242050200008 ], [ -100.113357543999939, 47.602024078000056 ], [ -99.972305297999981, 47.432140350000054 ], [ -99.83316039999994, 47.103240967000033 ], [ -99.845939635999969, 46.898864746000072 ], [ -99.938041686999952, 46.803058624000073 ], [ -100.092346191, 46.718395233000081 ], [ -100.576026916999979, 46.588813782000045 ], [ -100.612159728999984, 46.518905640000071 ], [ -100.812820435, 46.391704559000061 ], [ -100.813652038999976, 46.363185883000028 ], [ -100.633811950999984, 46.297561646000077 ], [ -100.646316527999943, 46.270378113000049 ], [ -100.769309997999983, 46.292373657000041 ], [ -100.782882689999951, 46.222419739000031 ], [ -100.855628966999973, 46.245544434000067 ], [ -100.902076720999958, 46.214744568000071 ], [ -100.755577086999949, 46.145584106000058 ], [ -100.778762816999972, 46.112472534000062 ], [ -100.742057799999941, 46.095684052000081 ], [ -100.747619628999985, 46.046176910000042 ], [ -100.798072814999955, 46.023578644000054 ], [ -100.680412291999971, 45.985168457000043 ], [ -100.716262816999972, 45.909301758000026 ], [ -100.866043090999938, 45.913917542000036 ], [ -100.935653686999956, 45.859355927000081 ], [ -101.118721007999966, 45.870567322000056 ], [ -101.181037902999947, 45.841709137000066 ], [ -101.153930663999972, 45.805027008000081 ], [ -101.285453795999956, 45.803821564000032 ], [ -101.336196898999958, 45.74463653600003 ], [ -101.313827514999957, 45.724613190000071 ], [ -101.557281493999938, 45.693401337000068 ], [ -101.541671752999946, 45.597541809000063 ], [ -101.499092101999963, 45.643985748000034 ], [ -101.34768676799996, 45.667888641000047 ], [ -101.31729126, 45.603713989000028 ], [ -101.34602356, 45.547187805000078 ], [ -101.302330016999974, 45.527545929000041 ], [ -101.354797362999989, 45.468254089000027 ], [ -101.201553344999979, 45.422630310000045 ], [ -101.255523681999989, 45.37335205100004 ], [ -101.387672423999959, 45.358104706000063 ], [ -101.351898192999954, 45.300624847000051 ], [ -101.445381164999958, 45.315689087000067 ], [ -101.414009093999937, 45.242794037000067 ], [ -101.490592957, 45.239700317000029 ], [ -101.598823546999938, 45.337482452000074 ], [ -101.59504699699994, 45.279716492000034 ], [ -101.901382445999957, 45.254478455000026 ], [ -101.767791747999979, 45.205505371000072 ], [ -102.289260863999971, 45.250827789000027 ], [ -102.251403808999953, 45.203163147000055 ], [ -102.420372008999948, 45.18587493900003 ], [ -102.390258788999972, 45.149471283000025 ], [ -101.989883422999981, 45.18904113800005 ], [ -101.922431945999961, 45.15413284300007 ], [ -101.907508849999942, 45.101951599000074 ], [ -101.823219298999959, 45.118152618000067 ], [ -101.759887694999975, 45.065425873000038 ], [ -101.713996886999951, 45.089828491000048 ], [ -101.590667724999946, 45.067893982000044 ], [ -101.648262023999962, 45.02126312300004 ], [ -101.808036803999983, 45.021629333000078 ], [ -101.846511840999938, 44.951194763000046 ], [ -101.911552428999983, 44.988758087000065 ], [ -101.907630919999974, 44.922607422000056 ], [ -102.085899352999945, 44.947723389000032 ], [ -102.03733062699996, 44.889545441000053 ], [ -102.070587157999967, 44.84405517600004 ], [ -102.152709960999971, 44.928318024000077 ], [ -102.271217345999958, 44.842655182000044 ], [ -102.440612792999957, 44.88234329200003 ], [ -102.468086242999959, 44.819778442000029 ], [ -102.574256896999941, 44.823577881000062 ], [ -102.704963683999949, 44.875450134000062 ], [ -102.731796264999957, 44.917236328000058 ], [ -102.798377990999938, 44.924942017000035 ], [ -102.815147399999944, 44.959484100000054 ], [ -102.904228209999985, 44.948837280000077 ], [ -102.922866820999957, 44.992977142000029 ], [ -102.898788451999962, 45.030021667000028 ], [ -102.675148009999987, 45.132003784000062 ], [ -102.80171966599994, 45.216987610000047 ], [ -102.855720519999977, 45.192348480000078 ], [ -102.932373046999942, 45.241344452000078 ], [ -103.139839171999938, 45.256851196000071 ], [ -103.168510436999952, 45.249813080000081 ], [ -103.133880614999953, 45.217475891000049 ], [ -103.226478576999966, 45.176948547000052 ], [ -103.297767638999971, 45.205211639000026 ], [ -103.640869140999939, 45.222393036000028 ], [ -103.781463622999979, 45.284076691000053 ], [ -103.791130065999937, 45.261154175000058 ], [ -103.908096312999987, 45.327030182000044 ], [ -104.072257995999962, 45.488281250000057 ], [ -104.208053588999974, 45.484958649000077 ], [ -104.284896850999985, 45.522914886000081 ], [ -104.330200194999975, 45.619319916000052 ], [ -104.329689025999983, 45.71007919300007 ], [ -104.304351806999989, 45.729682922000052 ], [ -104.549888610999972, 45.745018005000077 ], [ -104.705421447999981, 45.691101074000073 ], [ -104.772773742999959, 45.637706757000046 ], [ -104.778312682999967, 45.580314636000026 ], [ -104.882392882999966, 45.584457397000051 ], [ -104.99083709699994, 45.708744049000074 ], [ -104.943901061999952, 45.805465698000035 ], [ -104.952651977999949, 45.901119232000042 ], [ -105.036109923999959, 46.039833069000053 ], [ -105.15825653099995, 46.13319778400006 ], [ -105.194351195999957, 46.208419800000058 ], [ -105.209159850999981, 46.275844574000075 ], [ -105.159072875999982, 46.30265045200008 ], [ -104.933792113999971, 46.198715210000046 ], [ -104.932373046999942, 46.178417206000063 ], [ -104.979530333999946, 46.18684005700004 ], [ -104.911651610999968, 46.134231567000029 ], [ -104.931533812999987, 46.060291290000066 ], [ -104.893371581999986, 46.030883789000029 ], [ -104.879531859999986, 45.949672699000075 ], [ -104.799560546999942, 45.864055634000067 ], [ -104.688636779999968, 45.809898376000035 ], [ -104.691368102999945, 45.761154175000058 ], [ -104.755928039999958, 45.731033325000055 ], [ -104.739799499999947, 45.710857391000047 ], [ -104.628753661999951, 45.787731171000075 ], [ -104.448486327999944, 45.778793335000046 ], [ -104.419242858999951, 45.832893372000058 ], [ -104.301338195999961, 45.862632751000035 ], [ -104.315101623999965, 45.928649902000075 ], [ -104.192359923999959, 45.931056976000036 ], [ -104.324859618999938, 46.062145233000081 ], [ -104.268760680999947, 46.129093170000033 ], [ -104.27456664999994, 46.162597656000059 ], [ -104.415893554999968, 46.24623107900004 ], [ -104.407096863, 46.292461395000032 ], [ -104.52417755099998, 46.396522522000055 ], [ -104.500259398999958, 46.424186707000047 ], [ -104.328338622999979, 46.384365082000045 ], [ -104.203811645999963, 46.22895813000008 ], [ -104.176643371999944, 46.096103668000069 ], [ -103.907356261999951, 45.92685318000008 ], [ -103.773086547999981, 45.887992859000065 ], [ -103.845298766999974, 45.987941742000032 ], [ -103.864067077999948, 46.077568054000039 ], [ -103.918403624999939, 46.123947144000056 ], [ -103.909729003999985, 46.188911438000048 ], [ -103.939559936999956, 46.237712860000045 ], [ -104.194252013999971, 46.347541809000063 ], [ -104.258216857999969, 46.462779999000077 ], [ -104.331443786999955, 46.502479553000057 ], [ -104.374328612999989, 46.613193512000066 ], [ -104.463996886999951, 46.686267853000061 ], [ -104.444702147999976, 46.74604034400005 ], [ -104.635383605999948, 46.90487289400005 ], [ -104.634086608999951, 46.953147888000046 ], [ -104.702262877999942, 46.976242065000065 ], [ -104.662490844999979, 47.008586884000067 ], [ -104.732299804999968, 47.044456482000044 ], [ -104.695793151999965, 47.143268585000044 ], [ -104.843711852999945, 47.074932098000033 ], [ -104.871856688999969, 47.013572693000071 ], [ -104.934707641999978, 47.106407166000054 ], [ -104.806617736999954, 47.120712280000077 ], [ -104.810470580999947, 47.174118042000032 ], [ -104.73638153099995, 47.176403046000075 ], [ -104.639183044, 47.274513245000037 ], [ -104.495422362999989, 47.291126251000037 ], [ -104.61367034899996, 47.23421096800007 ], [ -104.669403075999981, 47.121833801000037 ], [ -104.544982909999987, 47.076690674000076 ], [ -104.378021239999953, 46.955535889000032 ], [ -104.351600646999941, 46.790481567000029 ], [ -104.378967284999987, 46.740543365000065 ], [ -104.35904693599997, 46.648857117000034 ], [ -104.305793761999951, 46.586631775000058 ], [ -104.202163695999957, 46.500740051000037 ], [ -104.091018676999965, 46.508960724000076 ], [ -103.889328002999946, 46.454563141000051 ], [ -103.877372741999977, 46.376842499000077 ], [ -103.793006896999941, 46.311973572000056 ], [ -103.817970275999983, 46.273757935000049 ], [ -103.804733275999979, 46.208457947000056 ], [ -103.727890014999957, 46.022163391000049 ], [ -103.767478942999958, 45.947502136000026 ], [ -103.580879210999967, 45.999843597000051 ], [ -103.366577147999976, 45.982666016000053 ], [ -103.24521636999998, 45.923595428000056 ], [ -103.270500182999967, 45.888423920000037 ], [ -103.413291930999947, 45.857479095000031 ], [ -103.545196532999967, 45.889392853000061 ], [ -103.361793517999956, 45.945426941000051 ], [ -103.60709381099997, 45.941509247000056 ], [ -103.647537230999944, 45.929561615000068 ], [ -103.673759459999985, 45.858734131000062 ], [ -103.580917357999965, 45.795017242000029 ], [ -103.547019957999964, 45.806732178000061 ], [ -103.59554290799997, 45.858615875000055 ], [ -103.572593688999973, 45.864578247000054 ], [ -103.490951538, 45.796676636000029 ], [ -103.268493651999961, 45.69985199000007 ], [ -103.181213378999985, 45.708808899000076 ], [ -103.014266967999959, 45.652656555000078 ], [ -102.802452086999949, 45.690818787000069 ], [ -102.42666626, 45.640197754000042 ], [ -102.317962645999955, 45.666984558000081 ], [ -102.285278319999975, 45.695480347000057 ], [ -102.392921447999981, 45.791236877000074 ], [ -102.362930297999981, 45.888015747000054 ], [ -102.479042052999944, 45.956989288000045 ], [ -102.372543334999989, 45.992828369000051 ], [ -102.380897521999941, 46.026981354000043 ], [ -102.319557189999955, 46.098724365000066 ], [ -102.130851745999962, 46.108776093000074 ], [ -102.096588135, 46.199218750000057 ], [ -102.026229857999965, 46.162563324000075 ], [ -101.765701293999939, 46.13691330000006 ], [ -101.794860839999956, 46.269687653000062 ], [ -101.860443114999953, 46.319660187000068 ], [ -101.844100951999962, 46.342872620000037 ], [ -101.501342772999976, 46.318321228000059 ], [ -101.31770324699994, 46.38570022600004 ], [ -101.33632659899996, 46.415203094000049 ], [ -101.495941161999951, 46.41524505600006 ], [ -101.465019225999981, 46.469810486000029 ], [ -101.320259093999937, 46.500061035000044 ], [ -101.337272643999938, 46.527900696000074 ], [ -101.415657042999953, 46.520660400000054 ], [ -101.374786376999964, 46.56945419300007 ], [ -101.563011169, 46.554344177000075 ], [ -101.615158080999947, 46.488758087000065 ], [ -101.662467957, 46.567115784000066 ], [ -101.800773620999962, 46.585296631000062 ], [ -101.492279052999947, 46.631149292000032 ], [ -101.469917296999938, 46.669055939000032 ], [ -101.512496947999978, 46.71382522600004 ], [ -101.507537841999977, 46.758068085000048 ], [ -101.397186278999982, 46.68373107900004 ], [ -101.31767272899998, 46.705429077000076 ], [ -101.276679992999959, 46.66526794400005 ], [ -101.241867064999951, 46.738178253000058 ], [ -101.261543273999962, 46.795867920000035 ], [ -101.166656493999938, 46.807170868000071 ], [ -101.243179320999957, 46.820476532000043 ], [ -101.244071959999985, 46.85109329200003 ], [ -101.172363280999946, 46.870548248000034 ], [ -101.081352233999951, 46.832489014000032 ], [ -101.021072387999936, 46.877342224000074 ], [ -101.058937072999981, 47.017608643000074 ], [ -100.983222960999967, 47.015617371000076 ], [ -100.963226317999954, 47.080608368000071 ], [ -101.054946898999958, 47.169273376000035 ], [ -101.04781341599994, 47.228782654000042 ], [ -101.235763549999945, 47.26573181200007 ], [ -101.205917357999965, 47.308212280000077 ], [ -101.123161315999937, 47.328441620000035 ], [ -101.048782348999964, 47.293670654000039 ], [ -100.923606872999983, 47.224159241000052 ], [ -100.873771666999971, 47.127307892000033 ], [ -100.811828612999989, 47.093780518000074 ], [ -100.682258605999948, 47.14076232900004 ], [ -100.625923156999988, 47.197826385000042 ], [ -100.614097594999976, 47.325527191000049 ], [ -100.466812133999952, 47.519550323000033 ], [ -100.498497008999948, 47.583873749000077 ], [ -100.682800292999957, 47.685234070000035 ], [ -100.763870238999971, 47.902412415000072 ], [ -100.44410705599995, 47.723430634000067 ] ], [ [ -102.156196593999937, 45.714275360000045 ], [ -102.303359984999986, 45.606445313000052 ], [ -102.286697387999936, 45.578876495000031 ], [ -102.324302672999977, 45.572452545000033 ], [ -102.516838073999963, 45.588100433000079 ], [ -102.71415710399998, 45.649421692000033 ], [ -102.927360535, 45.610240936000025 ], [ -103.042488097999978, 45.638038635000044 ], [ -103.231826781999985, 45.607677460000048 ], [ -103.246231078999983, 45.576251984000066 ], [ -103.239273070999957, 45.522033691000047 ], [ -103.176483153999982, 45.484466553000061 ], [ -103.199661254999967, 45.399116516000049 ], [ -103.042022704999965, 45.290172577000078 ], [ -102.979141234999986, 45.300014496000074 ], [ -103.008453368999938, 45.359565735000047 ], [ -102.856948852999949, 45.364887238000051 ], [ -102.838058471999943, 45.409755707000045 ], [ -103.039573669, 45.393978119000053 ], [ -103.059852599999942, 45.409389496000074 ], [ -103.02027893099995, 45.446105957000043 ], [ -102.760147094999979, 45.465362549000076 ], [ -102.451950072999978, 45.401550293000071 ], [ -102.41516113299997, 45.446872711000026 ], [ -102.359649657999967, 45.456577301000038 ], [ -102.26051330599995, 45.394680023000035 ], [ -102.203277588, 45.411388397000053 ], [ -102.192466735999972, 45.381294250000053 ], [ -102.105628966999973, 45.410850525000058 ], [ -102.013442992999956, 45.39802551300005 ], [ -102.060852050999983, 45.476676941000051 ], [ -102.058090209999989, 45.537433624000073 ], [ -102.129249572999981, 45.567043304000038 ], [ -101.986122130999945, 45.609405518000074 ], [ -101.994163513, 45.647541046000072 ], [ -102.062438964999956, 45.65489578200004 ], [ -102.019096374999947, 45.695861816000047 ], [ -102.156196593999937, 45.714275360000045 ] ], [ [ -102.375366210999971, 45.369918823000035 ], [ -102.344566344999976, 45.403835297000057 ], [ -102.408012389999953, 45.37670135500008 ], [ -102.375366210999971, 45.369918823000035 ] ] ] } },
{ "type": "Feature", "properties": { }, "geometry": { "type": "Polygon", "coordinates": [ [ [ -107.280273437999938, 47.622406006000062 ], [ -107.336921691999976, 47.598262787000067 ], [ -107.343002319, 47.616748810000047 ], [ -107.280273437999938, 47.622406006000062 ] ] ] } },
{ "type": "Feature", "properties": { }, "geometry": { "type": "Polygon", "coordinates": [ [ [ -107.308959960999971, 47.503665924000074 ], [ -107.34992981, 47.47144699100005 ], [ -107.327293395999959, 47.49799346900005 ], [ -107.362319945999957, 47.58194732700008 ], [ -107.308959960999971, 47.503665924000074 ] ] ] } },
{ "type": "Feature", "properties": { }, "geometry": { "type": "Polygon", "coordinates": [ [ [ -107.544822692999958, 47.554367065000065 ], [ -107.401947020999955, 47.520248413000047 ], [ -107.408653258999948, 47.476455688000044 ], [ -107.372322082999972, 47.44215011600005 ], [ -107.399688720999961, 47.35684204100005 ], [ -107.312927245999958, 47.306583405000026 ], [ -107.408699035999973, 47.325138092000032 ], [ -107.383232116999977, 47.293716431000064 ], [ -107.446586608999951, 47.293674469000052 ], [ -107.44214630099998, 47.243000031000065 ], [ -107.300956725999981, 47.249794006000059 ], [ -107.365119933999949, 47.123683929000038 ], [ -107.206382750999978, 47.106071472000053 ], [ -107.229476928999986, 47.061977386000081 ], [ -107.471786498999961, 47.01821136500007 ], [ -107.519126891999974, 47.051067352000075 ], [ -107.622756957999968, 47.05169296300005 ], [ -107.672309874999939, 47.121494293000069 ], [ -107.762519835999967, 47.154411316000051 ], [ -107.686546325999984, 47.151775360000045 ], [ -107.707023620999962, 47.205680847000053 ], [ -107.670318603999988, 47.221382141000049 ], [ -107.565559386999951, 47.214359283000078 ], [ -107.605979919, 47.263645172000054 ], [ -107.575462341, 47.320075989000031 ], [ -107.644256591999977, 47.332618713000045 ], [ -107.483581542999957, 47.360012054000038 ], [ -107.460090636999951, 47.389545441000053 ], [ -107.472793578999983, 47.476615906000063 ], [ -107.544822692999958, 47.554367065000065 ] ], [ [ -107.589126586999953, 47.102382660000046 ], [ -107.53868866, 47.110374451000041 ], [ -107.540916442999958, 47.139991760000044 ], [ -107.565963744999976, 47.139339447000054 ], [ -107.589126586999953, 47.102382660000046 ] ] ] } },
{ "type": "Feature", "properties": { }, "geometry": { "type": "Polygon", "coordinates": [ [ [ -107.154640197999981, 47.503974915000072 ], [ -107.183609008999952, 47.509891510000045 ], [ -107.180160521999937, 47.534049988000049 ], [ -107.155532836999953, 47.536701202000074 ], [ -107.154640197999981, 47.503974915000072 ] ] ] } },
{ "type": "Feature", "properties": { }, "geometry": { "type": "Polygon", "coordinates": [ [ [ -107.057083129999967, 47.502471924000076 ], [ -107.095558166999979, 47.517822266000053 ], [ -107.066131591999977, 47.536838531000058 ], [ -107.057083129999967, 47.502471924000076 ] ] ] } },
{ "type": "Feature", "properties": { }, "geometry": { "type": "Polygon", "coordinates": [ [ [ -107.703376769999977, 47.323097229000041 ], [ -107.73512268099995, 47.33027267500006 ], [ -107.736076354999966, 47.342323303000057 ], [ -107.70084381099997, 47.355041504000042 ], [ -107.703376769999977, 47.323097229000041 ] ] ] } },
{ "type": "Feature", "properties": { }, "geometry": { "type": "MultiPolygon", "coordinates": [ [ [ [ -109.095306395999955, 47.139427185000045 ], [ -109.077400207999972, 47.106719971000075 ], [ -108.844749450999984, 46.990333557000042 ], [ -108.910453795999956, 46.963798523000037 ], [ -109.276840209999989, 46.982799530000079 ], [ -109.309226989999956, 47.094745636000027 ], [ -109.19019317599998, 47.059467316000053 ], [ -109.13641357399996, 47.138153076000037 ], [ -109.095306395999955, 47.139427185000045 ] ], [ [ -109.220230102999949, 47.009254456000065 ], [ -109.17278289799998, 47.020446777000075 ], [ -109.162696837999988, 47.039058685000043 ], [ -109.235183715999938, 47.035785675000056 ], [ -109.220230102999949, 47.009254456000065 ] ] ], [ [ [ -109.200492858999951, 47.16661453200004 ], [ -109.117866516, 47.163627625000061 ], [ -109.317527770999959, 47.154113770000038 ], [ -109.271278380999945, 47.212005615000066 ], [ -109.200492858999951, 47.16661453200004 ] ] ] ] } },
{ "type": "Feature", "properties": { }, "geometry": { "type": "Polygon", "coordinates": [ [ [ -108.632560729999966, 46.602954865000072 ], [ -107.979057311999952, 46.544120789000033 ], [ -107.593696593999937, 46.631088257000044 ], [ -107.569763183999953, 46.548210144000052 ], [ -107.465927123999961, 46.544551849000072 ], [ -107.34094238299997, 46.417774200000053 ], [ -107.463813781999988, 46.430068970000036 ], [ -107.366676330999951, 46.377483368000071 ], [ -107.437080382999966, 46.344936371000074 ], [ -107.388969420999956, 46.264171600000054 ], [ -107.440353393999942, 46.196205139000028 ], [ -107.941467284999987, 46.007621765000067 ], [ -108.430923461999953, 45.978248596000071 ], [ -108.575737, 46.012989044000051 ], [ -108.58277893099995, 45.952022552000074 ], [ -108.765007018999938, 45.972866058000079 ], [ -108.769332885999972, 46.06880188000008 ], [ -108.845886229999962, 46.074398041000052 ], [ -108.858512877999942, 46.108058929000038 ], [ -108.896080016999974, 46.26537323000008 ], [ -108.873710631999984, 46.341861725000058 ], [ -108.91731262199994, 46.459571838000045 ], [ -108.89775085399998, 46.490398407000043 ], [ -108.829566955999951, 46.46894455000006 ], [ -108.849876403999986, 46.510452271000077 ], [ -108.712409972999978, 46.499176025000054 ], [ -108.782012938999969, 46.585479736000082 ], [ -108.762008666999975, 46.640480042000036 ], [ -108.785362243999941, 46.688022614000033 ], [ -108.759849547999977, 46.707969666000054 ], [ -108.632560729999966, 46.602954865000072 ] ] ] } },
{ "type": "Feature", "properties": { }, "geometry": { "type": "Polygon", "coordinates": [ [ [ -108.935302733999947, 46.527950287000067 ], [ -109.003639220999958, 46.534214020000036 ], [ -109.065773009999987, 46.622379303000059 ], [ -109.024971007999966, 46.608383179000043 ], [ -108.935302733999947, 46.527950287000067 ] ] ] } },
{ "type": "Feature", "properties": { }, "geometry": { "type": "Polygon", "coordinates": [ [ [ -108.842582702999948, 46.584220886000026 ], [ -108.818717957, 46.523536682000042 ], [ -108.876083373999961, 46.537540436000029 ], [ -108.842582702999948, 46.584220886000026 ] ] ] } },
{ "type": "Feature", "properties": { }, "geometry": { "type": "Polygon", "coordinates": [ [ [ -108.858131408999952, 46.062755585000048 ], [ -108.968177794999974, 46.091667175000055 ], [ -108.970001220999961, 46.388404846000071 ], [ -109.035781859999986, 46.500278473000037 ], [ -108.939529418999939, 46.443969727000081 ], [ -108.929252624999947, 46.229076385000042 ], [ -108.858131408999952, 46.062755585000048 ] ] ] } },
{ "type": "Feature", "properties": { }, "geometry": { "type": "Polygon", "coordinates": [ [ [ -109.38993835399998, 46.309444427000074 ], [ -109.230552672999977, 46.324119568000071 ], [ -109.217742919999978, 46.287017822000053 ], [ -109.38993835399998, 46.309444427000074 ] ] ] } },
{ "type": "Feature", "properties": { }, "geometry": { "type": "Polygon", "coordinates": [ [ [ -109.774848938, 46.303073883000081 ], [ -109.843482970999958, 46.294681549000074 ], [ -109.847557067999958, 46.311473846000069 ], [ -109.774848938, 46.303073883000081 ] ] ] } },
{ "type": "Feature", "properties": { }, "geometry": { "type": "Polygon", "coordinates": [ [ [ -109.40203857399996, 46.308799744000055 ], [ -109.401626586999953, 46.288600922000057 ], [ -109.535713195999961, 46.262172699000075 ], [ -109.510696410999969, 46.293144226000038 ], [ -109.40203857399996, 46.308799744000055 ] ] ] } },
{ "type": "Feature", "properties": { }, "geometry": { "type": "Polygon", "coordinates": [ [ [ -109.67209625199996, 46.283649445000037 ], [ -109.707557677999944, 46.303222656000059 ], [ -109.661300658999949, 46.297519684000065 ], [ -109.67209625199996, 46.283649445000037 ] ] ] } },
{ "type": "Feature", "properties": { }, "geometry": { "type": "Polygon", "coordinates": [ [ [ -107.426582335999967, 46.097587585000042 ], [ -107.373901366999974, 46.081447601000036 ], [ -107.328193664999958, 46.017593384000065 ], [ -107.326713561999952, 45.955425262000063 ], [ -107.384399413999972, 45.905567169000051 ], [ -107.421356200999981, 45.941864014000032 ], [ -107.426582335999967, 46.097587585000042 ] ] ] } },
{ "type": "Feature", "properties": { }, "geometry": { "type": "Polygon", "coordinates": [ [ [ -105.081047057999967, 45.539802551000037 ], [ -105.124877929999968, 45.475746155000081 ], [ -105.217849730999944, 45.467029572000058 ], [ -105.20149231, 45.380706787000065 ], [ -105.261932372999979, 45.359970093000072 ], [ -105.207641601999967, 45.291461945000037 ], [ -105.240722655999946, 45.226116180000076 ], [ -105.190696716, 45.188049316000047 ], [ -105.253433227999949, 45.193283081000061 ], [ -105.219413756999984, 45.156791687000066 ], [ -105.257232666, 45.143974304000039 ], [ -105.247077941999976, 45.092170715000066 ], [ -105.275756835999971, 45.057571411000026 ], [ -105.205993651999961, 44.979839325000057 ], [ -105.25109863299997, 44.907524109000065 ], [ -105.221107482999969, 44.848628998000038 ], [ -105.282890319999979, 44.822689056000058 ], [ -105.417419433999953, 44.839862823000033 ], [ -105.501312255999949, 44.92112731900005 ], [ -105.414299010999969, 44.948577881000062 ], [ -105.504356383999948, 44.975631714000031 ], [ -105.48674011199995, 45.074481964000029 ], [ -105.421859741, 45.120147705000079 ], [ -105.405616759999987, 45.269012451000037 ], [ -105.431579589999956, 45.325798035000048 ], [ -105.521842957, 45.315799713000047 ], [ -105.540336608999951, 45.353397369000049 ], [ -105.479881286999955, 45.453613281000059 ], [ -105.492736816, 45.506786346000069 ], [ -105.538780211999949, 45.499855042000036 ], [ -105.549369811999952, 45.545581818000073 ], [ -105.455993651999961, 45.620296478000057 ], [ -105.298713683999949, 45.642513275000056 ], [ -105.293930053999986, 45.539020538000045 ], [ -105.208168029999968, 45.666885376000039 ], [ -105.10588073699995, 45.633132935000049 ], [ -105.090476989999956, 45.608249664000027 ], [ -105.12183380099998, 45.575893402000077 ], [ -105.081047057999967, 45.539802551000037 ] ] ] } },
{ "type": "Feature", "properties": { }, "geometry": { "type": "Polygon", "coordinates": [ [ [ -103.432067870999958, 45.071266174000073 ], [ -103.430847167999957, 44.959636688000046 ], [ -103.490921020999963, 45.005191803000059 ], [ -103.432067870999958, 45.071266174000073 ] ] ] } },
{ "type": "Feature", "properties": { }, "geometry": { "type": "Polygon", "coordinates": [ [ [ -103.259376525999983, 44.998649597000053 ], [ -103.070671082, 45.016143799000076 ], [ -103.084106444999975, 44.977001190000067 ], [ -103.001449584999989, 44.952342987000065 ], [ -102.994956969999976, 44.924480438000046 ], [ -103.225608825999984, 44.945205688000044 ], [ -103.259376525999983, 44.998649597000053 ] ] ] } },
{ "type": "Feature", "properties": { }, "geometry": { "type": "Polygon", "coordinates": [ [ [ -102.711273192999954, 44.724777222000057 ], [ -102.629058838, 44.752159119000055 ], [ -102.54120636, 44.72543335000006 ], [ -102.620491027999947, 44.686035156000059 ], [ -102.501411438, 44.648677826000039 ], [ -102.631492614999956, 44.628795624000077 ], [ -102.753906249999943, 44.69429397600004 ], [ -102.782661438, 44.749828339000032 ], [ -102.711273192999954, 44.724777222000057 ] ] ] } },
{ "type": "Feature", "properties": { }, "geometry": { "type": "Polygon", "coordinates": [ [ [ -104.169708251999964, 43.885990143000072 ], [ -104.242996215999938, 43.85657119800004 ], [ -104.289901732999965, 43.898818970000036 ], [ -104.223052978999988, 43.968345642000031 ], [ -104.169708251999964, 43.885990143000072 ] ] ] } },
{ "type": "Feature", "properties": { }, "geometry": { "type": "Polygon", "coordinates": [ [ [ -104.007026671999938, 41.921432495000033 ], [ -104.173606872999983, 41.777790070000037 ], [ -104.192733764999957, 41.669025421000072 ], [ -104.287742614999956, 41.584220886000026 ], [ -104.345703124999943, 41.611789703000056 ], [ -104.338676452999948, 41.69454193100006 ], [ -104.410041808999949, 41.772464752000076 ], [ -104.390472411999951, 41.787670135000042 ], [ -104.521636963, 41.804996490000065 ], [ -104.580459594999979, 41.86897659300007 ], [ -104.066390991, 41.969600677000074 ], [ -104.007026671999938, 41.921432495000033 ] ] ] } },
{ "type": "Feature", "properties": { }, "geometry": { "type": "Polygon", "coordinates": [ [ [ -106.60816192599998, 49.001785278000057 ], [ -101.869346618999941, 49.000431061000029 ], [ -101.218162536999955, 48.425724030000026 ], [ -101.127563476999967, 48.159069061000025 ], [ -100.77115631099997, 47.921363831000065 ], [ -100.682800292999957, 47.685234070000035 ], [ -100.491653441999972, 47.578605652000078 ], [ -100.468246459999989, 47.505584717000033 ], [ -100.614097594999976, 47.325527191000049 ], [ -100.600326538, 47.26424789400005 ], [ -100.630386352999949, 47.191814423000039 ], [ -100.782661438, 47.095142365000072 ], [ -100.867370604999962, 47.122341156000061 ], [ -100.923606872999983, 47.224159241000052 ], [ -101.105476378999981, 47.322555542000032 ], [ -101.229949950999981, 47.285869598000033 ], [ -101.229202270999963, 47.262321472000053 ], [ -101.04781341599994, 47.228782654000042 ], [ -101.054946898999958, 47.169273376000035 ], [ -100.963226317999954, 47.080608368000071 ], [ -100.983222960999967, 47.015617371000076 ], [ -101.058937072999981, 47.017608643000074 ], [ -101.021072387999936, 46.877342224000074 ], [ -101.081352233999951, 46.832489014000032 ], [ -101.172363280999946, 46.870548248000034 ], [ -101.244071959999985, 46.85109329200003 ], [ -101.243179320999957, 46.820476532000043 ], [ -101.166656493999938, 46.807170868000071 ], [ -101.261543273999962, 46.795867920000035 ], [ -101.241867064999951, 46.738178253000058 ], [ -101.276679992999959, 46.66526794400005 ], [ -101.31767272899998, 46.705429077000076 ], [ -101.397186278999982, 46.68373107900004 ], [ -101.507537841999977, 46.758068085000048 ], [ -101.512496947999978, 46.71382522600004 ], [ -101.469917296999938, 46.669055939000032 ], [ -101.492279052999947, 46.631149292000032 ], [ -101.800773620999962, 46.585296631000062 ], [ -101.662467957, 46.567115784000066 ], [ -101.615158080999947, 46.488758087000065 ], [ -101.563011169, 46.554344177000075 ], [ -101.374786376999964, 46.56945419300007 ], [ -101.415657042999953, 46.520660400000054 ], [ -101.337272643999938, 46.527900696000074 ], [ -101.320259093999937, 46.500061035000044 ], [ -101.465019225999981, 46.469810486000029 ], [ -101.495941161999951, 46.41524505600006 ], [ -101.33632659899996, 46.415203094000049 ], [ -101.31770324699994, 46.38570022600004 ], [ -101.501342772999976, 46.318321228000059 ], [ -101.844100951999962, 46.342872620000037 ], [ -101.860443114999953, 46.319660187000068 ], [ -101.794860839999956, 46.269687653000062 ], [ -101.765701293999939, 46.13691330000006 ], [ -102.026229857999965, 46.162563324000075 ], [ -102.096588135, 46.199218750000057 ], [ -102.130851745999962, 46.108776093000074 ], [ -102.312446593999937, 46.103561401000036 ], [ -102.380897521999941, 46.026981354000043 ], [ -102.372543334999989, 45.992828369000051 ], [ -102.479042052999944, 45.956989288000045 ], [ -102.362930297999981, 45.888015747000054 ], [ -102.392921447999981, 45.791236877000074 ], [ -102.283096312999987, 45.689708710000048 ], [ -102.41731262199994, 45.63996505700004 ], [ -102.76260376, 45.689903259000062 ], [ -102.975616454999965, 45.65016937300004 ], [ -103.181213378999985, 45.708808899000076 ], [ -103.231391906999988, 45.68843460100004 ], [ -103.483200072999978, 45.792625427000075 ], [ -103.572593688999973, 45.864578247000054 ], [ -103.59554290799997, 45.858615875000055 ], [ -103.547019957999964, 45.806732178000061 ], [ -103.580917357999965, 45.795017242000029 ], [ -103.673759459999985, 45.858734131000062 ], [ -103.647537230999944, 45.929561615000068 ], [ -103.60709381099997, 45.941509247000056 ], [ -103.361793517999956, 45.945426941000051 ], [ -103.545196532999967, 45.889392853000061 ], [ -103.413291930999947, 45.857479095000031 ], [ -103.270500182999967, 45.888423920000037 ], [ -103.24521636999998, 45.923595428000056 ], [ -103.366577147999976, 45.982666016000053 ], [ -103.580879210999967, 45.999843597000051 ], [ -103.767478942999958, 45.947502136000026 ], [ -103.727890014999957, 46.022163391000049 ], [ -103.804733275999979, 46.208457947000056 ], [ -103.795593261999954, 46.317806244000053 ], [ -103.873527526999965, 46.371406555000078 ], [ -103.910652160999973, 46.473545074000072 ], [ -104.202163695999957, 46.500740051000037 ], [ -104.31552886999998, 46.596683502000076 ], [ -104.378967284999987, 46.740543365000065 ], [ -104.351600646999941, 46.790481567000029 ], [ -104.378021239999953, 46.955535889000032 ], [ -104.544982909999987, 47.076690674000076 ], [ -104.671562194999979, 47.127593994000051 ], [ -104.61367034899996, 47.23421096800007 ], [ -104.495422362999989, 47.291126251000037 ], [ -104.639183044, 47.274513245000037 ], [ -104.73638153099995, 47.176403046000075 ], [ -104.810470580999947, 47.174118042000032 ], [ -104.806617736999954, 47.120712280000077 ], [ -104.934707641999978, 47.106407166000054 ], [ -104.792846679999968, 46.922924042000034 ], [ -104.640060424999945, 46.806510925000055 ], [ -104.328338622999979, 46.384365082000045 ], [ -104.470367431999989, 46.424068451000039 ], [ -104.524093627999946, 46.403495789000033 ], [ -104.407096863, 46.292461395000032 ], [ -104.415893554999968, 46.24623107900004 ], [ -104.278427123999961, 46.168617249000079 ], [ -104.268760680999947, 46.129093170000033 ], [ -104.324859618999938, 46.062145233000081 ], [ -104.195632935, 45.923561096000071 ], [ -104.315101623999965, 45.928649902000075 ], [ -104.301338195999961, 45.862632751000035 ], [ -104.419242858999951, 45.832893372000058 ], [ -104.448486327999944, 45.778793335000046 ], [ -104.628753661999951, 45.787731171000075 ], [ -104.693626403999986, 45.720706940000071 ], [ -104.748893738, 45.713054657000043 ], [ -104.691368102999945, 45.761154175000058 ], [ -104.688636779999968, 45.809898376000035 ], [ -104.799560546999942, 45.864055634000067 ], [ -104.879531859999986, 45.949672699000075 ], [ -104.893371581999986, 46.030883789000029 ], [ -104.931533812999987, 46.060291290000066 ], [ -104.911651610999968, 46.134231567000029 ], [ -104.979530333999946, 46.18684005700004 ], [ -104.932373046999942, 46.178417206000063 ], [ -104.933792113999971, 46.198715210000046 ], [ -105.092163085999971, 46.289924622000058 ], [ -105.188529967999955, 46.299110413000051 ], [ -105.210273742999959, 46.269329071000072 ], [ -105.15825653099995, 46.13319778400006 ], [ -105.173423766999974, 46.052207947000056 ], [ -105.124961852999945, 46.043701172000056 ], [ -105.07245636, 45.958663940000065 ], [ -105.085052489999953, 45.856559753000056 ], [ -105.30529022199994, 45.637168884000062 ], [ -105.447341918999939, 45.623359680000078 ], [ -105.539703368999938, 45.557666779000044 ], [ -105.543998717999955, 45.504299164000031 ], [ -105.492736816, 45.506786346000069 ], [ -105.479881286999955, 45.453613281000059 ], [ -105.540336608999951, 45.353397369000049 ], [ -105.712699889999953, 45.512992859000065 ], [ -105.771942138999975, 45.908073425000055 ], [ -105.823852538999972, 45.98781204200003 ], [ -105.761177063, 46.059597015000065 ], [ -105.81981658899997, 46.191772461000028 ], [ -106.254058838, 46.525638580000077 ], [ -106.400001525999983, 46.673015594000049 ], [ -106.587722777999943, 46.960029602000077 ], [ -106.595657348999964, 47.028652191000049 ], [ -106.399833678999983, 47.384727478000059 ], [ -106.303489684999988, 47.447002411000028 ], [ -106.243949889999953, 47.532051086000081 ], [ -106.23459625199996, 47.606967926000038 ], [ -106.274093627999946, 47.717624664000027 ], [ -106.238746642999956, 47.758243561000029 ], [ -106.254516601999967, 47.843070984000065 ], [ -106.207206725999981, 47.922973633000026 ], [ -106.143333434999988, 47.905574799000078 ], [ -106.00129699699994, 47.963077545000033 ], [ -105.974822997999979, 47.941974640000069 ], [ -106.05648040799997, 47.922935486000029 ], [ -105.998908996999944, 47.87609481800007 ], [ -105.940536498999961, 47.88515090900006 ], [ -105.938789367999959, 47.845176697000056 ], [ -106.04814147899998, 47.814826965000066 ], [ -105.871192931999985, 47.825588226000036 ], [ -105.875663756999984, 47.946300507000046 ], [ -105.731323241999974, 47.960937500000057 ], [ -105.658912658999952, 48.026378632000046 ], [ -105.488868712999988, 48.059692383000026 ], [ -105.024078368999938, 48.051197052000077 ], [ -104.963668822999978, 48.110534668000071 ], [ -105.029510497999979, 48.132846832000041 ], [ -105.035980224999946, 48.166278839000029 ], [ -104.958412169999974, 48.217296600000054 ], [ -105.100669860999972, 48.27330398600003 ], [ -105.333763122999983, 48.271751404000042 ], [ -105.411437987999989, 48.234779358000026 ], [ -105.419487, 48.184375763000048 ], [ -105.466766356999983, 48.152111053000056 ], [ -105.662887572999978, 48.113006592000033 ], [ -105.732078551999962, 48.150604248000036 ], [ -105.777709960999971, 48.110111237000069 ], [ -106.053527831999986, 48.223541260000047 ], [ -106.079673766999974, 48.336708069000053 ], [ -106.069503783999949, 48.426197052000077 ], [ -106.01725006099997, 48.483440399000074 ], [ -106.039901732999965, 48.521717072000058 ], [ -106.095062255999949, 48.547435760000042 ], [ -106.082656859999986, 48.478027344000054 ], [ -106.196853638, 48.486335754000038 ], [ -106.245010375999982, 48.525459290000072 ], [ -106.285606383999948, 48.507236481000064 ], [ -106.306182860999968, 48.595714569000052 ], [ -106.58915710399998, 48.685260773000039 ], [ -106.62770080599995, 48.732341766000047 ], [ -106.541847228999984, 48.925060272000053 ], [ -106.597190856999987, 48.957859039000027 ], [ -106.60816192599998, 49.001785278000057 ] ] ] } },
{ "type": "Feature", "properties": { }, "geometry": { "type": "Polygon", "coordinates": [ [ [ -100.461227416999975, 49.000331879000044 ], [ -99.688301085999967, 49.000736237000069 ], [ -99.788795470999958, 48.880519867000032 ], [ -100.121566771999937, 48.803573608000079 ], [ -100.298530578999987, 48.835273743000073 ], [ -100.461227416999975, 49.000331879000044 ] ] ] } },
{ "type": "Feature", "properties": { }, "geometry": { "type": "Polygon", "coordinates": [ [ [ -114.113273620999962, 48.586055756000064 ], [ -114.202186583999946, 48.629009247000056 ], [ -114.244209289999958, 48.730819702000076 ], [ -114.136161803999983, 48.66656112700008 ], [ -114.113273620999962, 48.586055756000064 ] ] ] } },
{ "type": "Feature", "properties": { }, "geometry": { "type": "Polygon", "coordinates": [ [ [ -106.427192688, 47.697933197000054 ], [ -106.47997283899997, 47.662059784000064 ], [ -106.492118834999985, 47.69118499800004 ], [ -106.427192688, 47.697933197000054 ] ] ] } },
{ "type": "Feature", "properties": { }, "geometry": { "type": "Polygon", "coordinates": [ [ [ -106.648773192999954, 47.637920380000025 ], [ -106.44872283899997, 47.620582581000065 ], [ -106.550712584999985, 47.613128662000065 ], [ -106.485382079999965, 47.540317535000042 ], [ -106.592056273999958, 47.546985626000037 ], [ -106.633369445999961, 47.604797363000046 ], [ -106.671279906999985, 47.541419983000026 ], [ -106.777816771999937, 47.521484375000057 ], [ -106.828559874999939, 47.545890808000081 ], [ -106.814231872999983, 47.585102081000059 ], [ -106.648773192999954, 47.637920380000025 ] ] ] } },
{ "type": "Feature", "properties": { }, "geometry": { "type": "Polygon", "coordinates": [ [ [ -106.292686461999949, 47.59223938000008 ], [ -106.326652526999965, 47.611389160000044 ], [ -106.304122924999945, 47.617946625000059 ], [ -106.292686461999949, 47.59223938000008 ] ] ] } },
{ "type": "Feature", "properties": { }, "geometry": { "type": "Polygon", "coordinates": [ [ [ -106.432571410999969, 47.597686768000074 ], [ -106.324386596999943, 47.580265045000033 ], [ -106.320068358999947, 47.537723541000048 ], [ -106.362556457999972, 47.529460907000043 ], [ -106.432571410999969, 47.597686768000074 ] ] ] } },
{ "type": "Feature", "properties": { }, "geometry": { "type": "Polygon", "coordinates": [ [ [ -107.524620055999947, 47.593101501000035 ], [ -107.46063232399996, 47.57094574000007 ], [ -107.544822692999958, 47.554367065000065 ], [ -107.524620055999947, 47.593101501000035 ] ] ] } },
{ "type": "Feature", "properties": { }, "geometry": { "type": "Polygon", "coordinates": [ [ [ -106.990303039999958, 47.313102722000053 ], [ -106.836906432999967, 47.321784973000035 ], [ -106.80240631099997, 47.30666732800006 ], [ -106.909797667999953, 47.279499054000041 ], [ -106.990303039999958, 47.313102722000053 ] ] ] } },
{ "type": "Feature", "properties": { }, "geometry": { "type": "Polygon", "coordinates": [ [ [ -107.537536620999958, 47.111469269000054 ], [ -107.573860167999953, 47.103130341000053 ], [ -107.602058410999973, 47.105232239000031 ], [ -107.558532714999956, 47.142456055000025 ], [ -107.537536620999958, 47.111469269000054 ] ] ] } },
{ "type": "Feature", "properties": { }, "geometry": { "type": "Polygon", "coordinates": [ [ [ -110.25617981, 47.062919617000034 ], [ -110.193870544, 47.06660080000006 ], [ -110.211196898999958, 47.090599060000045 ], [ -110.25617981, 47.062919617000034 ], [ -110.319541930999947, 47.074584961000028 ], [ -110.366912841999977, 47.153125763000048 ], [ -110.562026977999949, 47.14774704000007 ], [ -110.692596435999974, 47.203994751000039 ], [ -110.841667174999941, 47.166435242000034 ], [ -110.919006347999982, 47.207679749000079 ], [ -111.22997283899997, 47.218196869000053 ], [ -111.212097167999957, 47.177249908000078 ], [ -111.27987670899995, 47.154338837000068 ], [ -111.286132812999938, 47.064434052000081 ], [ -111.431762694999975, 47.062114716000053 ], [ -111.513160705999951, 46.992198944000052 ], [ -111.515960692999954, 46.90217971800007 ], [ -111.581939696999939, 46.914989471000069 ], [ -111.490783691, 47.055744171000072 ], [ -111.504768371999944, 47.082950592000032 ], [ -111.466766356999983, 47.099166870000033 ], [ -111.493240355999944, 47.130977631000064 ], [ -111.435859679999965, 47.145469666000054 ], [ -111.384506225999985, 47.210174561000031 ], [ -111.40399169899996, 47.347080231000064 ], [ -111.364852904999964, 47.479354858000079 ], [ -111.151351928999986, 47.582916260000047 ], [ -110.949348449999945, 47.569503784000062 ], [ -110.625892638999971, 47.314792633000081 ], [ -110.385681151999961, 47.216850281000063 ], [ -110.203147888, 47.179981232000046 ], [ -109.863731383999948, 47.168632507000041 ], [ -109.776542663999976, 47.222862244000055 ], [ -109.61633300799997, 47.244274139000026 ], [ -109.432342528999982, 47.32017898600003 ], [ -109.17931366, 47.321525574000077 ], [ -109.330589294, 47.142257690000065 ], [ -109.276840209999989, 46.982799530000079 ], [ -109.317680358999951, 46.97114563000008 ], [ -109.296989440999937, 46.93551635700004 ], [ -109.447189330999947, 46.937824249000073 ], [ -109.491203307999967, 46.907093048000036 ], [ -109.480407714999956, 46.876029968000068 ], [ -109.569328307999967, 46.844524384000067 ], [ -109.628730773999962, 46.858615875000055 ], [ -109.678413391, 46.773681641000053 ], [ -109.562980651999965, 46.728786469000056 ], [ -109.686988830999951, 46.714000702000078 ], [ -109.797706603999984, 46.641159058000028 ], [ -109.883956908999949, 46.663497925000058 ], [ -109.950607299999945, 46.756313324000075 ], [ -110.057159423999963, 46.737365723000039 ], [ -110.10106658899997, 46.763534546000074 ], [ -110.047592163, 46.810123444000055 ], [ -110.072982788, 46.89681243900003 ], [ -110.178909301999965, 46.993373871000074 ], [ -110.272338866999974, 47.021671295000033 ], [ -110.25617981, 47.062919617000034 ] ], [ [ -109.467582702999948, 47.145156860000043 ], [ -109.498336791999975, 47.145877838000047 ], [ -109.519493102999945, 47.133419037000067 ], [ -109.474090575999981, 47.118320465000068 ], [ -109.467582702999948, 47.145156860000043 ] ], [ [ -109.416023253999981, 47.29230880700004 ], [ -109.487472533999949, 47.285579681000058 ], [ -109.486900329999969, 47.252166748000036 ], [ -109.418502807999971, 47.264629364000029 ], [ -109.416023253999981, 47.29230880700004 ] ] ] } },
{ "type": "Feature", "properties": { }, "geometry": { "type": "Polygon", "coordinates": [ [ [ -105.991119385, 46.21638488800005 ], [ -105.979698180999947, 46.159061432000044 ], [ -105.886672973999964, 46.144588470000031 ], [ -105.980926513999975, 46.114509583000029 ], [ -106.142753600999981, 45.989807129000042 ], [ -106.14029693599997, 45.926231384000062 ], [ -106.234840392999956, 45.824050903000057 ], [ -106.238258361999954, 45.783378601000038 ], [ -106.178871154999968, 45.785053253000058 ], [ -106.153198241999974, 45.848102570000037 ], [ -106.004951476999963, 45.901084900000058 ], [ -105.967086791999975, 45.95334243800005 ], [ -105.877059936999956, 45.878459930000076 ], [ -105.848243712999988, 45.892314911000028 ], [ -105.851959228999988, 45.933258057000046 ], [ -105.812332152999943, 45.925586700000053 ], [ -105.823852538999972, 45.98781204200003 ], [ -105.793426513999975, 45.961055756000064 ], [ -105.712699889999953, 45.512992859000065 ], [ -105.540336608999951, 45.353397369000049 ], [ -105.683593749999943, 45.238487244000055 ], [ -105.597557067999958, 45.227298737000069 ], [ -105.521842957, 45.315799713000047 ], [ -105.460212707999972, 45.328559875000053 ], [ -105.417007445999957, 45.316371918000073 ], [ -105.404441832999964, 45.262218475000054 ], [ -105.421859741, 45.120147705000079 ], [ -105.48674011199995, 45.074481964000029 ], [ -105.504356383999948, 44.975631714000031 ], [ -105.414299010999969, 44.948577881000062 ], [ -105.501312255999949, 44.92112731900005 ], [ -105.413108825999984, 44.812923431000058 ], [ -105.465766906999988, 44.785869598000033 ], [ -105.448631286999955, 44.749462128000062 ], [ -105.479606627999942, 44.68667221100003 ], [ -105.58165741, 44.684841156000061 ], [ -105.582733153999982, 44.650043488000051 ], [ -105.529869079999969, 44.630729675000055 ], [ -105.571319579999965, 44.581268311000031 ], [ -105.509521483999947, 44.583095551000042 ], [ -105.480651854999962, 44.533515930000078 ], [ -105.410217284999987, 44.586608887000068 ], [ -105.370086669999978, 44.57638931300005 ], [ -105.449180602999945, 44.468032837000067 ], [ -105.367561339999952, 44.324443817000031 ], [ -105.378646850999985, 44.286388397000053 ], [ -105.329536438, 44.253299713000047 ], [ -105.294822692999958, 44.168136597000057 ], [ -105.364158629999963, 44.105392456000061 ], [ -105.329826354999966, 43.995113373000038 ], [ -105.180252074999942, 43.928783417000034 ], [ -105.167839049999941, 43.967128754000044 ], [ -105.128982543999939, 43.901603699000077 ], [ -105.034812926999962, 43.876300812000068 ], [ -105.080360412999937, 43.859027863000051 ], [ -105.076347350999981, 43.811393738000049 ], [ -105.103958129999967, 43.79582595800008 ], [ -105.11702728299997, 43.742893219000052 ], [ -105.085578917999953, 43.694740295000031 ], [ -105.193931579999969, 43.712764740000068 ], [ -105.238929748999965, 43.691383362000067 ], [ -105.177070617999959, 43.579708099000072 ], [ -105.190559386999951, 43.553138733000026 ], [ -105.270599364999953, 43.546356201000037 ], [ -105.281158446999939, 43.479854584000066 ], [ -105.216667174999941, 43.414085388000046 ], [ -105.388381957999968, 43.356979370000033 ], [ -105.442268371999944, 43.390960693000068 ], [ -105.630950927999947, 43.396339417000036 ], [ -105.650588988999971, 43.319644928000059 ], [ -105.574623107999969, 43.335391998000034 ], [ -105.658706664999954, 43.291526794000049 ], [ -105.693206786999951, 43.351905823000038 ], [ -105.687599181999985, 43.419635773000039 ], [ -105.746391295999956, 43.472263336000026 ], [ -106.01920318599997, 43.582740784000066 ], [ -106.082290648999958, 43.545360565000067 ], [ -106.112442016999978, 43.590602875000059 ], [ -106.247306823999963, 43.654979706000063 ], [ -106.322898864999956, 43.65990448000008 ], [ -106.227699279999968, 43.744590759000062 ], [ -106.341453551999962, 44.103996277000078 ], [ -106.692916869999976, 44.336143494000055 ], [ -106.768302916999971, 44.517578125000057 ], [ -106.872627257999966, 44.593177795000031 ], [ -106.88127136199995, 44.670898438000052 ], [ -107.028198241999974, 44.711429596000073 ], [ -107.105613707999964, 44.77225112900004 ], [ -107.113426207999964, 44.80829238900003 ], [ -107.068397521999941, 44.860412598000039 ], [ -107.125976562999938, 44.910961151000038 ], [ -107.05773925799997, 44.942703247000054 ], [ -107.198303222999982, 44.994064331000061 ], [ -107.154762267999956, 45.094547272000057 ], [ -107.221496581999986, 45.344745636000027 ], [ -107.120193480999944, 45.476387024000076 ], [ -107.114486694, 45.536754608000081 ], [ -107.068321227999945, 45.565700531000061 ], [ -107.080520629999967, 45.610984802000075 ], [ -107.155342101999963, 45.662639618000071 ], [ -107.115150451999966, 45.682662964000031 ], [ -107.137031554999965, 45.725952148000033 ], [ -107.092056273999958, 45.770744324000077 ], [ -107.085472106999987, 45.920719147000057 ], [ -106.96401977499994, 46.065155029000039 ], [ -106.877487182999971, 46.075721741000052 ], [ -106.826652526999965, 45.968963623000036 ], [ -106.715286254999967, 45.990661621000072 ], [ -106.646423339999956, 45.943740845000036 ], [ -106.624732970999958, 45.964580536000028 ], [ -106.645393371999944, 46.045982361000029 ], [ -106.685089110999968, 46.088497162000067 ], [ -106.541831969999976, 46.103061676000038 ], [ -106.608139038, 46.041473389000032 ], [ -106.488952636999954, 46.015472412000065 ], [ -106.495620727999949, 45.953643799000076 ], [ -106.403808593999941, 45.933944702000076 ], [ -106.444976806999989, 45.815704346000075 ], [ -106.418457030999946, 45.804859161000081 ], [ -106.31340789799998, 45.89810562100007 ], [ -106.32586669899996, 45.958446503000062 ], [ -106.282752990999938, 45.969768524000074 ], [ -106.272323607999965, 46.017597198000033 ], [ -106.349777221999943, 46.075489044000051 ], [ -106.362739563, 46.142543793000073 ], [ -106.317497252999942, 46.153991699000073 ], [ -106.281982421999942, 46.093269348000035 ], [ -106.196090697999978, 46.086250305000078 ], [ -106.171348571999943, 46.095584869000049 ], [ -106.216873168999939, 46.164272308000079 ], [ -106.194557189999955, 46.194160461000081 ], [ -106.083091735999972, 46.141357422000056 ], [ -106.109359741, 46.209346771000071 ], [ -105.991119385, 46.21638488800005 ] ] ] } },
{ "type": "Feature", "properties": { }, "geometry": { "type": "Polygon", "coordinates": [ [ [ -107.59539794899996, 46.076370239000028 ], [ -107.624076842999955, 46.029083252000078 ], [ -107.644073485999968, 46.071323395000036 ], [ -107.59539794899996, 46.076370239000028 ] ] ] } },
{ "type": "Feature", "properties": { }, "geometry": { "type": "Polygon", "coordinates": [ [ [ -102.189033507999966, 45.698940277000077 ], [ -102.019096374999947, 45.695861816000047 ], [ -102.062438964999956, 45.65489578200004 ], [ -101.980766295999956, 45.629589081000063 ], [ -102.129249572999981, 45.567043304000038 ], [ -102.058090209999989, 45.537433624000073 ], [ -102.060852050999983, 45.476676941000051 ], [ -102.013442992999956, 45.39802551300005 ], [ -102.105628966999973, 45.410850525000058 ], [ -102.192466735999972, 45.381294250000053 ], [ -102.203277588, 45.411388397000053 ], [ -102.26051330599995, 45.394680023000035 ], [ -102.359649657999967, 45.456577301000038 ], [ -102.41516113299997, 45.446872711000026 ], [ -102.451950072999978, 45.401550293000071 ], [ -102.760147094999979, 45.465362549000076 ], [ -103.02027893099995, 45.446105957000043 ], [ -103.059852599999942, 45.409389496000074 ], [ -103.039573669, 45.393978119000053 ], [ -102.838058471999943, 45.409755707000045 ], [ -102.856948852999949, 45.364887238000051 ], [ -103.008453368999938, 45.359565735000047 ], [ -102.979141234999986, 45.300014496000074 ], [ -103.042022704999965, 45.290172577000078 ], [ -103.199661254999967, 45.399116516000049 ], [ -103.176483153999982, 45.484466553000061 ], [ -103.240440368999941, 45.528747559000067 ], [ -103.231826781999985, 45.607677460000048 ], [ -103.042488097999978, 45.638038635000044 ], [ -102.927360535, 45.610240936000025 ], [ -102.71415710399998, 45.649421692000033 ], [ -102.516838073999963, 45.588100433000079 ], [ -102.324302672999977, 45.572452545000033 ], [ -102.286697387999936, 45.578876495000031 ], [ -102.303359984999986, 45.606445313000052 ], [ -102.189033507999966, 45.698940277000077 ] ] ] } },
{ "type": "Feature", "properties": { }, "geometry": { "type": "Polygon", "coordinates": [ [ [ -102.339820861999954, 45.380134583000029 ], [ -102.407890319999979, 45.383594513000048 ], [ -102.33847045899995, 45.399791718000074 ], [ -102.339820861999954, 45.380134583000029 ] ] ] } },
{ "type": "Feature", "properties": { }, "geometry": { "type": "Polygon", "coordinates": [ [ [ -104.166450499999939, 44.628345490000072 ], [ -104.177421569999979, 44.598674774000074 ], [ -104.188728332999972, 44.615356445000032 ], [ -104.166450499999939, 44.628345490000072 ] ] ] } },
{ "type": "Feature", "properties": { }, "geometry": { "type": "Polygon", "coordinates": [ [ [ -104.462463378999985, 44.412151337000068 ], [ -104.525413513, 44.398159027000077 ], [ -104.474166869999976, 44.442409515000065 ], [ -104.462463378999985, 44.412151337000068 ] ] ] } },
{ "type": "Feature", "properties": { }, "geometry": { "type": "Polygon", "coordinates": [ [ [ -104.416412353999988, 44.404384613000047 ], [ -104.443862914999954, 44.402408600000058 ], [ -104.426162719999979, 44.416923523000037 ], [ -104.416412353999988, 44.404384613000047 ] ] ] } },
{ "type": "Feature", "properties": { }, "geometry": { "type": "Polygon", "coordinates": [ [ [ -104.536087035999969, 44.357803345000036 ], [ -104.548080444, 44.333915710000042 ], [ -104.59182739299996, 44.341781616000048 ], [ -104.564712523999958, 44.359775543000069 ], [ -104.536087035999969, 44.357803345000036 ] ] ] } },
{ "type": "Feature", "properties": { }, "geometry": { "type": "Polygon", "coordinates": [ [ [ -104.449073791999979, 44.239898682000046 ], [ -104.499580382999966, 44.222480774000076 ], [ -104.463188170999956, 44.254356384000062 ], [ -104.449073791999979, 44.239898682000046 ] ] ] } },
{ "type": "Feature", "properties": { }, "geometry": { "type": "Polygon", "coordinates": [ [ [ -104.392303466999977, 44.211566925000056 ], [ -104.418678283999952, 44.184593201000041 ], [ -104.414909363, 44.216449738000051 ], [ -104.392303466999977, 44.211566925000056 ] ] ] } },
{ "type": "Feature", "properties": { }, "geometry": { "type": "Polygon", "coordinates": [ [ [ -104.353248595999958, 44.069698334000066 ], [ -104.36242675799997, 44.100494385000047 ], [ -104.320266723999964, 44.104152679000038 ], [ -104.318603515999939, 44.083961487000067 ], [ -104.353248595999958, 44.069698334000066 ] ] ] } },
{ "type": "Feature", "properties": { }, "geometry": { "type": "Polygon", "coordinates": [ [ [ -106.859756469999979, 47.480163574000073 ], [ -106.619476317999954, 47.520832062000068 ], [ -106.350158691, 47.427764893000074 ], [ -106.501907348999964, 47.236965179000038 ], [ -106.592498778999982, 47.040958405000026 ], [ -106.587722777999943, 46.960029602000077 ], [ -106.405342101999963, 46.67880630500008 ], [ -106.254058838, 46.525638580000077 ], [ -105.82498931899994, 46.19748306300005 ], [ -105.760261535999973, 46.052749634000065 ], [ -105.829673766999974, 45.978458405000026 ], [ -105.810539245999962, 45.929924011000026 ], [ -105.851959228999988, 45.933258057000046 ], [ -105.854530333999946, 45.884239197000056 ], [ -105.889320373999965, 45.881774902000075 ], [ -105.967086791999975, 45.95334243800005 ], [ -105.990226745999962, 45.910259247000056 ], [ -106.153198241999974, 45.848102570000037 ], [ -106.165031432999967, 45.795253754000044 ], [ -106.224716186999956, 45.773841858000026 ], [ -106.238128661999951, 45.81758880600006 ], [ -106.14029693599997, 45.926231384000062 ], [ -106.142753600999981, 45.989807129000042 ], [ -105.980926513999975, 46.114509583000029 ], [ -105.886672973999964, 46.144588470000031 ], [ -105.979698180999947, 46.159061432000044 ], [ -105.975578307999967, 46.211410522000051 ], [ -106.109359741, 46.209346771000071 ], [ -106.083091735999972, 46.141357422000056 ], [ -106.194557189999955, 46.194160461000081 ], [ -106.216873168999939, 46.164272308000079 ], [ -106.171348571999943, 46.095584869000049 ], [ -106.196090697999978, 46.086250305000078 ], [ -106.281982421999942, 46.093269348000035 ], [ -106.317497252999942, 46.153991699000073 ], [ -106.362739563, 46.142543793000073 ], [ -106.349777221999943, 46.075489044000051 ], [ -106.272323607999965, 46.017597198000033 ], [ -106.282752990999938, 45.969768524000074 ], [ -106.32586669899996, 45.958446503000062 ], [ -106.31340789799998, 45.89810562100007 ], [ -106.418457030999946, 45.804859161000081 ], [ -106.444976806999989, 45.815704346000075 ], [ -106.403808593999941, 45.933944702000076 ], [ -106.495620727999949, 45.953643799000076 ], [ -106.488952636999954, 46.015472412000065 ], [ -106.608139038, 46.041473389000032 ], [ -106.541831969999976, 46.103061676000038 ], [ -106.685089110999968, 46.088497162000067 ], [ -106.645393371999944, 46.045982361000029 ], [ -106.624732970999958, 45.964580536000028 ], [ -106.646423339999956, 45.943740845000036 ], [ -106.715286254999967, 45.990661621000072 ], [ -106.826652526999965, 45.968963623000036 ], [ -106.877487182999971, 46.075721741000052 ], [ -106.96401977499994, 46.065155029000039 ], [ -107.085472106999987, 45.920719147000057 ], [ -107.092056273999958, 45.770744324000077 ], [ -107.137031554999965, 45.725952148000033 ], [ -107.115150451999966, 45.682662964000031 ], [ -107.155342101999963, 45.662639618000071 ], [ -107.080520629999967, 45.610984802000075 ], [ -107.068321227999945, 45.565700531000061 ], [ -107.114486694, 45.536754608000081 ], [ -107.120193480999944, 45.476387024000076 ], [ -107.221496581999986, 45.344745636000027 ], [ -107.154762267999956, 45.094547272000057 ], [ -107.198303222999982, 44.994064331000061 ], [ -107.05773925799997, 44.942703247000054 ], [ -107.125976562999938, 44.910961151000038 ], [ -107.068397521999941, 44.860412598000039 ], [ -107.113426207999964, 44.80829238900003 ], [ -107.105613707999964, 44.77225112900004 ], [ -107.028198241999974, 44.711429596000073 ], [ -106.88127136199995, 44.670898438000052 ], [ -106.872627257999966, 44.593177795000031 ], [ -106.768302916999971, 44.517578125000057 ], [ -106.692916869999976, 44.336143494000055 ], [ -106.341453551999962, 44.103996277000078 ], [ -106.227699279999968, 43.744590759000062 ], [ -106.322898864999956, 43.65990448000008 ], [ -106.247306823999963, 43.654979706000063 ], [ -106.112442016999978, 43.590602875000059 ], [ -106.082290648999958, 43.545360565000067 ], [ -106.01920318599997, 43.582740784000066 ], [ -105.746391295999956, 43.472263336000026 ], [ -105.687599181999985, 43.419635773000039 ], [ -105.693206786999951, 43.351905823000038 ], [ -105.658706664999954, 43.291526794000049 ], [ -105.574623107999969, 43.335391998000034 ], [ -105.650588988999971, 43.319644928000059 ], [ -105.630950927999947, 43.396339417000036 ], [ -105.442268371999944, 43.390960693000068 ], [ -105.388381957999968, 43.356979370000033 ], [ -105.216667174999941, 43.414085388000046 ], [ -105.281158446999939, 43.479854584000066 ], [ -105.270599364999953, 43.546356201000037 ], [ -105.190559386999951, 43.553138733000026 ], [ -105.177070617999959, 43.579708099000072 ], [ -105.238929748999965, 43.691383362000067 ], [ -105.193931579999969, 43.712764740000068 ], [ -105.085578917999953, 43.694740295000031 ], [ -105.11702728299997, 43.742893219000052 ], [ -105.103958129999967, 43.79582595800008 ], [ -105.076347350999981, 43.811393738000049 ], [ -105.080360412999937, 43.859027863000051 ], [ -105.034812926999962, 43.876300812000068 ], [ -105.128982543999939, 43.901603699000077 ], [ -105.167839049999941, 43.967128754000044 ], [ -105.180252074999942, 43.928783417000034 ], [ -105.329826354999966, 43.995113373000038 ], [ -105.364158629999963, 44.105392456000061 ], [ -105.294822692999958, 44.168136597000057 ], [ -105.329536438, 44.253299713000047 ], [ -105.378646850999985, 44.286388397000053 ], [ -105.367561339999952, 44.324443817000031 ], [ -105.449180602999945, 44.468032837000067 ], [ -105.370086669999978, 44.57638931300005 ], [ -105.410217284999987, 44.586608887000068 ], [ -105.480651854999962, 44.533515930000078 ], [ -105.509521483999947, 44.583095551000042 ], [ -105.56379699699994, 44.56654357900004 ], [ -105.529869079999969, 44.630729675000055 ], [ -105.582733153999982, 44.650043488000051 ], [ -105.58165741, 44.684841156000061 ], [ -105.479606627999942, 44.68667221100003 ], [ -105.448631286999955, 44.749462128000062 ], [ -105.465766906999988, 44.785869598000033 ], [ -105.419326781999985, 44.79927063000008 ], [ -105.417419433999953, 44.839862823000033 ], [ -105.23459625199996, 44.828388214000029 ], [ -105.116210937999938, 44.761226654000041 ], [ -105.080673217999959, 44.664768219000052 ], [ -104.997482299999945, 44.591640472000051 ], [ -105.034767150999983, 44.427379608000081 ], [ -104.984848021999937, 44.35280227700008 ], [ -105.011360167999953, 44.32680511500007 ], [ -104.990348815999937, 44.269355774000076 ], [ -105.023582457999964, 44.247852325000053 ], [ -104.904953002999946, 44.132659912000065 ], [ -104.818656920999956, 43.980617523000035 ], [ -104.755096435999974, 43.955486298000039 ], [ -104.785850524999944, 43.924209595000036 ], [ -104.760871886999951, 43.838592529000039 ], [ -104.779113769999981, 43.772109985000043 ], [ -104.717338561999952, 43.714141846000075 ], [ -104.774398803999986, 43.59510040300006 ], [ -104.741302489999953, 43.511516571000072 ], [ -104.656738280999946, 43.470611572000053 ], [ -104.703819274999944, 43.383045197000058 ], [ -104.638679503999981, 43.383529663000047 ], [ -104.706970214999956, 43.335956573000033 ], [ -104.655601500999978, 43.284339905000081 ], [ -104.689010619999976, 43.254249573000038 ], [ -104.657768249999947, 43.221054077000076 ], [ -104.690498351999963, 43.189636230000076 ], [ -104.652023314999951, 43.16312408400006 ], [ -104.647331238, 43.103347778000057 ], [ -104.77275085399998, 42.970165253000062 ], [ -104.812187194999979, 42.861526489000028 ], [ -104.910369872999979, 42.827045441000053 ], [ -104.996963500999982, 42.750949860000048 ], [ -105.401123046999942, 42.754077911000024 ], [ -105.47411346399997, 42.804641724000078 ], [ -105.638313292999953, 42.83046340900006 ], [ -105.776916503999985, 42.780605316000049 ], [ -105.873832702999948, 42.81459045400004 ], [ -106.16233062699996, 42.807067871000072 ], [ -106.24862670899995, 42.846824646000073 ], [ -106.26531982399996, 42.919273376000035 ], [ -106.385093688999973, 43.033878326000035 ], [ -106.378196716, 43.189350128000058 ], [ -106.278549194, 43.305835724000076 ], [ -106.188842772999976, 43.295722961000081 ], [ -106.175216674999945, 43.24045181300005 ], [ -106.128639220999958, 43.24790573100006 ], [ -106.128433227999949, 43.274986267000031 ], [ -106.173027038999976, 43.307250977000081 ], [ -106.205337523999958, 43.404914856000062 ], [ -106.371093749999943, 43.535896301000037 ], [ -106.398750304999965, 43.622253418000071 ], [ -106.524116516, 43.659389496000074 ], [ -106.685432433999949, 43.78565216100003 ], [ -106.677520751999964, 43.87956237800006 ], [ -106.747093200999984, 44.124908447000053 ], [ -106.726661681999985, 44.162292480000076 ], [ -106.775543213, 44.20271301300005 ], [ -106.780342101999963, 44.286651611000025 ], [ -106.853881835999971, 44.364330292000034 ], [ -106.812606811999956, 44.436187744000051 ], [ -106.903701781999985, 44.483665466000048 ], [ -106.904052733999947, 44.519958496000072 ], [ -107.146438598999964, 44.745079041000054 ], [ -107.267753600999981, 44.910724640000069 ], [ -107.250152588, 44.939029694000055 ], [ -107.278762816999972, 44.970733643000074 ], [ -107.226463317999958, 45.020843506000062 ], [ -107.222869872999979, 45.070415497000056 ], [ -107.172447204999969, 45.090274811000029 ], [ -107.317543029999968, 45.321914673000038 ], [ -107.248168944999975, 45.360763550000058 ], [ -107.261383056999989, 45.388668060000043 ], [ -107.215682982999965, 45.393337250000059 ], [ -107.230682372999979, 45.43735885600006 ], [ -107.184509276999961, 45.446311951000041 ], [ -107.238380431999985, 45.52993011500007 ], [ -107.160270690999937, 45.501426697000056 ], [ -107.153038024999944, 45.542396545000031 ], [ -107.19286346399997, 45.58126068100006 ], [ -107.134857177999947, 45.594631195000034 ], [ -107.233253478999984, 45.666690826000035 ], [ -107.182441710999967, 45.731178284000066 ], [ -107.281196593999937, 45.765308380000079 ], [ -107.251022338999974, 45.794647217000033 ], [ -107.330581664999954, 45.890853882000044 ], [ -107.286956786999951, 45.92237091100003 ], [ -107.303573607999965, 46.011501312000064 ], [ -107.369010924999941, 46.12538528400006 ], [ -107.331718444999979, 46.137817383000026 ], [ -107.344436645999963, 46.172714233000079 ], [ -107.314178466999977, 46.197715759000062 ], [ -107.293228148999958, 46.188934326000037 ], [ -107.325233458999946, 46.161327362000065 ], [ -107.20829772899998, 46.147159576000035 ], [ -107.135032653999986, 46.043479919000049 ], [ -106.980461120999962, 46.128250122000054 ], [ -106.883293151999965, 46.12722778300008 ], [ -106.74540710399998, 46.074771881000061 ], [ -106.777572631999988, 46.177585602000079 ], [ -106.741912841999977, 46.233646393000072 ], [ -106.784599303999983, 46.28650665300006 ], [ -106.661506652999947, 46.353855133000081 ], [ -106.615509032999967, 46.70328521700003 ], [ -106.685630797999977, 46.823394775000054 ], [ -106.767677306999985, 46.857677460000048 ], [ -106.818977355999948, 46.940139771000077 ], [ -106.793693541999971, 47.00547027600004 ], [ -106.824302672999977, 47.167060852000077 ], [ -106.763092041, 47.242935181000064 ], [ -106.547821044999978, 47.357921600000054 ], [ -106.700042724999946, 47.318023682000046 ], [ -106.819686889999957, 47.327938080000081 ], [ -106.894332885999972, 47.347442627000078 ], [ -106.890403747999983, 47.386653900000056 ], [ -106.955879210999967, 47.396465302000081 ], [ -106.703590392999956, 47.411270142000035 ], [ -106.730102538999972, 47.470359802000075 ], [ -106.785598754999967, 47.477668762000064 ], [ -106.805206298999963, 47.447238922000054 ], [ -106.859756469999979, 47.480163574000073 ] ] ] } },
{ "type": "Feature", "properties": { }, "geometry": { "type": "Polygon", "coordinates": [ [ [ -103.885871886999951, 43.429817200000059 ], [ -103.923492431999989, 43.405643463000047 ], [ -103.936576842999955, 43.422668457000043 ], [ -103.885871886999951, 43.429817200000059 ] ] ] } },
{ "type": "Feature", "properties": { }, "geometry": { "type": "Polygon", "coordinates": [ [ [ -103.76915741, 43.214378357000044 ], [ -103.796470641999974, 43.243873596000071 ], [ -103.764053344999979, 43.259006500000055 ], [ -103.741821288999972, 43.239170074000072 ], [ -103.76915741, 43.214378357000044 ] ] ] } },
{ "type": "Feature", "properties": { }, "geometry": { "type": "MultiPolygon", "coordinates": [ [ [ [ -96.512313842999959, 31.709951401000069 ], [ -96.558326720999958, 31.737049103000061 ], [ -96.490905761999954, 31.789962769000056 ], [ -96.446098327999948, 31.78791618300005 ], [ -96.512313842999959, 31.709951401000069 ] ] ], [ [ [ -88.808410644999981, 37.177616119000049 ], [ -88.42495727499994, 37.029037476000042 ], [ -88.233894347999978, 36.897987366000052 ], [ -88.180221557999971, 36.714836121000076 ], [ -88.207435607999969, 36.499145508000026 ], [ -88.456024169999978, 35.704906464000032 ], [ -88.620361327999944, 35.498123169000053 ], [ -88.715538024999944, 35.292911530000026 ], [ -88.859725951999962, 35.227230072000054 ], [ -88.940788268999938, 35.146274567000034 ], [ -88.896926879999967, 35.010910034000062 ], [ -88.928970336999953, 34.901641846000075 ], [ -88.937652587999935, 34.792903900000056 ], [ -88.916084289999958, 34.784461975000056 ], [ -88.944732665999936, 34.742153168000073 ], [ -89.083030700999984, 34.737537384000063 ], [ -88.976432799999941, 34.665878296000074 ], [ -89.055305480999948, 34.651187897000057 ], [ -89.043754577999948, 34.514156342000035 ], [ -89.203834533999952, 34.479118347000053 ], [ -89.14667511, 34.354160309000065 ], [ -89.167602538999972, 34.232013702000074 ], [ -89.139945983999951, 34.184391022000057 ], [ -89.190834044999974, 34.087783813000044 ], [ -89.271972655999946, 34.058895111000027 ], [ -89.315597533999949, 33.97595977800006 ], [ -89.257942199999945, 33.981491089000031 ], [ -89.24224090599995, 34.024250031000065 ], [ -89.162002562999987, 34.012706757000046 ], [ -89.210418700999981, 33.87940216100003 ], [ -89.329849242999956, 33.834453583000027 ], [ -89.329544066999972, 33.811054230000025 ], [ -89.148666381999988, 33.704364777000023 ], [ -89.10868835399998, 33.624980927000024 ], [ -89.137870788999976, 33.624286652000023 ], [ -89.152999877999946, 33.522148132000041 ], [ -89.049400329999969, 33.475658417000034 ], [ -88.997566222999978, 33.215515137000068 ], [ -88.84700012199994, 33.168083191000051 ], [ -88.804153441999972, 33.026588440000069 ], [ -88.721054076999962, 33.006992340000068 ], [ -88.706298827999944, 32.960712433000026 ], [ -88.621612548999963, 32.925483704000044 ], [ -88.652000426999962, 32.893608093000068 ], [ -88.648834228999988, 32.78765487700008 ], [ -88.56340789799998, 32.730583191000051 ], [ -88.531044005999945, 32.665695190000065 ], [ -88.556785582999964, 32.638034821000076 ], [ -88.457679748999965, 32.606624603000057 ], [ -88.463706969999976, 32.577953339000032 ], [ -88.442108153999982, 32.581352234000065 ], [ -88.471374511999954, 32.540840149000076 ], [ -88.371948241999974, 32.560775757000044 ], [ -88.306274413999972, 32.443302155000026 ], [ -88.181045531999985, 32.392864227000075 ], [ -88.123802184999988, 32.334285736000027 ], [ -88.124702453999987, 32.274856567000029 ], [ -88.055107116999977, 32.240928650000058 ], [ -88.046607970999958, 32.192131042000028 ], [ -88.121162414999958, 32.05135726900005 ], [ -88.105659485, 31.900621414000057 ], [ -88.048805236999954, 31.939298630000053 ], [ -88.007591247999983, 32.153892517000031 ], [ -87.943626403999986, 32.193054199000073 ], [ -87.764053344999979, 32.135101318000068 ], [ -87.690246581999986, 32.181282043000067 ], [ -87.586601256999984, 32.034637451000037 ], [ -87.509941100999981, 31.995105743000067 ], [ -87.515274047999981, 31.952621460000046 ], [ -87.436347960999967, 31.942615509000063 ], [ -87.530868529999964, 31.871524811000029 ], [ -87.492584228999988, 31.814203262000035 ], [ -87.432952880999949, 31.792169571000045 ], [ -87.401367187999938, 31.821956635000049 ], [ -87.416465758999948, 31.90642738300005 ], [ -87.245429992999959, 31.973814011000059 ], [ -87.196113585999967, 31.950328827000078 ], [ -87.194885253999985, 31.902070999000046 ], [ -87.117095946999939, 31.89422988900003 ], [ -87.087593078999987, 31.922412872000052 ], [ -87.024330138999971, 31.871158600000058 ], [ -86.956260680999947, 31.887626648000037 ], [ -86.923721312999987, 31.851266861000056 ], [ -86.87469482399996, 31.928564072000029 ], [ -86.742012023999962, 31.899124146000077 ], [ -86.675239563, 31.870248795000066 ], [ -86.628845214999956, 31.752120972000057 ], [ -86.550788878999981, 31.811538696000071 ], [ -86.474143981999987, 31.722444534000033 ], [ -86.298919677999947, 31.771963120000066 ], [ -86.305030822999981, 31.728389740000068 ], [ -86.243827819999979, 31.724466324000048 ], [ -86.177246093999941, 31.787117004000038 ], [ -86.124969481999983, 31.753622055000051 ], [ -86.169311522999976, 31.642211914000029 ], [ -86.00321960399998, 31.816230774000076 ], [ -85.948684691999972, 31.793897629000071 ], [ -85.919136046999938, 31.721328735000043 ], [ -85.87059783899997, 31.816719055000078 ], [ -85.852058410999973, 31.785482407000075 ], [ -85.875038146999941, 31.73507118200007 ], [ -85.849021911999955, 31.722568512000066 ], [ -85.808212279999964, 31.769369125000026 ], [ -85.735961913999972, 31.766296387000068 ], [ -85.711791991999974, 31.644817352000075 ], [ -85.68078613299997, 31.739730835000046 ], [ -85.449974059999988, 31.90036010700004 ], [ -85.298660277999943, 31.84356880200005 ], [ -85.268447875999982, 31.783342361000052 ], [ -85.230926513999975, 31.806194305000076 ], [ -85.13303375199996, 31.748729706000063 ], [ -85.06057739299996, 31.559474945000034 ], [ -85.009864806999985, 31.771091461000026 ], [ -84.938049316, 31.769277573000068 ], [ -84.814613341999973, 31.852355957000043 ], [ -84.892044066999972, 31.918117523000035 ], [ -84.882431029999964, 31.94863891600005 ], [ -84.784988402999943, 32.03350067100007 ], [ -84.751380919999974, 32.030216217000032 ], [ -84.730430602999945, 32.096786499000075 ], [ -84.687492370999962, 32.066547394000054 ], [ -84.625465392999956, 32.103633881000064 ], [ -84.533500670999956, 32.064186096000071 ], [ -84.42864227299998, 32.165737152000077 ], [ -84.340026854999962, 32.118473053000059 ], [ -84.35855102499994, 32.250045776000036 ], [ -84.312271117999956, 32.235942841000053 ], [ -84.10068511999998, 32.304401398000039 ], [ -84.039062499999943, 32.279712677000077 ], [ -84.032241820999957, 32.380115509000063 ], [ -83.961463927999944, 32.548667908000027 ], [ -83.975669860999972, 32.594085693000068 ], [ -83.846633910999969, 32.699150085000042 ], [ -83.61759948699995, 32.653148651000038 ], [ -83.583999633999952, 32.628837585000042 ], [ -83.603134154999964, 32.582897186000025 ], [ -83.482650756999988, 32.459083557000042 ], [ -83.515029906999985, 32.404445648000035 ], [ -83.656707763999975, 32.419250488000046 ], [ -83.828567504999967, 32.382926941000051 ], [ -83.845825194999975, 32.279182434000063 ], [ -83.798507689999951, 32.21985244800004 ], [ -83.869186400999979, 32.167541504000042 ], [ -83.948196410999969, 32.037948608000079 ], [ -84.251335143999938, 31.818532944000026 ], [ -84.34358978299997, 31.870399475000056 ], [ -84.550163268999938, 31.748653412000067 ], [ -84.527717589999952, 31.631519318000073 ], [ -84.57498931899994, 31.511617661000059 ], [ -84.749786376999964, 31.568241119000049 ], [ -84.827026366999974, 31.49200630200005 ], [ -84.886871337999935, 31.508083344000056 ], [ -84.88000488299997, 31.478532791000077 ], [ -84.930961608999951, 31.43028640700004 ], [ -85.005775451999966, 31.493455887000039 ], [ -85.068466186999956, 31.46949386600005 ], [ -85.103523253999981, 31.216871262000041 ], [ -85.131019591999973, 31.269189835000077 ], [ -85.12431335399998, 31.194234848000065 ], [ -85.017616271999941, 30.948490143000072 ], [ -85.02060699499998, 30.852634430000023 ], [ -84.92850494399994, 30.717334747000052 ], [ -85.038429259999987, 30.505388260000075 ], [ -85.029861449999942, 30.297225952000076 ], [ -85.172546386999954, 30.141771317000064 ], [ -85.029891967999959, 29.908863068000073 ], [ -85.048957824999945, 29.855361938000044 ], [ -85.349052428999983, 29.877655029000039 ], [ -85.679443358999947, 30.114906311000027 ], [ -85.669990539999958, 30.143430710000075 ], [ -85.607223510999972, 30.093103409000037 ], [ -85.566177367999956, 30.09918975800008 ], [ -85.470230102999949, 30.016288757000041 ], [ -85.429580687999987, 30.043836594000027 ], [ -85.391899108999951, 30.028331757000046 ], [ -85.432785033999949, 30.076297760000045 ], [ -85.456802367999956, 30.032491684000036 ], [ -85.482742309999935, 30.038095474000045 ], [ -85.48316192599998, 30.090732574000072 ], [ -85.519256591999977, 30.102140427000052 ], [ -85.49881744399994, 30.139036179000072 ], [ -85.562828063999973, 30.145467758000052 ], [ -85.580284118999941, 30.119585037000036 ], [ -85.728393554999968, 30.183719635000045 ], [ -85.678001403999986, 30.251316071000076 ], [ -85.601272582999968, 30.248800278000033 ], [ -85.580101013, 30.30264091500004 ], [ -85.554931640999939, 30.28652954100005 ], [ -85.570457457999964, 30.323825836000026 ], [ -85.52013397199994, 30.321329117000062 ], [ -85.555335998999965, 30.363843918000043 ], [ -85.576431273999958, 30.331974030000026 ], [ -85.597442626999964, 30.350887299000078 ], [ -85.599189757999966, 30.277656555000078 ], [ -85.646057128999985, 30.266897202000052 ], [ -85.640159606999987, 30.28940773000005 ], [ -85.714202880999949, 30.237941742000032 ], [ -85.761505126999964, 30.323677063000048 ], [ -85.777160644999981, 30.289108276000036 ], [ -85.866577147999976, 30.312791824000044 ], [ -85.842521666999971, 30.231288910000046 ], [ -85.75605011, 30.241857529000072 ], [ -85.748138427999947, 30.167844772000024 ], [ -85.709709166999971, 30.148769379000044 ], [ -85.772972106999987, 30.168361664000031 ], [ -85.735588073999963, 30.124103546000072 ], [ -86.047508239999956, 30.289438248000067 ], [ -86.515281676999962, 30.395496368000067 ], [ -86.484176635999972, 30.41816330000006 ], [ -86.334907531999988, 30.386661530000026 ], [ -86.313323974999946, 30.429206848000035 ], [ -86.245567321999943, 30.393095016000075 ], [ -86.26531982399996, 30.417852402000051 ], [ -86.245002746999944, 30.43062210100004 ], [ -86.114349364999953, 30.378767014000061 ], [ -86.122467040999936, 30.426647186000025 ], [ -86.156562804999965, 30.433303833000025 ], [ -86.13358306899994, 30.487272263000079 ], [ -86.18469238299997, 30.45470619200006 ], [ -86.19710540799997, 30.502490997000052 ], [ -86.419998168999939, 30.452075958000023 ], [ -86.446121215999938, 30.492670059000034 ], [ -86.415267943999936, 30.507530212000063 ], [ -86.465545653999982, 30.485832214000027 ], [ -86.493141173999959, 30.521348953000029 ], [ -86.477958678999983, 30.475490570000034 ], [ -86.556129455999951, 30.431156158000078 ], [ -86.59218597399996, 30.48200988800005 ], [ -86.599555968999937, 30.430137634000062 ], [ -86.632499694999979, 30.432558060000076 ], [ -86.588836669999978, 30.426273346000073 ], [ -86.595085143999938, 30.405996323000068 ], [ -87.011093139999957, 30.387001038000051 ], [ -87.521636962999935, 30.622806549000074 ], [ -88.321311950999984, 30.785802841000077 ], [ -88.781723021999937, 30.977136612000038 ], [ -89.175552367999956, 31.188611984000033 ], [ -89.403663634999987, 31.265104294000025 ], [ -89.795837401999961, 31.366689682000072 ], [ -90.167579650999983, 31.352203369000051 ], [ -90.781562804999965, 31.48104476900005 ], [ -90.920166015999939, 31.431262970000034 ], [ -91.46256256099997, 31.105016708000051 ], [ -92.126449584999989, 30.801280975000054 ], [ -93.072624207, 30.557451248000064 ], [ -93.952972411999951, 30.245471954000038 ], [ -94.418838500999982, 30.185348511000029 ], [ -95.160636901999965, 29.986171722000051 ], [ -95.540153502999942, 29.780426025000054 ], [ -96.090003966999973, 29.327974319000077 ], [ -96.53411102299998, 28.860120773000062 ], [ -96.600372313999969, 28.75162124600007 ], [ -96.991455077999944, 28.470142365000072 ], [ -97.365249633999952, 28.148681641000053 ], [ -97.76818084699994, 27.745216370000037 ], [ -97.989974975999985, 27.451595306000058 ], [ -98.083366393999938, 27.218252182000072 ], [ -98.078903197999978, 27.110607147000053 ], [ -97.911460875999978, 26.461877823000066 ], [ -97.868400573999963, 26.061836243000073 ], [ -98.029914855999948, 26.063652039000033 ], [ -98.077873229999966, 26.034013748000064 ], [ -98.08261108399995, 26.070196152000051 ], [ -98.19872283899997, 26.053314209000064 ], [ -98.286872863999974, 26.100156784000035 ], [ -98.28182983399995, 26.125980377000076 ], [ -98.306953429999965, 26.103263855000023 ], [ -98.337524413999972, 26.163436890000071 ], [ -98.388069152999947, 26.154521942000031 ], [ -98.442787169999974, 26.221963882000068 ], [ -98.504028319999975, 26.208066940000037 ], [ -98.594436645999963, 26.259277344000054 ], [ -98.66692352299998, 26.23572540300006 ], [ -98.802276610999968, 26.366371155000024 ], [ -98.897857665999936, 26.354949951000037 ], [ -98.924156188999973, 26.392204285000048 ], [ -98.945137023999962, 26.369770050000056 ], [ -98.961975097999982, 26.397672653000029 ], [ -99.074134826999966, 26.395959854000068 ], [ -99.110229491999974, 26.423082352000051 ], [ -99.097923278999986, 26.488595963000023 ], [ -99.171257018999938, 26.540027618000067 ], [ -99.21311187699996, 26.722787857000071 ], [ -99.351036071999943, 26.927198410000074 ], [ -99.25181579599996, 27.130937576000065 ], [ -99.191040038999972, 27.421779633000028 ], [ -99.19660949699994, 27.570989609000037 ], [ -99.273223876999964, 27.837375641000051 ], [ -99.33081817599998, 27.890302658000053 ], [ -99.452667235999968, 28.154926300000056 ], [ -99.497566222999978, 28.297590256000035 ], [ -99.512832641999978, 28.530565262000039 ], [ -99.608428954999965, 28.671380997000028 ], [ -99.82994079599996, 28.73320579500006 ], [ -100.008811950999984, 28.835882187000038 ], [ -100.134658812999987, 28.994880676000037 ], [ -100.208213805999947, 29.001956940000071 ], [ -100.357406616, 28.943065643000068 ], [ -100.37114715599995, 28.968358994000027 ], [ -100.337760924999941, 29.003044128000056 ], [ -100.374267577999944, 29.060609818000046 ], [ -100.343688964999956, 29.102670670000066 ], [ -100.190620421999938, 29.073171616000025 ], [ -100.048538207999968, 29.101690292000058 ], [ -99.94215393099995, 29.034660339000027 ], [ -99.945487975999981, 29.082748413000047 ], [ -99.911361693999936, 29.076026917000036 ], [ -99.923469542999953, 28.927825928000061 ], [ -99.84840393099995, 28.851400375000026 ], [ -99.852066039999954, 28.889755249000075 ], [ -99.803764342999955, 28.885585785000046 ], [ -99.787742614999956, 28.968494415000066 ], [ -99.797210692999954, 29.005577087000063 ], [ -99.858757018999938, 29.014636993000067 ], [ -99.874748229999966, 29.097436905000052 ], [ -99.914299010999969, 29.133865356000058 ], [ -99.889457702999948, 29.17967414900005 ], [ -99.788368224999942, 29.16283607500003 ], [ -99.685340880999945, 29.090604782000071 ], [ -99.651748656999985, 29.013826370000061 ], [ -99.684387206999986, 28.902854919000049 ], [ -99.43453216599994, 28.797235489000059 ], [ -99.389900207999972, 28.867958069000053 ], [ -99.45992279099994, 28.941337585000042 ], [ -99.517555236999954, 28.95409965500005 ], [ -99.673477172999981, 29.115213394000079 ], [ -99.687980651999965, 29.171682358000055 ], [ -99.564025878999985, 29.152206421000074 ], [ -99.427314757999966, 29.027324677000024 ], [ -99.449119567999958, 29.010902405000024 ], [ -99.21878051799996, 28.905050278000033 ], [ -99.194694518999938, 28.805608749000044 ], [ -99.255012511999951, 28.797250748000067 ], [ -99.294303893999938, 28.841386795000062 ], [ -99.286956786999951, 28.800773621000076 ], [ -99.171913146999941, 28.737674713000047 ], [ -99.156562804999965, 28.852621078000027 ], [ -99.18612670899995, 28.900369644000079 ], [ -99.130416869999976, 28.95048141500007 ], [ -99.14299011199995, 28.995027542000059 ], [ -99.380714416999979, 29.043575287000067 ], [ -99.455665587999988, 29.155250549000073 ], [ -99.427368163999972, 29.199773788000073 ], [ -99.286857604999966, 29.201354980000076 ], [ -99.219924926999965, 29.267919540000037 ], [ -98.94215393099995, 29.33687210100004 ], [ -98.883659363, 29.28239250200005 ], [ -98.692916869999976, 29.310487747000025 ], [ -98.559463500999982, 29.205165863000047 ], [ -98.548370360999968, 29.316410065000071 ], [ -98.431732177999947, 29.363172531000032 ], [ -98.424255370999958, 29.274438858000053 ], [ -98.32231903099995, 29.355346680000025 ], [ -98.36492919899996, 29.361362457000041 ], [ -98.351036071999943, 29.414150238000047 ], [ -98.220146178999983, 29.432134628000028 ], [ -98.035285949999945, 29.531490326000039 ], [ -97.957946776999961, 29.546646118000069 ], [ -97.923675536999951, 29.514114380000024 ], [ -97.934585570999957, 29.603391647000024 ], [ -97.824600219999979, 29.703819275000058 ], [ -97.741134643999942, 29.714246750000029 ], [ -97.755096435999974, 29.776031494000051 ], [ -97.689414977999945, 29.848186493000071 ], [ -97.593231200999981, 29.774398804000043 ], [ -97.580078124999943, 29.80243301400003 ], [ -97.683586120999962, 29.907684326000037 ], [ -97.63886261, 29.991210938000052 ], [ -97.551155089999952, 30.062355042000036 ], [ -97.384124755999949, 30.360845566000023 ], [ -96.967025756999988, 30.812322617000063 ], [ -96.90933227499994, 30.994434357000046 ], [ -96.816162108999947, 31.032608032000041 ], [ -96.714210509999987, 31.200147629000071 ], [ -96.659683227999949, 31.348569870000063 ], [ -96.664840697999978, 31.429023743000073 ], [ -96.616157531999988, 31.458250046000046 ], [ -96.622810363999974, 31.347106934000067 ], [ -96.589035033999949, 31.423219681000035 ], [ -96.51512908899997, 31.480106354000043 ], [ -96.436637877999942, 31.471323013000074 ], [ -96.476173400999983, 31.580060959000036 ], [ -96.397117614999956, 31.745670319000055 ], [ -96.332153319999975, 31.806493759000034 ], [ -96.355674743999941, 31.858045578000031 ], [ -96.217620849999946, 31.960107803000028 ], [ -96.266456603999984, 31.991468430000054 ], [ -96.229438781999988, 32.063362122000058 ], [ -96.157058715999938, 32.100040436000029 ], [ -96.204971312999987, 32.109764099000074 ], [ -96.071098327999948, 32.318145752000078 ], [ -96.032501220999961, 32.562393188000044 ], [ -96.003639220999958, 32.575645447000056 ], [ -96.029037475999985, 32.601047516000051 ], [ -96.005401610999968, 32.69517898600003 ], [ -95.882789611999954, 32.783843994000051 ], [ -95.871063231999983, 32.886070251000035 ], [ -95.793235778999986, 32.94173431400003 ], [ -95.717216491999977, 33.091789246000076 ], [ -95.617004394999981, 33.152069092000033 ], [ -95.448822020999955, 33.10293579100005 ], [ -95.443069457999968, 33.138656616000048 ], [ -95.375801085999967, 33.139633179000043 ], [ -95.360610961999953, 33.167770386000029 ], [ -95.312683104999962, 33.139518738000049 ], [ -95.027778624999939, 33.380222321000076 ], [ -94.825546264999957, 33.356716156000061 ], [ -94.551422118999938, 33.399192810000045 ], [ -94.516975402999947, 33.381774902000075 ], [ -94.420120238999971, 33.445652008000025 ], [ -94.317230224999946, 33.451271057000042 ], [ -94.142723082999964, 33.423377991000052 ], [ -94.069061278999982, 33.468894958000078 ], [ -93.972694396999941, 33.470695496000076 ], [ -93.805259704999969, 33.531833649000077 ], [ -93.534538268999938, 33.67635726900005 ], [ -93.42228698699995, 33.655265808000024 ], [ -93.336669921999942, 33.705001831000061 ], [ -93.283027648999962, 33.699584961000028 ], [ -93.019058227999949, 33.984001160000048 ], [ -92.930931091, 34.186138153000059 ], [ -92.961997985999972, 34.267581940000071 ], [ -92.897628783999949, 34.388317108000024 ], [ -92.56040954599996, 34.60717010500008 ], [ -92.502189635999969, 34.598381042000028 ], [ -92.48706817599998, 34.636928558000079 ], [ -92.438034057999971, 34.63762283300008 ], [ -92.241996764999953, 34.79071426400003 ], [ -92.129852294999978, 34.928543091000051 ], [ -91.927680968999937, 35.007812500000057 ], [ -91.92385864299996, 35.104286194000053 ], [ -91.505546569999979, 35.375213623000036 ], [ -91.352188109999986, 35.556739807000042 ], [ -91.260574340999938, 35.875190735000047 ], [ -91.127563476999967, 36.096313477000024 ], [ -90.33560943599997, 36.84121704100005 ], [ -90.060066222999978, 37.032466888000044 ], [ -89.709960936999948, 37.137928009000063 ], [ -89.17687988299997, 37.183666229000039 ], [ -89.121032714999956, 37.258945465000068 ], [ -88.808410644999981, 37.177616119000049 ] ] ] ] } },
{ "type": "Feature", "properties": { }, "geometry": { "type": "Polygon", "coordinates": [ [ [ -100.357406616, 28.943065643000068 ], [ -100.134658812999987, 28.994880676000037 ], [ -100.008811950999984, 28.835882187000038 ], [ -99.881736754999963, 28.761129379000067 ], [ -99.608428954999965, 28.671380997000028 ], [ -99.512832641999978, 28.530565262000039 ], [ -99.497566222999978, 28.297590256000035 ], [ -99.452667235999968, 28.154926300000056 ], [ -99.33081817599998, 27.890302658000053 ], [ -99.273223876999964, 27.837375641000051 ], [ -99.19660949699994, 27.570989609000037 ], [ -99.191040038999972, 27.421779633000028 ], [ -99.25181579599996, 27.130937576000065 ], [ -99.351036071999943, 26.927198410000074 ], [ -99.444931029999964, 27.021499634000065 ], [ -99.447998046999942, 27.258092880000049 ], [ -99.488296508999952, 27.258758545000035 ], [ -99.493652343999941, 27.302576065000039 ], [ -99.541564941, 27.315702438000073 ], [ -99.507728576999966, 27.339979172000028 ], [ -99.482398986999954, 27.475797653000029 ], [ -99.529319763, 27.500434875000053 ], [ -99.515640258999952, 27.566705704000071 ], [ -99.599266051999962, 27.640285492000032 ], [ -99.719123839999952, 27.657711029000041 ], [ -99.813179016, 27.771179199000073 ], [ -99.877815246999944, 27.794290543000045 ], [ -99.937744140999939, 27.981643677000079 ], [ -99.98404693599997, 27.994081497000025 ], [ -100.085571288999972, 28.146299362000036 ], [ -100.210449218999941, 28.194869995000033 ], [ -100.166328429999965, 28.504571915000042 ], [ -100.092643738, 28.533285141000079 ], [ -100.076278686999956, 28.571552277000023 ], [ -100.102012633999948, 28.58588409400005 ], [ -100.096122741999977, 28.648586273000035 ], [ -100.179763793999939, 28.911081314000057 ], [ -100.159721374999947, 28.563291550000031 ], [ -100.284072875999982, 28.516632080000079 ], [ -100.315437316999976, 28.346576691000053 ], [ -100.370376586999953, 28.476005554000039 ], [ -100.337882995999962, 28.501840591000075 ], [ -100.38762664799998, 28.514995575000057 ], [ -100.413673400999983, 28.544759750000026 ], [ -100.398323058999949, 28.584323883000025 ], [ -100.503997802999947, 28.66655159000004 ], [ -100.538192748999961, 28.805496216000051 ], [ -100.440467833999946, 28.831884384000034 ], [ -100.44641113299997, 28.881784439000057 ], [ -100.376800536999951, 28.884468079000044 ], [ -100.357406616, 28.943065643000068 ] ] ] } },
{ "type": "Feature", "properties": { }, "geometry": { "type": "Polygon", "coordinates": [ [ [ -78.805946349999942, 41.998146057000042 ], [ -78.882293700999981, 41.984653473000037 ], [ -78.894767760999969, 42.005767822000053 ], [ -78.835243224999942, 42.019214630000079 ], [ -78.805946349999942, 41.998146057000042 ] ] ] } },
{ "type": "Feature", "properties": { }, "geometry": { "type": "Polygon", "coordinates": [ [ [ -78.410171508999952, 41.960132599000076 ], [ -78.438514708999946, 41.96817016600005 ], [ -78.409225463999974, 41.97669982900004 ], [ -78.410171508999952, 41.960132599000076 ] ] ] } },
{ "type": "Feature", "properties": { }, "geometry": { "type": "Polygon", "coordinates": [ [ [ -78.731361388999971, 41.950260162000063 ], [ -78.759773253999981, 41.874176025000054 ], [ -78.697547912999937, 41.890766144000054 ], [ -78.708854674999941, 41.832626343000072 ], [ -78.64827728299997, 41.832736969000052 ], [ -78.644706725999981, 41.866752625000061 ], [ -78.577583312999934, 41.894611359000066 ], [ -78.583694457999968, 41.846588135000047 ], [ -78.457366942999954, 41.84006118800005 ], [ -78.513977050999983, 41.818641663000051 ], [ -78.596458434999988, 41.699909210000044 ], [ -78.532135009999934, 41.688964844000054 ], [ -78.456115722999982, 41.763736725000058 ], [ -78.429084777999947, 41.652103424000074 ], [ -78.37772369399994, 41.642597198000033 ], [ -78.382637023999962, 41.757007599000076 ], [ -78.317466735999972, 41.778125763000048 ], [ -78.315155028999982, 41.737945557000046 ], [ -78.266029357999969, 41.73396301300005 ], [ -78.270004271999937, 41.696537018000072 ], [ -78.217681884999934, 41.668930054000043 ], [ -78.27613067599998, 41.635818481000058 ], [ -78.263038634999987, 41.581760406000058 ], [ -78.367729186999952, 41.54293823200004 ], [ -78.384811400999979, 41.484603882000044 ], [ -78.51177215599995, 41.478721619000055 ], [ -78.546920775999979, 41.441188812000064 ], [ -78.323249816999976, 41.438217163000047 ], [ -78.270919799999945, 41.350059509000062 ], [ -78.518562316999976, 41.261394501000041 ], [ -78.408996581999986, 41.24642181400003 ], [ -78.363487243999941, 41.287403107000046 ], [ -78.243865966999977, 41.307750702000078 ], [ -78.219482421999942, 41.26452636700003 ], [ -78.167076110999972, 41.313030243000071 ], [ -78.092117309999935, 41.274082184000065 ], [ -78.107208251999964, 41.174224854000045 ], [ -78.030715941999972, 41.248035431000062 ], [ -77.958152770999959, 41.231918335000046 ], [ -78.009643554999968, 41.154079437000064 ], [ -77.987815856999987, 41.137607574000072 ], [ -77.958953856999983, 41.17432403600003 ], [ -77.878372191999972, 41.161972046000074 ], [ -77.872619628999985, 41.236034393000068 ], [ -77.806434630999945, 41.219711304000043 ], [ -77.784973144999981, 41.265163422000057 ], [ -77.685096740999938, 41.290443420000031 ], [ -77.633514403999982, 41.241279602000077 ], [ -77.650764464999952, 41.199741364000033 ], [ -77.546142577999944, 41.145553589000031 ], [ -77.641357421999942, 41.101718903000062 ], [ -77.744262694999975, 41.143413544000055 ], [ -77.819824218999941, 41.125579834000064 ], [ -77.860237121999944, 41.055629730000078 ], [ -77.930343627999946, 41.047794342000032 ], [ -78.013900756999988, 40.978717804000041 ], [ -78.060317992999956, 40.895343781000065 ], [ -78.352363585999967, 40.705753326000035 ], [ -78.470169066999972, 40.503936768000074 ], [ -78.671531676999962, 40.615440369000055 ], [ -78.859443664999958, 40.56840896600005 ], [ -78.95296478299997, 40.510074615000065 ], [ -79.026962279999964, 40.336486816000047 ], [ -79.299385070999961, 40.089538574000073 ], [ -79.490127562999987, 39.832370758000025 ], [ -79.421623229999966, 39.82328033400006 ], [ -79.405151366999974, 39.889625549000073 ], [ -79.313972472999978, 39.997016907000045 ], [ -79.204277038999976, 40.075878143000068 ], [ -79.138610839999956, 39.895133972000053 ], [ -79.285820006999984, 39.764373779000039 ], [ -79.33794403099995, 39.645671844000049 ], [ -79.400726317999954, 39.627494812000066 ], [ -79.443992614999956, 39.532096863000049 ], [ -79.360778808999953, 39.541858673000036 ], [ -79.379051207999964, 39.460308075000057 ], [ -79.468551635999972, 39.359066010000049 ], [ -79.541320800999983, 39.359104156000058 ], [ -79.512428283999952, 39.452751160000048 ], [ -79.461776732999965, 39.502746582000043 ], [ -79.472793578999983, 39.549297333000027 ], [ -79.53787994399994, 39.547519684000065 ], [ -79.647201537999933, 39.388427734000061 ], [ -79.748146056999985, 39.319286346000069 ], [ -79.875732421999942, 39.081504822000056 ], [ -79.963409423999963, 38.814575195000032 ], [ -80.129608153999982, 38.55127716100003 ], [ -80.246261596999943, 38.493022919000055 ], [ -80.402069091999977, 38.465328217000035 ], [ -80.390625, 38.436637878000056 ], [ -80.256195067999954, 38.448108673000036 ], [ -80.195480346999943, 38.489780426000038 ], [ -80.131660460999967, 38.464420319000055 ], [ -80.156600951999962, 38.353145599000072 ], [ -80.389762877999942, 38.348228455000026 ], [ -80.324874877999946, 38.286106110000048 ], [ -80.290290832999972, 38.325504303000059 ], [ -80.226432799999941, 38.324253082000041 ], [ -80.234016417999953, 38.223930359000065 ], [ -80.428947448999963, 38.281429291000052 ], [ -80.417907714999956, 38.248218536000024 ], [ -80.284049987999936, 38.185218811000027 ], [ -80.289154052999947, 38.156192780000026 ], [ -80.36174011199995, 38.175399780000077 ], [ -80.340599059999988, 38.105648041000052 ], [ -80.470092772999976, 38.170795441000053 ], [ -80.485000609999986, 38.081378937000068 ], [ -80.54800414999994, 38.103023529000041 ], [ -80.498558043999935, 38.033016205000024 ], [ -80.589523314999951, 37.986717224000074 ], [ -80.770980834999989, 37.991275787000063 ], [ -80.82496643099995, 37.91274261500007 ], [ -80.999870299999941, 37.977428436000025 ], [ -81.03254699699994, 38.035526276000041 ], [ -81.037727355999948, 37.98648834200003 ], [ -81.26496887199994, 37.885505676000037 ], [ -81.575454711999953, 37.646392822000053 ], [ -81.782287597999982, 37.378807068000071 ], [ -81.80047607399996, 37.270500183000024 ], [ -81.776100158999952, 37.226409912000065 ], [ -81.599945067999954, 37.186710358000028 ], [ -81.718124389999957, 37.10541534400005 ], [ -81.961410521999937, 37.01966857900004 ], [ -82.025566100999981, 37.043079376000037 ], [ -82.400169372999983, 36.85115051300005 ], [ -82.825027465999938, 36.747329712000067 ], [ -82.836090087999935, 36.767093658000078 ], [ -82.718086242999959, 36.808704376000037 ], [ -82.67812347399996, 36.855770111000027 ], [ -82.671257018999938, 36.907924652000077 ], [ -82.719482421999942, 36.931053162000069 ], [ -82.945884704999969, 36.780773163000049 ], [ -83.557212829999969, 36.633338928000057 ], [ -83.810813903999986, 36.535419464000029 ], [ -83.872795104999966, 36.470943451000039 ], [ -83.97518920899995, 36.475936890000071 ], [ -84.028457641999978, 36.421695709000062 ], [ -84.123504638999975, 36.397167206000063 ], [ -84.242828368999938, 36.279907227000024 ], [ -84.189109801999962, 36.199741364000033 ], [ -84.256881713999974, 36.075477600000056 ], [ -84.449600219999979, 35.979732513000044 ], [ -84.520683288999976, 35.98333358800005 ], [ -84.630714416999979, 35.901107788000047 ], [ -84.708518981999987, 35.891185760000042 ], [ -85.111831664999954, 35.468139648000033 ], [ -85.218978881999988, 35.25313568100006 ], [ -85.321121215999938, 35.192832947000056 ], [ -85.322181701999966, 35.11385726900005 ], [ -85.372688292999953, 35.096420288000047 ], [ -85.418746947999978, 35.133075714000029 ], [ -85.458793639999953, 35.04497146600005 ], [ -85.48355102499994, 35.08197784400005 ], [ -85.549728393999942, 35.09245300300006 ], [ -85.344795226999963, 35.329311371000074 ], [ -85.196670531999985, 35.583969116000048 ], [ -85.094001769999977, 35.643581390000065 ], [ -84.938941955999951, 35.833477020000032 ], [ -85.046882628999981, 35.778560638000044 ], [ -85.303627013999971, 35.547534943000073 ], [ -85.595214843999941, 35.165935516000047 ], [ -85.616111754999963, 35.159793854000043 ], [ -85.637504577999948, 35.266891479000037 ], [ -85.678222655999946, 35.290290833000029 ], [ -85.699340819999975, 35.257999420000033 ], [ -85.636611937999987, 35.097862244000055 ], [ -85.730712890999939, 35.05226516700003 ], [ -85.701400756999988, 35.141643524000074 ], [ -85.734512328999983, 35.234687805000078 ], [ -85.772262572999978, 35.212799072000053 ], [ -85.745948791999979, 35.154659271000071 ], [ -85.796493529999964, 35.224628448000033 ], [ -85.861076354999966, 35.207435608000026 ], [ -85.831596374999947, 35.146697998000036 ], [ -85.749015807999967, 35.107234955000024 ], [ -85.844360351999967, 35.112873077000074 ], [ -85.760055541999975, 35.041942596000069 ], [ -85.757659911999951, 35.005836487000067 ], [ -85.811378478999984, 34.947074890000067 ], [ -85.897506713999974, 34.922080994000055 ], [ -85.852203368999938, 35.015117645000032 ], [ -85.893402099999946, 35.048141479000037 ], [ -85.861961364999956, 35.092357635000042 ], [ -85.895332335999967, 35.10461044300007 ], [ -85.898139953999987, 35.168560028000059 ], [ -85.991119385, 35.219226837000065 ], [ -85.82496643099995, 35.275154114000031 ], [ -85.817405700999984, 35.370891571000072 ], [ -85.900672912999937, 35.391540527000075 ], [ -85.890777587999935, 35.459175110000047 ], [ -85.807632445999957, 35.52602386500007 ], [ -85.797302245999958, 35.490215302000024 ], [ -85.754241942999954, 35.492210388000046 ], [ -85.743110656999988, 35.528457642000035 ], [ -85.665580749999947, 35.452342987000065 ], [ -85.631782531999988, 35.504535675000056 ], [ -85.662544249999939, 35.558017731000064 ], [ -85.587242125999978, 35.564830780000079 ], [ -85.687835692999954, 35.585300446000076 ], [ -85.65220642099996, 35.672748566000053 ], [ -85.561035155999946, 35.613559723000037 ], [ -85.530197143999942, 35.647552490000066 ], [ -85.593048095999961, 35.701282501000037 ], [ -85.50608062699996, 35.720943451000039 ], [ -85.54390716599994, 35.754226685000049 ], [ -85.248138427999947, 35.825954437000064 ], [ -85.309387206999986, 35.868286133000026 ], [ -85.359031676999962, 35.830249786000024 ], [ -85.421058654999968, 35.835666656000058 ], [ -85.373443603999988, 35.894985199000075 ], [ -85.396163939999951, 35.908390045000033 ], [ -85.376205443999936, 35.993606567000029 ], [ -85.297958373999961, 36.034610748000034 ], [ -85.287124633999952, 36.128273010000044 ], [ -85.320396422999977, 36.15140533400006 ], [ -85.266174316, 36.215648651000038 ], [ -85.236145019999981, 36.200790405000077 ], [ -85.177642821999939, 36.342903137000064 ], [ -85.128486632999966, 36.37981796300005 ], [ -85.07356262199994, 36.320568085000048 ], [ -85.107048034999934, 36.238655090000066 ], [ -85.045928954999965, 36.258224487000064 ], [ -85.018524169999978, 36.334022522000055 ], [ -85.058769225999981, 36.370559692000029 ], [ -84.977752685999974, 36.383804321000071 ], [ -85.045982360999972, 36.485004425000056 ], [ -85.112869262999936, 36.490520477000075 ], [ -85.095214843999941, 36.516311646000077 ], [ -84.932991027999947, 36.514389038000047 ], [ -84.892494201999966, 36.553955078000058 ], [ -84.976989745999958, 36.613899231000062 ], [ -85.057655333999946, 36.62786483800005 ], [ -85.027290343999937, 36.675472260000049 ], [ -85.041076659999987, 36.727081299000076 ], [ -84.971878051999965, 36.685478210000042 ], [ -84.967758178999986, 36.644645691000051 ], [ -84.929389953999987, 36.640712738000047 ], [ -84.891304015999935, 36.709106445000032 ], [ -84.811416625999982, 36.745582581000065 ], [ -84.768699645999959, 36.706996918000073 ], [ -84.83668518099995, 36.707660675000056 ], [ -84.863983153999982, 36.646083832000045 ], [ -84.813095092999959, 36.631542206000063 ], [ -84.715545653999982, 36.696693420000031 ], [ -84.696243285999969, 36.776832581000065 ], [ -84.624603270999955, 36.764286041000048 ], [ -84.601806640999939, 36.796806335000042 ], [ -84.576240539999958, 36.763027191000049 ], [ -84.608375548999959, 36.692398071000071 ], [ -84.679817199999945, 36.666843414000027 ], [ -84.734451293999939, 36.602867126000035 ], [ -84.610198974999946, 36.674991608000028 ], [ -84.721755980999944, 36.515495300000055 ], [ -84.671707152999943, 36.49699783300008 ], [ -84.520462035999969, 36.674411774000077 ], [ -84.581916808999949, 36.848434448000035 ], [ -84.575057982999965, 36.907886505000079 ], [ -84.507217406999985, 36.962841034000064 ], [ -84.439193725999985, 36.949504852000075 ], [ -84.492897033999952, 36.988410950000059 ], [ -84.413764953999987, 37.025474548000034 ], [ -84.443000792999953, 37.047782898000037 ], [ -84.412322997999979, 37.090133667000032 ], [ -84.454284667999957, 37.129894257000046 ], [ -84.418029784999987, 37.151672363000046 ], [ -84.390342711999949, 37.242725372000052 ], [ -84.285575866999977, 37.206676483000024 ], [ -84.361938476999967, 37.189235687000064 ], [ -84.30259704599996, 37.103523254000038 ], [ -84.350852965999934, 37.106559753000056 ], [ -84.351860045999956, 37.074829102000024 ], [ -84.256324767999956, 37.086490631000061 ], [ -84.263694763, 37.142570496000076 ], [ -84.200424193999936, 37.269069672000057 ], [ -84.286239623999961, 37.263633728000059 ], [ -84.311355590999938, 37.326412201000039 ], [ -84.242652892999956, 37.311214447000054 ], [ -84.182479857999965, 37.383487701000035 ], [ -84.262512206999986, 37.36710357700008 ], [ -84.231803893999938, 37.494747162000067 ], [ -84.087348937999934, 37.491264343000068 ], [ -83.977844237999989, 37.544300079000038 ], [ -83.908241271999941, 37.525402069000052 ], [ -83.848297118999938, 37.590194702000076 ], [ -83.792625426999962, 37.571266174000073 ], [ -83.832107543999939, 37.634269714000027 ], [ -83.710502624999947, 37.718116760000044 ], [ -83.927261352999949, 37.728076935000047 ], [ -83.922203063999973, 37.76443862900004 ], [ -83.754951476999963, 37.783401489000028 ], [ -83.737312316999976, 37.739635468000074 ], [ -83.679748534999987, 37.729537964000031 ], [ -83.648200988999974, 37.779636383000025 ], [ -83.721595763999971, 37.820766449000075 ], [ -83.597053527999947, 37.846035004000044 ], [ -83.71649169899996, 37.940231323000035 ], [ -83.470970153999986, 37.988872528000059 ], [ -83.356956481999987, 37.965164185000049 ], [ -83.391624450999984, 37.99515533400006 ], [ -83.287025451999966, 38.041599274000077 ], [ -83.312385558999949, 38.07512283300008 ], [ -83.280952453999987, 38.150913239000033 ], [ -82.995712279999964, 38.390636444000052 ], [ -83.000450133999948, 38.45166778600003 ], [ -82.936050414999954, 38.515621185000043 ], [ -82.949157714999956, 38.551536560000045 ], [ -82.889015197999981, 38.64340210000006 ], [ -82.808494567999958, 38.55755233800005 ], [ -82.784095763999971, 38.580554962000065 ], [ -82.846244811999952, 38.692504883000026 ], [ -82.758804320999957, 38.84289932300004 ], [ -82.70372772199994, 38.872112274000074 ], [ -82.754882811999948, 38.898258209000062 ], [ -82.738700866999977, 38.951431274000072 ], [ -82.765281676999962, 38.960067749000075 ], [ -82.727584838999974, 39.015537262000066 ], [ -82.795631408999952, 39.02335357700008 ], [ -82.82991790799997, 39.072319031000063 ], [ -82.781501769999977, 39.115001678000056 ], [ -82.734298705999947, 39.107654572000058 ], [ -82.717338561999952, 39.147048950000055 ], [ -82.750839232999965, 39.198322296000072 ], [ -82.637199401999965, 39.166118622000056 ], [ -82.718925475999981, 39.248756409000066 ], [ -82.625648498999965, 39.255271912000069 ], [ -82.570373534999987, 39.314327240000068 ], [ -82.63410949699994, 39.288330078000058 ], [ -82.659591674999945, 39.306579590000069 ], [ -82.60692596399997, 39.334861755000077 ], [ -82.660964965999938, 39.355098724000072 ], [ -82.634002685999974, 39.393604279000044 ], [ -82.548683166999979, 39.364017487000069 ], [ -82.529060363999974, 39.384235382000043 ], [ -82.571037291999971, 39.415512085000046 ], [ -82.561218261999954, 39.455879211000024 ], [ -82.506317138999975, 39.511943817000031 ], [ -82.452064513999971, 39.484722137000063 ], [ -82.428489684999988, 39.522109985000043 ], [ -82.392593383999952, 39.513874054000041 ], [ -82.41318511999998, 39.562889099000074 ], [ -82.51262664799998, 39.594429016000049 ], [ -82.386451720999958, 39.643825531000061 ], [ -82.415061950999984, 39.691055298000038 ], [ -82.356636046999938, 39.684947968000074 ], [ -82.304725646999941, 39.739662170000031 ], [ -82.328834533999952, 39.763462067000034 ], [ -82.408767699999942, 39.735328674000073 ], [ -82.384368895999955, 39.842288971000073 ], [ -82.410873413, 39.865818024000077 ], [ -82.305793761999951, 39.83747863800005 ], [ -82.256530761999954, 39.866844177000075 ], [ -82.157028197999978, 39.863697052000077 ], [ -82.241950988999974, 39.903732300000058 ], [ -82.297080993999941, 39.882007599000076 ], [ -82.250358582, 39.926570892000029 ], [ -82.293525695999961, 39.956932068000071 ], [ -82.323638915999936, 39.928409576000035 ], [ -82.350997924999945, 39.95928955100004 ], [ -82.399581908999949, 39.938556671000072 ], [ -82.372596740999938, 39.98007965100004 ], [ -82.403701781999985, 40.003643036000028 ], [ -82.294570922999981, 39.99534606900005 ], [ -82.232238769999981, 40.031246185000043 ], [ -82.128173827999944, 39.996265411000024 ], [ -82.110069274999944, 40.051506042000028 ], [ -82.139999389999957, 40.08766937300004 ], [ -82.058959960999971, 40.124702454000044 ], [ -81.997856139999953, 40.089523315000065 ], [ -81.883689879999963, 40.153377533000025 ], [ -81.925064086999953, 40.178482056000064 ], [ -81.97623443599997, 40.15231323200004 ], [ -82.07125091599994, 40.205814362000069 ], [ -82.058006286999955, 40.154865265000069 ], [ -82.116950988999974, 40.134273529000041 ], [ -82.181045531999985, 40.176639557000044 ], [ -82.113380431999985, 40.260665894000056 ], [ -82.188995360999968, 40.286853790000066 ], [ -82.19641113299997, 40.248420715000066 ], [ -82.239555358999951, 40.230213165000066 ], [ -82.295379638999975, 40.27596664400005 ], [ -82.221069335999971, 40.280303955000079 ], [ -82.210258483999951, 40.313709259000063 ], [ -82.248733520999963, 40.337871552000024 ], [ -82.220344542999953, 40.332778931000064 ], [ -82.225730895999959, 40.365501404000042 ], [ -82.202713012999936, 40.339557648000039 ], [ -82.134353637999936, 40.347511292000036 ], [ -82.112449645999959, 40.313694 ], [ -81.918678283999952, 40.295959473000039 ], [ -81.952590941999972, 40.39835357700008 ], [ -81.84094238299997, 40.465457916000048 ], [ -81.86331176799996, 40.487388611000029 ], [ -81.956024169999978, 40.458286285000042 ], [ -81.911048888999971, 40.596263885000042 ], [ -81.896278380999945, 40.622848511000029 ], [ -81.876358031999985, 40.600116730000025 ], [ -81.834190368999941, 40.62238693200004 ], [ -81.857360839999956, 40.634700775000056 ], [ -81.82144164999994, 40.695003510000049 ], [ -81.84609222399996, 40.726966858000026 ], [ -81.730697631999988, 40.771820068000068 ], [ -81.675056457999972, 40.75846862800006 ], [ -81.741111754999963, 40.821308136000027 ], [ -81.645080566, 40.836147308000079 ], [ -81.74774169899996, 40.905754089000027 ], [ -81.64794158899997, 40.922954559000061 ], [ -81.571739196999943, 40.862075806000064 ], [ -81.635848998999961, 40.94418335000006 ], [ -81.733764647999976, 40.984142303000056 ], [ -81.612144469999976, 41.070274353000059 ], [ -81.559730529999968, 41.018970490000072 ], [ -81.584236144999977, 41.092761993000067 ], [ -81.50060272199994, 41.124717712000063 ], [ -81.552902221999943, 41.16400909400005 ], [ -81.488510131999988, 41.180301666000048 ], [ -81.476325988999974, 41.296009064000032 ], [ -81.501243590999934, 41.342975616000047 ], [ -81.423362731999987, 41.256023407000043 ], [ -81.373207091999973, 41.245613098000035 ], [ -81.359619140999939, 41.394371033000027 ], [ -81.39970397899998, 41.464668274000076 ], [ -81.287994385, 41.491531372000054 ], [ -81.232498168999939, 41.461425781000059 ], [ -81.209625243999938, 41.397476196000071 ], [ -81.17350006099997, 41.395843506000062 ], [ -81.156814574999942, 41.446792603000063 ], [ -81.092124938999973, 41.490413666000052 ], [ -81.053421020999963, 41.36341857900004 ], [ -81.080101013, 41.291542053000057 ], [ -81.023216247999983, 41.270866394000052 ], [ -81.011543273999962, 41.200428009000063 ], [ -80.92209625199996, 41.219768524000074 ], [ -80.934082030999946, 41.184795380000025 ], [ -80.841522216999977, 41.125087738000047 ], [ -80.739112853999984, 41.152751923000039 ], [ -80.50591278099995, 41.02357482900004 ], [ -80.495979308999949, 41.058830261000026 ], [ -80.681556701999966, 41.144416809000063 ], [ -80.673507689999951, 41.181674957000041 ], [ -80.754913329999965, 41.239330292000034 ], [ -80.692962645999955, 41.326164246000076 ], [ -80.602035521999937, 41.224060059000067 ], [ -80.608528136999951, 41.177967072000058 ], [ -80.463050841999973, 41.17046737700008 ], [ -80.439559936999956, 41.082096100000058 ], [ -80.361663817999954, 41.053966522000053 ], [ -80.353126525999983, 41.086563110000043 ], [ -80.423637389999953, 41.119346619000055 ], [ -80.413833617999956, 41.174709320000034 ], [ -80.465110778999986, 41.231021881000061 ], [ -80.427673339999956, 41.284481049000078 ], [ -80.379905700999984, 41.259811401000036 ], [ -80.337188720999961, 41.283359528000062 ], [ -80.368438720999961, 41.356845856000064 ], [ -80.332893371999944, 41.406143188000044 ], [ -80.275711059999935, 41.410331726000038 ], [ -80.235771178999983, 41.369972229000041 ], [ -80.199523925999983, 41.389400482000042 ], [ -80.329521178999983, 41.494644165000068 ], [ -80.311141967999959, 41.544742584000062 ], [ -80.05474090599995, 41.476257324000073 ], [ -79.961219787999937, 41.420871735000048 ], [ -79.934516906999988, 41.353969574000075 ], [ -79.986869811999952, 41.32534408600003 ], [ -79.925727843999937, 41.344284058000028 ], [ -79.855148314999951, 41.225025177000077 ], [ -79.752380370999958, 41.216869354000039 ], [ -79.730102538999972, 41.244503021000071 ], [ -79.770431518999942, 41.282257080000079 ], [ -79.651374816999976, 41.315155029000039 ], [ -79.783416747999979, 41.380783081000061 ], [ -79.700569152999947, 41.427375793000067 ], [ -79.404022216999977, 41.453655243000071 ], [ -79.221199035999973, 41.553569794000055 ], [ -79.088645934999988, 41.568183899000076 ], [ -79.045982360999972, 41.630874634000065 ], [ -78.963104247999979, 41.575187683000081 ], [ -78.84149169899996, 41.565105438000046 ], [ -78.968864440999937, 41.623928070000034 ], [ -78.954490661999955, 41.655029297000056 ], [ -78.827415465999934, 41.617012024000076 ], [ -78.981300353999984, 41.676536560000045 ], [ -78.957885741999974, 41.698184967000032 ], [ -78.886360167999953, 41.678848267000035 ], [ -78.995651244999976, 41.736392975000058 ], [ -79.03680419899996, 41.812557220000031 ], [ -79.021766662999937, 41.83783721900005 ], [ -78.945251464999956, 41.797561646000077 ], [ -78.849868773999958, 41.667243958000029 ], [ -78.829658507999966, 41.726825714000029 ], [ -78.68433380099998, 41.716320038000049 ], [ -78.671913146999941, 41.759284973000035 ], [ -78.731842040999936, 41.777511597000057 ], [ -78.742492675999983, 41.830501556000058 ], [ -78.807395934999988, 41.779754639000032 ], [ -78.899299621999944, 41.798938751000037 ], [ -78.848289489999956, 41.839832306000062 ], [ -78.953559874999939, 41.845531464000032 ], [ -78.924285888999975, 41.884696960000042 ], [ -78.835945128999981, 41.871871948000035 ], [ -78.814521789999958, 41.916301727000075 ], [ -78.903350829999965, 41.89463806200007 ], [ -78.876678466999977, 41.927299500000061 ], [ -78.913536071999943, 41.971725464000031 ], [ -78.731361388999971, 41.950260162000063 ] ], [ [ -78.642616271999941, 41.673320770000032 ], [ -78.691329955999947, 41.616012573000035 ], [ -78.756065368999941, 41.64711761500007 ], [ -78.685134887999936, 41.504386902000078 ], [ -78.754234313999973, 41.446334839000031 ], [ -78.758499145999963, 41.543224335000048 ], [ -78.780250548999959, 41.543819427000074 ], [ -78.793998717999955, 41.411220551000042 ], [ -78.809776305999947, 41.503601074000073 ], [ -78.835289000999978, 41.414363861000027 ], [ -78.871513366999977, 41.416103363000047 ], [ -78.933067321999943, 41.466197968000074 ], [ -78.870559691999972, 41.534595490000072 ], [ -78.962120055999947, 41.531841278000059 ], [ -78.957283019999977, 41.383670807000044 ], [ -79.007514953999987, 41.377231598000037 ], [ -79.031295775999979, 41.42013931300005 ], [ -79.096046447999981, 41.431503296000074 ], [ -79.082565307999971, 41.357425690000071 ], [ -79.159530639999957, 41.369537354000045 ], [ -79.260337829999969, 41.282333374000075 ], [ -79.176536559999988, 41.32559204100005 ], [ -79.063148498999965, 41.310043335000046 ], [ -78.871215819999975, 41.370559692000029 ], [ -78.842407226999967, 41.36481475800008 ], [ -78.859390258999952, 41.280567169000051 ], [ -78.818763732999969, 41.245285034000062 ], [ -78.819892882999966, 41.315147400000058 ], [ -78.710693358999947, 41.412849426000037 ], [ -78.603042602999949, 41.401275635000047 ], [ -78.682075499999939, 41.441669464000029 ], [ -78.504692077999948, 41.586524963000045 ], [ -78.50555419899996, 41.613182068000071 ], [ -78.641304015999935, 41.561302185000045 ], [ -78.642616271999941, 41.673320770000032 ] ], [ [ -80.251914977999945, 41.297153473000037 ], [ -80.288787841999977, 41.344554901000038 ], [ -80.297462462999988, 41.343978882000044 ], [ -80.251914977999945, 41.297153473000037 ] ], [ [ -80.217109679999965, 41.161128998000038 ], [ -80.190467833999946, 41.165161133000026 ], [ -80.199073791999979, 41.208927155000026 ], [ -80.216163634999987, 41.194248199000072 ], [ -80.217109679999965, 41.161128998000038 ] ], [ [ -78.405876159999934, 41.16466140700004 ], [ -78.426513671999942, 41.145854950000057 ], [ -78.399475097999982, 41.148002625000061 ], [ -78.405876159999934, 41.16466140700004 ] ], [ [ -78.167022704999965, 41.056240082000045 ], [ -78.115371703999983, 41.056808472000057 ], [ -78.089080810999974, 41.076740265000069 ], [ -78.208992003999981, 41.101593018000074 ], [ -78.167022704999965, 41.056240082000045 ] ], [ [ -78.376976013, 40.999443054000039 ], [ -78.465377807999971, 40.853744507000044 ], [ -78.422988891999978, 40.843891144000054 ], [ -78.376976013, 40.999443054000039 ] ], [ [ -79.162765502999946, 40.42660522500006 ], [ -79.281021117999956, 40.332660675000056 ], [ -79.283546447999981, 40.309490204000042 ], [ -79.243461608999951, 40.307167053000057 ], [ -79.137268066, 40.404720306000058 ], [ -79.162765502999946, 40.42660522500006 ] ], [ [ -79.311798095999961, 40.254173279000042 ], [ -79.504936217999955, 40.082878113000049 ], [ -79.493438720999961, 40.054649353000059 ], [ -79.55100250199996, 39.980377197000053 ], [ -79.736267089999956, 39.784751892000031 ], [ -79.786643981999987, 39.632411957000045 ], [ -79.826965331999986, 39.638099670000031 ], [ -79.809280395999963, 39.610095978000061 ], [ -79.702743529999964, 39.556179047000057 ], [ -79.688980102999949, 39.587902069000052 ], [ -79.750419616999977, 39.625625610000043 ], [ -79.738410949999945, 39.670829773000037 ], [ -79.510223388999975, 39.936065674000076 ], [ -79.490959166999971, 40.015766144000054 ], [ -79.311798095999961, 40.254173279000042 ] ], [ [ -83.090599059999988, 38.244289398000035 ], [ -83.197952270999963, 38.200611115000072 ], [ -83.085258483999951, 38.231216431000064 ], [ -83.090599059999988, 38.244289398000035 ] ], [ [ -83.117965697999978, 38.162185669000053 ], [ -83.125816344999976, 38.18931198100006 ], [ -83.151336669999978, 38.195247650000056 ], [ -83.143142699999942, 38.163509369000053 ], [ -83.117965697999978, 38.162185669000053 ] ], [ [ -83.161170958999946, 38.125236511000026 ], [ -83.163078307999967, 38.14937210100004 ], [ -83.207511901999965, 38.147285461000024 ], [ -83.20791626, 38.136413574000073 ], [ -83.161170958999946, 38.125236511000026 ] ], [ [ -84.073844909999934, 37.464393616000052 ], [ -84.075500487999989, 37.385269165000068 ], [ -84.049697875999982, 37.381889343000068 ], [ -84.030616759999987, 37.46470260600006 ], [ -84.073844909999934, 37.464393616000052 ] ], [ [ -84.16123199499998, 37.463039398000035 ], [ -84.156349181999985, 37.43334198000008 ], [ -84.193603515999939, 37.459365845000036 ], [ -84.207031249999943, 37.436546326000041 ], [ -84.155815124999947, 37.393066406000059 ], [ -84.139503478999984, 37.428470612000069 ], [ -84.16123199499998, 37.463039398000035 ] ], [ [ -82.793220519999977, 37.062919617000034 ], [ -83.836715697999978, 36.69655227700008 ], [ -84.277198791999979, 36.416294098000037 ], [ -84.109291076999966, 36.481395721000069 ], [ -83.879837035999969, 36.647327423000036 ], [ -82.822608947999981, 37.00440216100003 ], [ -82.350006103999988, 37.245132446000071 ], [ -82.606941222999978, 37.171443939000028 ], [ -82.793220519999977, 37.062919617000034 ] ] ] } },
{ "type": "Feature", "properties": { }, "geometry": { "type": "Polygon", "coordinates": [ [ [ -78.417602538999972, 41.915370941000049 ], [ -78.454948424999941, 41.92296981800007 ], [ -78.457450866999977, 41.941246033000027 ], [ -78.422714232999965, 41.936214447000054 ], [ -78.417602538999972, 41.915370941000049 ] ] ] } },
{ "type": "Feature", "properties": { }, "geometry": { "type": "Polygon", "coordinates": [ [ [ -78.45029449499998, 41.906642914000031 ], [ -78.481750487999989, 41.893272400000058 ], [ -78.492431640999939, 41.894420624000077 ], [ -78.45029449499998, 41.906642914000031 ] ] ] } },
{ "type": "Feature", "properties": { }, "geometry": { "type": "Polygon", "coordinates": [ [ [ -79.015045165999936, 41.90013885500008 ], [ -79.056121825999981, 41.866268158000025 ], [ -79.034652709999989, 41.906101227000079 ], [ -79.015045165999936, 41.90013885500008 ] ] ] } },
{ "type": "Feature", "properties": { }, "geometry": { "type": "Polygon", "coordinates": [ [ [ -77.638183593999941, 41.886421204000044 ], [ -77.660507201999962, 41.890758514000026 ], [ -77.633049010999969, 41.905784607000044 ], [ -77.638183593999941, 41.886421204000044 ] ] ] } },
{ "type": "Feature", "properties": { }, "geometry": { "type": "Polygon", "coordinates": [ [ [ -78.247055053999986, 41.883438110000043 ], [ -78.270416259999934, 41.889564514000028 ], [ -78.244346618999941, 41.903182983000079 ], [ -78.247055053999986, 41.883438110000043 ] ] ] } },
{ "type": "Feature", "properties": { }, "geometry": { "type": "Polygon", "coordinates": [ [ [ -77.873092650999979, 41.851005554000039 ], [ -77.883544921999942, 41.874912262000066 ], [ -77.839736937999987, 41.899948120000033 ], [ -77.842391967999959, 41.885963440000069 ], [ -77.873092650999979, 41.851005554000039 ] ] ] } },
{ "type": "Feature", "properties": { }, "geometry": { "type": "Polygon", "coordinates": [ [ [ -78.19963073699995, 41.856071472000053 ], [ -78.227188109999986, 41.849624634000065 ], [ -78.251747130999945, 41.849018097000055 ], [ -78.206169127999942, 41.898925781000059 ], [ -78.19963073699995, 41.856071472000053 ] ] ] } },
{ "type": "Feature", "properties": { }, "geometry": { "type": "Polygon", "coordinates": [ [ [ -77.68986511199995, 41.877201080000077 ], [ -77.715026854999962, 41.866985321000072 ], [ -77.703590392999956, 41.891632080000079 ], [ -77.68986511199995, 41.877201080000077 ] ] ] } },
{ "type": "Feature", "properties": { }, "geometry": { "type": "Polygon", "coordinates": [ [ [ -77.928848266999978, 41.865688324000075 ], [ -77.956336974999942, 41.868518829000038 ], [ -77.921211242999959, 41.880588531000058 ], [ -77.928848266999978, 41.865688324000075 ] ] ] } },
{ "type": "Feature", "properties": { }, "geometry": { "type": "Polygon", "coordinates": [ [ [ -78.36509704599996, 41.872669220000034 ], [ -78.396926879999967, 41.863414764000026 ], [ -78.391960143999938, 41.877597809000065 ], [ -78.36509704599996, 41.872669220000034 ] ] ] } },
{ "type": "Feature", "properties": { }, "geometry": { "type": "Polygon", "coordinates": [ [ [ -78.327491759999987, 41.856174469000052 ], [ -78.354324340999938, 41.84785080000006 ], [ -78.354019164999954, 41.862224579000042 ], [ -78.327491759999987, 41.856174469000052 ] ] ] } },
{ "type": "Feature", "properties": { }, "geometry": { "type": "Polygon", "coordinates": [ [ [ -77.701744079999969, 41.83819580100004 ], [ -77.727325438999969, 41.824001312000064 ], [ -77.714553832999968, 41.847846985000047 ], [ -77.701744079999969, 41.83819580100004 ] ] ] } },
{ "type": "Feature", "properties": { }, "geometry": { "type": "Polygon", "coordinates": [ [ [ -78.00272369399994, 41.834632874000079 ], [ -78.023643493999941, 41.81731796300005 ], [ -78.023628235, 41.840980530000024 ], [ -78.00272369399994, 41.834632874000079 ] ] ] } },
{ "type": "Feature", "properties": { }, "geometry": { "type": "Polygon", "coordinates": [ [ [ -78.053550719999976, 41.781726837000065 ], [ -78.084411620999958, 41.795608521000077 ], [ -78.058547973999964, 41.829429626000035 ], [ -78.038269042999957, 41.810501099000078 ], [ -78.053550719999976, 41.781726837000065 ] ] ] } },
{ "type": "Feature", "properties": { }, "geometry": { "type": "Polygon", "coordinates": [ [ [ -77.907081603999984, 41.79684448200004 ], [ -77.94767761199995, 41.787425995000035 ], [ -77.903617858999951, 41.818778992000034 ], [ -77.907081603999984, 41.79684448200004 ] ] ] } },
{ "type": "Feature", "properties": { }, "geometry": { "type": "Polygon", "coordinates": [ [ [ -77.626869201999966, 41.776435852000077 ], [ -77.654624938999973, 41.799083710000048 ], [ -77.628120421999938, 41.813686371000074 ], [ -77.620819091999977, 41.806674957000041 ], [ -77.626869201999966, 41.776435852000077 ] ] ] } },
{ "type": "Feature", "properties": { }, "geometry": { "type": "Polygon", "coordinates": [ [ [ -77.486198424999941, 41.780708313000048 ], [ -77.515815735, 41.78199386600005 ], [ -77.535247802999947, 41.790489197000056 ], [ -77.482894896999937, 41.812232971000071 ], [ -77.486198424999941, 41.780708313000048 ] ] ] } },
{ "type": "Feature", "properties": { }, "geometry": { "type": "Polygon", "coordinates": [ [ [ -77.763298034999934, 41.809238434000065 ], [ -77.77794647199994, 41.786853790000066 ], [ -77.790100097999982, 41.798706055000025 ], [ -77.763298034999934, 41.809238434000065 ] ] ] } },
{ "type": "Feature", "properties": { }, "geometry": { "type": "Polygon", "coordinates": [ [ [ -79.227821349999942, 41.688251495000031 ], [ -79.165130614999953, 41.730739594000056 ], [ -79.192214965999938, 41.695819855000025 ], [ -79.081253051999965, 41.664058685000043 ], [ -79.106964110999968, 41.617427826000039 ], [ -79.199073791999979, 41.649116516000049 ], [ -79.279861449999942, 41.556385040000066 ], [ -79.425239562999934, 41.508743286000026 ], [ -79.343650817999958, 41.602542877000076 ], [ -79.282455443999936, 41.611457825000059 ], [ -79.27558136, 41.647220612000069 ], [ -79.320983886999954, 41.644489288000045 ], [ -79.276588439999955, 41.67442703200004 ], [ -79.301567077999948, 41.713989258000026 ], [ -79.188781737999989, 41.79718017600004 ], [ -79.240928649999944, 41.734497070000032 ], [ -79.227821349999942, 41.688251495000031 ] ] ] } },
{ "type": "Feature", "properties": { }, "geometry": { "type": "Polygon", "coordinates": [ [ [ -79.342170714999952, 41.775455475000058 ], [ -79.388641356999983, 41.716533661000028 ], [ -79.427459716999977, 41.71503830000006 ], [ -79.363037108999947, 41.794292450000057 ], [ -79.342170714999952, 41.775455475000058 ] ] ] } },
{ "type": "Feature", "properties": { }, "geometry": { "type": "Polygon", "coordinates": [ [ [ -77.575546264999957, 41.794113159000062 ], [ -77.587379455999951, 41.774463654000044 ], [ -77.602401732999965, 41.784503937000068 ], [ -77.575546264999957, 41.794113159000062 ] ] ] } },
{ "type": "Feature", "properties": { }, "geometry": { "type": "Polygon", "coordinates": [ [ [ -78.112045287999933, 41.779384613000047 ], [ -78.149124145999963, 41.757789612000067 ], [ -78.148078917999953, 41.782424927000079 ], [ -78.112045287999933, 41.779384613000047 ] ] ] } },
{ "type": "Feature", "properties": { }, "geometry": { "type": "Polygon", "coordinates": [ [ [ -78.057792663999976, 41.75313568100006 ], [ -78.083641051999962, 41.771823883000025 ], [ -78.058944701999962, 41.772941589000027 ], [ -78.057792663999976, 41.75313568100006 ] ] ] } },
{ "type": "Feature", "properties": { }, "geometry": { "type": "Polygon", "coordinates": [ [ [ -77.811973571999943, 41.755012512000064 ], [ -77.834434508999948, 41.748371124000073 ], [ -77.820297240999935, 41.769104004000042 ], [ -77.811973571999943, 41.755012512000064 ] ] ] } },
{ "type": "Feature", "properties": { }, "geometry": { "type": "Polygon", "coordinates": [ [ [ -78.140052794999974, 41.72226715100004 ], [ -78.190864562999934, 41.70983886700003 ], [ -78.184982299999945, 41.761367798000038 ], [ -78.140052794999974, 41.72226715100004 ] ] ] } },
{ "type": "Feature", "properties": { }, "geometry": { "type": "Polygon", "coordinates": [ [ [ -76.844314574999942, 41.683589935000043 ], [ -76.86974334699994, 41.688304901000038 ], [ -76.852371215999938, 41.75819778400006 ], [ -76.825462340999934, 41.728591919000053 ], [ -76.844314574999942, 41.683589935000043 ] ] ] } },
{ "type": "Feature", "properties": { }, "geometry": { "type": "Polygon", "coordinates": [ [ [ -77.740631103999988, 41.75173187300004 ], [ -77.741912841999977, 41.719028473000037 ], [ -77.756843566999976, 41.747520447000056 ], [ -77.740631103999988, 41.75173187300004 ] ] ] } },
{ "type": "Feature", "properties": { }, "geometry": { "type": "Polygon", "coordinates": [ [ [ -77.608016967999959, 41.712093353000057 ], [ -77.648719787999937, 41.722995758000025 ], [ -77.62808227499994, 41.733966827000074 ], [ -77.608016967999959, 41.712093353000057 ] ] ] } },
{ "type": "Feature", "properties": { }, "geometry": { "type": "Polygon", "coordinates": [ [ [ -79.860626220999961, 41.521858215000066 ], [ -79.946067809999988, 41.624870300000055 ], [ -79.954406737999989, 41.724391937000064 ], [ -79.873970031999988, 41.634147644000052 ], [ -79.860626220999961, 41.521858215000066 ] ] ] } },
{ "type": "Feature", "properties": { }, "geometry": { "type": "Polygon", "coordinates": [ [ [ -77.747573852999949, 41.705547333000027 ], [ -77.77558136, 41.703895569000053 ], [ -77.786125182999967, 41.71836090100004 ], [ -77.747573852999949, 41.705547333000027 ] ] ] } },
{ "type": "Feature", "properties": { }, "geometry": { "type": "Polygon", "coordinates": [ [ [ -77.866165160999969, 41.710948944000052 ], [ -77.890663146999941, 41.705219269000054 ], [ -77.873229979999962, 41.721355438000046 ], [ -77.866165160999969, 41.710948944000052 ] ] ] } },
{ "type": "Feature", "properties": { }, "geometry": { "type": "Polygon", "coordinates": [ [ [ -77.922737121999944, 41.67696380600006 ], [ -77.938537597999982, 41.702789307000046 ], [ -77.921752929999968, 41.711544037000067 ], [ -77.918594359999986, 41.706409454000038 ], [ -77.922737121999944, 41.67696380600006 ] ] ] } },
{ "type": "Feature", "properties": { }, "geometry": { "type": "Polygon", "coordinates": [ [ [ -77.996978759999934, 41.671394348000035 ], [ -78.001838683999949, 41.695987701000035 ], [ -77.974533080999947, 41.711082458000078 ], [ -77.975219726999967, 41.685218811000027 ], [ -77.996978759999934, 41.671394348000035 ] ] ] } },
{ "type": "Feature", "properties": { }, "geometry": { "type": "Polygon", "coordinates": [ [ [ -81.075614928999983, 41.532173157000045 ], [ -81.088142394999977, 41.657245636000027 ], [ -81.054885863999971, 41.705307007000044 ], [ -81.041488646999937, 41.696537018000072 ], [ -81.075614928999983, 41.532173157000045 ] ] ] } },
{ "type": "Feature", "properties": { }, "geometry": { "type": "Polygon", "coordinates": [ [ [ -77.682403563999969, 41.686462402000075 ], [ -77.710739135999972, 41.685905457000047 ], [ -77.688705443999936, 41.699665070000037 ], [ -77.682403563999969, 41.686462402000075 ] ] ] } },
{ "type": "Feature", "properties": { }, "geometry": { "type": "Polygon", "coordinates": [ [ [ -78.053298949999942, 41.681415558000026 ], [ -78.078163146999941, 41.666488647000051 ], [ -78.061256408999952, 41.699470520000034 ], [ -78.053298949999942, 41.681415558000026 ] ] ] } },
{ "type": "Feature", "properties": { }, "geometry": { "type": "Polygon", "coordinates": [ [ [ -79.456314086999953, 41.690143585000044 ], [ -79.481147765999935, 41.685333252000078 ], [ -79.494346618999941, 41.691390991000048 ], [ -79.456314086999953, 41.690143585000044 ] ] ] } },
{ "type": "Feature", "properties": { }, "geometry": { "type": "Polygon", "coordinates": [ [ [ -77.168037414999958, 41.665687561000027 ], [ -77.192886352999949, 41.667495728000063 ], [ -77.187179564999951, 41.683284760000049 ], [ -77.175415038999972, 41.688194275000058 ], [ -77.168037414999958, 41.665687561000027 ] ] ] } },
{ "type": "Feature", "properties": { }, "geometry": { "type": "Polygon", "coordinates": [ [ [ -77.777061461999949, 41.657569885000044 ], [ -77.805870055999947, 41.628833771000075 ], [ -77.84537506099997, 41.662944794000055 ], [ -77.812080382999966, 41.687507629000038 ], [ -77.777061461999949, 41.657569885000044 ] ] ] } },
{ "type": "Feature", "properties": { }, "geometry": { "type": "Polygon", "coordinates": [ [ [ -79.551506041999971, 41.643215179000038 ], [ -79.56359863299997, 41.66749954200003 ], [ -79.536201476999963, 41.67882919300007 ], [ -79.551506041999971, 41.643215179000038 ] ] ] } },
{ "type": "Feature", "properties": { }, "geometry": { "type": "Polygon", "coordinates": [ [ [ -77.746139525999979, 41.676559448000035 ], [ -77.754966735999972, 41.652637482000046 ], [ -77.761268615999938, 41.668125153000062 ], [ -77.746139525999979, 41.676559448000035 ] ] ] } },
{ "type": "Feature", "properties": { }, "geometry": { "type": "Polygon", "coordinates": [ [ [ -78.174507140999935, 41.619483948000038 ], [ -78.206436156999985, 41.628189087000067 ], [ -78.17833709699994, 41.667407990000072 ], [ -78.174507140999935, 41.619483948000038 ] ] ] } },
{ "type": "Feature", "properties": { }, "geometry": { "type": "Polygon", "coordinates": [ [ [ -80.073257445999957, 41.59243011500007 ], [ -80.083099364999953, 41.629848480000078 ], [ -80.074981688999969, 41.66598510700004 ], [ -80.044769286999951, 41.624134064000032 ], [ -80.073257445999957, 41.59243011500007 ] ] ] } },
{ "type": "Feature", "properties": { }, "geometry": { "type": "Polygon", "coordinates": [ [ [ -77.57015228299997, 41.624973297000054 ], [ -77.59111022899998, 41.643959045000031 ], [ -77.574348449999945, 41.665390015000071 ], [ -77.563179015999935, 41.653095245000031 ], [ -77.57015228299997, 41.624973297000054 ] ] ] } },
{ "type": "Feature", "properties": { }, "geometry": { "type": "Polygon", "coordinates": [ [ [ -77.206390380999949, 41.651897430000076 ], [ -77.244537353999988, 41.64054107700008 ], [ -77.213264464999952, 41.665225983000028 ], [ -77.206390380999949, 41.651897430000076 ] ] ] } },
{ "type": "Feature", "properties": { }, "geometry": { "type": "Polygon", "coordinates": [ [ [ -79.438606261999951, 41.652320862000067 ], [ -79.454528808999953, 41.654201508000028 ], [ -79.450424193999936, 41.660991669000055 ], [ -79.438606261999951, 41.652320862000067 ] ] ] } },
{ "type": "Feature", "properties": { }, "geometry": { "type": "Polygon", "coordinates": [ [ [ -79.50200653099995, 41.658050537000065 ], [ -79.512603759999934, 41.639545441000053 ], [ -79.519142150999983, 41.658382416000052 ], [ -79.50200653099995, 41.658050537000065 ] ] ] } },
{ "type": "Feature", "properties": { }, "geometry": { "type": "Polygon", "coordinates": [ [ [ -76.655075072999978, 41.646903992000034 ], [ -76.640174865999938, 41.624729156000058 ], [ -76.671813964999956, 41.609485626000037 ], [ -76.738380431999985, 41.613128662000065 ], [ -76.655075072999978, 41.646903992000034 ] ] ] } },
{ "type": "Feature", "properties": { }, "geometry": { "type": "Polygon", "coordinates": [ [ [ -77.62772369399994, 41.644954681000058 ], [ -77.643135070999961, 41.622718811000027 ], [ -77.641838073999963, 41.64502716100003 ], [ -77.62772369399994, 41.644954681000058 ] ] ] } },
{ "type": "Feature", "properties": { }, "geometry": { "type": "Polygon", "coordinates": [ [ [ -79.701644896999937, 41.598060608000026 ], [ -79.69410705599995, 41.542518616000052 ], [ -79.734016417999953, 41.548015594000049 ], [ -79.763633727999945, 41.433525085000042 ], [ -79.884696959999985, 41.438644409000062 ], [ -79.745246886999951, 41.58134079000007 ], [ -79.828720092999959, 41.573287964000031 ], [ -79.775260924999941, 41.640502930000025 ], [ -79.701644896999937, 41.598060608000026 ] ] ] } },
{ "type": "Feature", "properties": { }, "geometry": { "type": "Polygon", "coordinates": [ [ [ -77.862167357999965, 41.636672974000078 ], [ -77.987281798999959, 41.579463959000066 ], [ -77.987518310999974, 41.612258911000026 ], [ -78.02915954599996, 41.629360199000075 ], [ -77.862167357999965, 41.636672974000078 ] ] ] } },
{ "type": "Feature", "properties": { }, "geometry": { "type": "Polygon", "coordinates": [ [ [ -78.117607116999977, 41.641410828000062 ], [ -78.071350097999982, 41.558609009000065 ], [ -78.184547423999959, 41.555583954000042 ], [ -78.117607116999977, 41.641410828000062 ] ] ] } },
{ "type": "Feature", "properties": { }, "geometry": { "type": "Polygon", "coordinates": [ [ [ -80.001892089999956, 41.640804291000052 ], [ -79.89989471399997, 41.483459473000039 ], [ -79.923957824999945, 41.443416595000031 ], [ -80.015121459999989, 41.510540009000067 ], [ -79.990913390999935, 41.542533875000061 ], [ -80.031654357999969, 41.565296173000036 ], [ -80.001892089999956, 41.640804291000052 ] ] ] } },
{ "type": "Feature", "properties": { }, "geometry": { "type": "Polygon", "coordinates": [ [ [ -77.063255309999988, 41.628871918000073 ], [ -77.083511352999949, 41.621974945000034 ], [ -77.069747924999945, 41.635784149000074 ], [ -77.063255309999988, 41.628871918000073 ] ] ] } },
{ "type": "Feature", "properties": { }, "geometry": { "type": "Polygon", "coordinates": [ [ [ -77.115013122999983, 41.635131836000028 ], [ -77.139930724999942, 41.616596222000055 ], [ -77.145202636999954, 41.620834351000042 ], [ -77.115013122999983, 41.635131836000028 ] ] ] } },
{ "type": "Feature", "properties": { }, "geometry": { "type": "Polygon", "coordinates": [ [ [ -81.123718261999954, 41.63071823100006 ], [ -81.161964416999979, 41.596538544000055 ], [ -81.157920836999949, 41.628070831000059 ], [ -81.123718261999954, 41.63071823100006 ] ] ] } },
{ "type": "Feature", "properties": { }, "geometry": { "type": "Polygon", "coordinates": [ [ [ -81.290061950999984, 41.563968658000078 ], [ -81.269264220999958, 41.627388 ], [ -81.241203307999967, 41.624366760000044 ], [ -81.24417114299996, 41.591041565000069 ], [ -81.290061950999984, 41.563968658000078 ] ] ] } },
{ "type": "Feature", "properties": { }, "geometry": { "type": "Polygon", "coordinates": [ [ [ -77.237480163999976, 41.62414932300004 ], [ -77.250282287999937, 41.605968475000054 ], [ -77.264595031999988, 41.617969513000048 ], [ -77.237480163999976, 41.62414932300004 ] ] ] } },
{ "type": "Feature", "properties": { }, "geometry": { "type": "Polygon", "coordinates": [ [ [ -77.670463561999952, 41.592193604000045 ], [ -77.688903808999953, 41.603878021000071 ], [ -77.693359374999943, 41.620216370000037 ], [ -77.680564879999963, 41.626148224000076 ], [ -77.670463561999952, 41.592193604000045 ] ] ] } },
{ "type": "Feature", "properties": { }, "geometry": { "type": "Polygon", "coordinates": [ [ [ -80.183311461999949, 41.602806091000048 ], [ -80.21363830599995, 41.600406647000057 ], [ -80.228752135999969, 41.617000580000081 ], [ -80.183311461999949, 41.602806091000048 ] ] ] } },
{ "type": "Feature", "properties": { }, "geometry": { "type": "Polygon", "coordinates": [ [ [ -79.508651732999965, 41.614204407000045 ], [ -79.463127135999969, 41.552555084000062 ], [ -79.503906249999943, 41.489818573000036 ], [ -79.592689513999971, 41.485050201000035 ], [ -79.585655211999949, 41.530551910000042 ], [ -79.666168212999935, 41.476165771000069 ], [ -79.620712279999964, 41.61066818200004 ], [ -79.508651732999965, 41.614204407000045 ] ] ] } },
{ "type": "Feature", "properties": { }, "geometry": { "type": "Polygon", "coordinates": [ [ [ -79.419059752999942, 41.598678589000031 ], [ -79.43788909899996, 41.587203979000037 ], [ -79.435646056999985, 41.615047455000081 ], [ -79.419059752999942, 41.598678589000031 ] ] ] } },
{ "type": "Feature", "properties": { }, "geometry": { "type": "Polygon", "coordinates": [ [ [ -80.062271117999956, 41.564701080000077 ], [ -80.104003905999946, 41.566326141000047 ], [ -80.112449645999959, 41.607795715000066 ], [ -80.062271117999956, 41.564701080000077 ] ] ] } },
{ "type": "Feature", "properties": { }, "geometry": { "type": "Polygon", "coordinates": [ [ [ -77.198951720999958, 41.584690094000052 ], [ -77.204864501999964, 41.603633881000064 ], [ -77.180747985999972, 41.597736359000066 ], [ -77.198951720999958, 41.584690094000052 ] ] ] } },
{ "type": "Feature", "properties": { }, "geometry": { "type": "Polygon", "coordinates": [ [ [ -77.280929564999951, 41.594089508000025 ], [ -77.295631408999952, 41.582878113000049 ], [ -77.293731688999969, 41.594249725000054 ], [ -77.280929564999951, 41.594089508000025 ] ] ] } },
{ "type": "Feature", "properties": { }, "geometry": { "type": "Polygon", "coordinates": [ [ [ -77.628684997999983, 41.59545135500008 ], [ -77.632476806999989, 41.570102692000034 ], [ -77.645210265999935, 41.590156555000078 ], [ -77.628684997999983, 41.59545135500008 ] ] ] } },
{ "type": "Feature", "properties": { }, "geometry": { "type": "Polygon", "coordinates": [ [ [ -77.692512511999951, 41.559146881000061 ], [ -77.731613158999949, 41.556213379000042 ], [ -77.736991881999984, 41.566928864000033 ], [ -77.713478087999988, 41.590114594000056 ], [ -77.692512511999951, 41.559146881000061 ] ] ] } },
{ "type": "Feature", "properties": { }, "geometry": { "type": "Polygon", "coordinates": [ [ [ -81.154937743999938, 41.461441040000068 ], [ -81.178039550999983, 41.520271301000037 ], [ -81.125526427999944, 41.583393097000055 ], [ -81.11402893099995, 41.554832458000078 ], [ -81.154937743999938, 41.461441040000068 ] ] ] } },
{ "type": "Feature", "properties": { }, "geometry": { "type": "Polygon", "coordinates": [ [ [ -80.15556335399998, 41.550102234000065 ], [ -80.187629699999945, 41.568988800000056 ], [ -80.183952332, 41.582801819000053 ], [ -80.159881591999977, 41.573486328000058 ], [ -80.15556335399998, 41.550102234000065 ] ] ] } },
{ "type": "Feature", "properties": { }, "geometry": { "type": "Polygon", "coordinates": [ [ [ -81.225151061999952, 41.516548157000045 ], [ -81.253463744999976, 41.536819458000025 ], [ -81.207595824999942, 41.577785492000032 ], [ -81.205009459999985, 41.558597565000071 ], [ -81.225151061999952, 41.516548157000045 ] ] ] } },
{ "type": "Feature", "properties": { }, "geometry": { "type": "Polygon", "coordinates": [ [ [ -77.313804625999978, 41.569187164000027 ], [ -77.340766906999988, 41.55820465100004 ], [ -77.334259032999967, 41.576744080000026 ], [ -77.313804625999978, 41.569187164000027 ] ] ] } },
{ "type": "Feature", "properties": { }, "geometry": { "type": "Polygon", "coordinates": [ [ [ -77.763137816999972, 41.534950256000059 ], [ -77.789993285999969, 41.534267426000042 ], [ -77.773895263999975, 41.566780090000066 ], [ -77.763137816999972, 41.534950256000059 ] ] ] } },
{ "type": "Feature", "properties": { }, "geometry": { "type": "Polygon", "coordinates": [ [ [ -77.833198546999938, 41.498565674000076 ], [ -77.855628966999973, 41.508899689000032 ], [ -77.833610534999934, 41.561199188000046 ], [ -77.82157897899998, 41.536094666000054 ], [ -77.833198546999938, 41.498565674000076 ] ] ] } },
{ "type": "Feature", "properties": { }, "geometry": { "type": "Polygon", "coordinates": [ [ [ -77.418968200999984, 41.554248810000047 ], [ -77.427635192999958, 41.54648590100004 ], [ -77.429275512999936, 41.551387787000067 ], [ -77.418968200999984, 41.554248810000047 ] ] ] } },
{ "type": "Feature", "properties": { }, "geometry": { "type": "Polygon", "coordinates": [ [ [ -81.358291625999982, 41.543346405000079 ], [ -81.376144408999949, 41.539901733000079 ], [ -81.373374938999973, 41.552116394000052 ], [ -81.358291625999982, 41.543346405000079 ] ] ] } },
{ "type": "Feature", "properties": { }, "geometry": { "type": "Polygon", "coordinates": [ [ [ -77.875045775999979, 41.532917023000039 ], [ -77.899581908999949, 41.534706116000052 ], [ -77.874977111999954, 41.55138015700004 ], [ -77.875045775999979, 41.532917023000039 ] ] ] } },
{ "type": "Feature", "properties": { }, "geometry": { "type": "Polygon", "coordinates": [ [ [ -77.523017882999966, 41.49966812100007 ], [ -77.562286376999964, 41.527606964000029 ], [ -77.562232970999958, 41.543197632000044 ], [ -77.519699096999943, 41.523262024000076 ], [ -77.523017882999966, 41.49966812100007 ] ] ] } },
{ "type": "Feature", "properties": { }, "geometry": { "type": "Polygon", "coordinates": [ [ [ -77.385444640999935, 41.538116455000079 ], [ -77.396926879999967, 41.53141021700003 ], [ -77.391624450999984, 41.546108246000074 ], [ -77.385444640999935, 41.538116455000079 ] ] ] } },
{ "type": "Feature", "properties": { }, "geometry": { "type": "Polygon", "coordinates": [ [ [ -77.117034911999951, 41.525745392000033 ], [ -77.149009704999969, 41.52145385700004 ], [ -77.133537291999971, 41.542751312000064 ], [ -77.117034911999951, 41.525745392000033 ] ] ] } },
{ "type": "Feature", "properties": { }, "geometry": { "type": "Polygon", "coordinates": [ [ [ -77.187538146999941, 41.536151886000027 ], [ -77.283889770999963, 41.460838318000071 ], [ -77.39137268099995, 41.448085785000046 ], [ -77.237136840999938, 41.53834915200008 ], [ -77.187538146999941, 41.536151886000027 ] ] ] } },
{ "type": "Feature", "properties": { }, "geometry": { "type": "Polygon", "coordinates": [ [ [ -77.453918456999986, 41.532478333000029 ], [ -77.480873107999969, 41.516269684000065 ], [ -77.468246459999989, 41.539543152000078 ], [ -77.453918456999986, 41.532478333000029 ] ] ] } },
{ "type": "Feature", "properties": { }, "geometry": { "type": "Polygon", "coordinates": [ [ [ -77.61138153099995, 41.520912170000031 ], [ -77.55490875199996, 41.459358215000066 ], [ -77.648345946999939, 41.373573303000057 ], [ -77.663360595999961, 41.39632034300007 ], [ -77.600486754999963, 41.476913452000076 ], [ -77.61138153099995, 41.520912170000031 ] ] ] } },
{ "type": "Feature", "properties": { }, "geometry": { "type": "Polygon", "coordinates": [ [ [ -78.129135131999988, 41.519001007000043 ], [ -78.141662597999982, 41.450275421000072 ], [ -78.181182860999968, 41.501777649000076 ], [ -78.129135131999988, 41.519001007000043 ] ] ] } },
{ "type": "Feature", "properties": { }, "geometry": { "type": "Polygon", "coordinates": [ [ [ -78.039321898999958, 41.516620636000027 ], [ -78.046333312999934, 41.442001343000072 ], [ -78.074974059999988, 41.440395355000078 ], [ -78.082534789999954, 41.491256714000031 ], [ -78.039321898999958, 41.516620636000027 ] ] ] } },
{ "type": "Feature", "properties": { }, "geometry": { "type": "Polygon", "coordinates": [ [ [ -77.703765868999938, 41.513374329000044 ], [ -77.712280272999976, 41.376873016000047 ], [ -77.787605285999973, 41.46690368700007 ], [ -77.786727904999964, 41.368633270000032 ], [ -77.883644103999984, 41.363540649000072 ], [ -77.877502440999933, 41.417911530000026 ], [ -77.816177367999956, 41.483818054000039 ], [ -77.703765868999938, 41.513374329000044 ] ] ] } },
{ "type": "Feature", "properties": { }, "geometry": { "type": "Polygon", "coordinates": [ [ [ -77.877311707, 41.478477478000059 ], [ -77.912582396999937, 41.40531158400006 ], [ -77.959411620999958, 41.405620575000057 ], [ -77.958892821999939, 41.47535324100005 ], [ -77.877311707, 41.478477478000059 ] ] ] } },
{ "type": "Feature", "properties": { }, "geometry": { "type": "Polygon", "coordinates": [ [ [ -78.223800658999949, 41.379096985000047 ], [ -78.283004760999972, 41.413860321000072 ], [ -78.26232147199994, 41.474502563000044 ], [ -78.210037230999944, 41.454902649000076 ], [ -78.223800658999949, 41.379096985000047 ] ] ] } },
{ "type": "Feature", "properties": { }, "geometry": { "type": "Polygon", "coordinates": [ [ [ -81.464408874999947, 41.427177429000039 ], [ -81.485893249999947, 41.445308685000043 ], [ -81.455520629999967, 41.456314087000067 ], [ -81.464408874999947, 41.427177429000039 ] ] ] } },
{ "type": "Feature", "properties": { }, "geometry": { "type": "Polygon", "coordinates": [ [ [ -80.457260131999988, 41.41293335000006 ], [ -80.428268432999971, 41.419586182000046 ], [ -80.425857543999939, 41.402015686000027 ], [ -80.457260131999988, 41.41293335000006 ] ] ] } },
{ "type": "Feature", "properties": { }, "geometry": { "type": "Polygon", "coordinates": [ [ [ -78.060729979999962, 41.41727829000007 ], [ -78.072006225999985, 41.397800446000076 ], [ -78.076255797999977, 41.40715408300008 ], [ -78.060729979999962, 41.41727829000007 ] ] ] } },
{ "type": "Feature", "properties": { }, "geometry": { "type": "Polygon", "coordinates": [ [ [ -78.092933654999968, 41.398387909000064 ], [ -78.117744445999961, 41.393833160000042 ], [ -78.099426269999981, 41.408107758000028 ], [ -78.092933654999968, 41.398387909000064 ] ] ] } },
{ "type": "Feature", "properties": { }, "geometry": { "type": "Polygon", "coordinates": [ [ [ -78.003822326999966, 41.395709991000047 ], [ -78.029167174999941, 41.381462097000053 ], [ -78.022850036999955, 41.400032043000067 ], [ -78.003822326999966, 41.395709991000047 ] ] ] } },
{ "type": "Feature", "properties": { }, "geometry": { "type": "Polygon", "coordinates": [ [ [ -78.159347533999949, 41.388919830000077 ], [ -78.174179076999962, 41.388313293000067 ], [ -78.170059203999983, 41.396457672000054 ], [ -78.159347533999949, 41.388919830000077 ] ] ] } },
{ "type": "Feature", "properties": { }, "geometry": { "type": "Polygon", "coordinates": [ [ [ -77.872940062999987, 41.314498901000036 ], [ -77.906257628999981, 41.324626923000039 ], [ -77.943717957, 41.377037048000034 ], [ -77.918815612999936, 41.37923431400003 ], [ -77.872940062999987, 41.314498901000036 ] ] ] } },
{ "type": "Feature", "properties": { }, "geometry": { "type": "Polygon", "coordinates": [ [ [ -80.512702941999976, 41.385452271000077 ], [ -80.459907531999988, 41.37601470900006 ], [ -80.432289123999965, 41.350730896000073 ], [ -80.512702941999976, 41.385452271000077 ] ] ] } },
{ "type": "Feature", "properties": { }, "geometry": { "type": "Polygon", "coordinates": [ [ [ -77.523727416999975, 41.378555298000038 ], [ -77.404075622999983, 41.255252838000047 ], [ -77.402145385999972, 41.179813385000045 ], [ -77.522216796999942, 41.193447113000047 ], [ -77.56448364299996, 41.226650238000047 ], [ -77.541191100999981, 41.277549744000055 ], [ -77.473350524999944, 41.289653778000059 ], [ -77.565338134999934, 41.303615570000034 ], [ -77.602935790999936, 41.349857330000077 ], [ -77.523727416999975, 41.378555298000038 ] ] ] } },
{ "type": "Feature", "properties": { }, "geometry": { "type": "Polygon", "coordinates": [ [ [ -78.055931090999934, 41.346683502000076 ], [ -78.080062865999935, 41.362796783000078 ], [ -78.067543029999968, 41.37860488900003 ], [ -78.055931090999934, 41.346683502000076 ] ] ] } },
{ "type": "Feature", "properties": { }, "geometry": { "type": "Polygon", "coordinates": [ [ [ -78.18967437699996, 41.366905212000063 ], [ -78.200607299999945, 41.362197876000039 ], [ -78.194862365999938, 41.376144409000062 ], [ -78.18967437699996, 41.366905212000063 ] ] ] } },
{ "type": "Feature", "properties": { }, "geometry": { "type": "Polygon", "coordinates": [ [ [ -78.144783019999977, 41.357936859000063 ], [ -78.169151305999947, 41.352157593000072 ], [ -78.157669066999972, 41.369873047000056 ], [ -78.144783019999977, 41.357936859000063 ] ] ] } },
{ "type": "Feature", "properties": { }, "geometry": { "type": "Polygon", "coordinates": [ [ [ -78.002265929999965, 41.304138184000067 ], [ -78.021293639999953, 41.321311951000041 ], [ -78.002487182999971, 41.360870361000025 ], [ -77.984573363999971, 41.342311859000063 ], [ -78.002265929999965, 41.304138184000067 ] ] ] } },
{ "type": "Feature", "properties": { }, "geometry": { "type": "Polygon", "coordinates": [ [ [ -81.42033386199995, 41.344505310000045 ], [ -81.412429809999935, 41.331512451000037 ], [ -81.438507079999965, 41.339393616000052 ], [ -81.42033386199995, 41.344505310000045 ] ] ] } },
{ "type": "Feature", "properties": { }, "geometry": { "type": "Polygon", "coordinates": [ [ [ -81.732856749999939, 41.344161987000064 ], [ -81.738784789999954, 41.328052521000075 ], [ -81.758842467999955, 41.328266144000054 ], [ -81.732856749999939, 41.344161987000064 ] ] ] } },
{ "type": "Feature", "properties": { }, "geometry": { "type": "Polygon", "coordinates": [ [ [ -80.380187987999989, 41.329875946000072 ], [ -80.408088683999949, 41.321353912000063 ], [ -80.416282653999986, 41.334609985000043 ], [ -80.380187987999989, 41.329875946000072 ] ] ] } },
{ "type": "Feature", "properties": { }, "geometry": { "type": "Polygon", "coordinates": [ [ [ -77.920845031999988, 41.283290863000047 ], [ -77.942726134999987, 41.296688080000081 ], [ -77.954765319999979, 41.321773529000041 ], [ -77.936752318999936, 41.324535370000035 ], [ -77.920845031999988, 41.283290863000047 ] ] ] } },
{ "type": "Feature", "properties": { }, "geometry": { "type": "Polygon", "coordinates": [ [ [ -81.691482543999939, 41.314731598000037 ], [ -81.620704650999983, 41.281902313000046 ], [ -81.630668639999953, 41.226650238000047 ], [ -81.691482543999939, 41.314731598000037 ] ] ] } },
{ "type": "Feature", "properties": { }, "geometry": { "type": "Polygon", "coordinates": [ [ [ -81.53928375199996, 41.276218414000027 ], [ -81.560081481999987, 41.279983521000077 ], [ -81.536659240999938, 41.281024933000026 ], [ -81.53928375199996, 41.276218414000027 ] ] ] } },
{ "type": "Feature", "properties": { }, "geometry": { "type": "Polygon", "coordinates": [ [ [ -81.792419433999953, 41.211750031000065 ], [ -81.849548339999956, 41.245944977000079 ], [ -81.854560851999963, 41.265392303000056 ], [ -81.828773498999965, 41.266765594000049 ], [ -81.792419433999953, 41.211750031000065 ] ] ] } },
{ "type": "Feature", "properties": { }, "geometry": { "type": "Polygon", "coordinates": [ [ [ -81.710472106999987, 41.274307251000039 ], [ -81.692420958999946, 41.240665436000029 ], [ -81.730216979999966, 41.265357971000071 ], [ -81.710472106999987, 41.274307251000039 ] ] ] } },
{ "type": "Feature", "properties": { }, "geometry": { "type": "Polygon", "coordinates": [ [ [ -81.667190551999965, 41.25348663300008 ], [ -81.668518066, 41.240528107000046 ], [ -81.675071715999934, 41.252761841000051 ], [ -81.667190551999965, 41.25348663300008 ] ] ] } },
{ "type": "Feature", "properties": { }, "geometry": { "type": "Polygon", "coordinates": [ [ [ -81.711784362999936, 41.19126510600006 ], [ -81.753120421999938, 41.214004517000035 ], [ -81.743843078999987, 41.235099792000028 ], [ -81.707313537999937, 41.211711884000067 ], [ -81.711784362999936, 41.19126510600006 ] ] ] } },
{ "type": "Feature", "properties": { }, "geometry": { "type": "Polygon", "coordinates": [ [ [ -81.533157348999964, 41.217224121000072 ], [ -81.536766051999962, 41.207977295000035 ], [ -81.545288085999971, 41.21475982700008 ], [ -81.533157348999964, 41.217224121000072 ] ] ] } },
{ "type": "Feature", "properties": { }, "geometry": { "type": "Polygon", "coordinates": [ [ [ -81.647850036999955, 41.201412201000039 ], [ -81.672904967999955, 41.178874969000049 ], [ -81.66961669899996, 41.209804535000046 ], [ -81.647850036999955, 41.201412201000039 ] ] ] } },
{ "type": "Feature", "properties": { }, "geometry": { "type": "Polygon", "coordinates": [ [ [ -81.761611937999987, 41.15504074100005 ], [ -81.719131469999979, 41.168682098000033 ], [ -81.679084777999947, 41.13000869800004 ], [ -81.77330017099996, 41.125804901000038 ], [ -81.791229247999979, 41.181091309000067 ], [ -81.761611937999987, 41.15504074100005 ] ] ] } },
{ "type": "Feature", "properties": { }, "geometry": { "type": "Polygon", "coordinates": [ [ [ -81.763984679999965, 41.110538483000028 ], [ -81.667243957999972, 41.056671143000074 ], [ -81.733764647999976, 40.984142303000056 ], [ -81.746726989999956, 41.063545227000077 ], [ -81.790229796999938, 41.078636169000049 ], [ -81.763984679999965, 41.110538483000028 ] ] ] } },
{ "type": "Feature", "properties": { }, "geometry": { "type": "Polygon", "coordinates": [ [ [ -81.885353087999988, 41.046737671000074 ], [ -81.901290893999942, 41.040725708000025 ], [ -81.905448913999976, 41.046375275000059 ], [ -81.885353087999988, 41.046737671000074 ] ] ] } },
{ "type": "Feature", "properties": { }, "geometry": { "type": "Polygon", "coordinates": [ [ [ -81.747352599999942, 40.984508514000026 ], [ -81.776954650999983, 40.968811035000044 ], [ -81.768196105999948, 40.987686157000041 ], [ -81.747352599999942, 40.984508514000026 ] ] ] } },
{ "type": "Feature", "properties": { }, "geometry": { "type": "Polygon", "coordinates": [ [ [ -82.024658202999944, 40.722389221000071 ], [ -82.061584472999982, 40.710971832000041 ], [ -82.071113585999967, 40.72012329100005 ], [ -82.024658202999944, 40.722389221000071 ] ] ] } },
{ "type": "Feature", "properties": { }, "geometry": { "type": "Polygon", "coordinates": [ [ [ -81.997055053999986, 40.676231384000062 ], [ -81.986785888999975, 40.630832672000054 ], [ -82.082305907999967, 40.592681885000047 ], [ -81.969085692999954, 40.610633850000056 ], [ -81.967803954999965, 40.559738159000062 ], [ -82.109367370999962, 40.544712067000034 ], [ -82.052871703999983, 40.502632141000049 ], [ -82.099571227999945, 40.468502045000037 ], [ -82.054214477999949, 40.491760254000042 ], [ -82.044288634999987, 40.448928833000025 ], [ -81.993431090999934, 40.436939240000072 ], [ -81.978424071999939, 40.371807098000033 ], [ -82.015556334999985, 40.362163544000055 ], [ -82.108894347999978, 40.385658264000028 ], [ -82.165428161999955, 40.467819214000031 ], [ -82.148597716999973, 40.550662994000049 ], [ -82.17583465599995, 40.569953918000067 ], [ -82.06731414799998, 40.673484802000075 ], [ -81.997055053999986, 40.676231384000062 ] ] ] } },
{ "type": "Feature", "properties": { }, "geometry": { "type": "Polygon", "coordinates": [ [ [ -82.230400084999985, 40.562294006000059 ], [ -82.274604796999938, 40.565464020000036 ], [ -82.27896881099997, 40.577388763000044 ], [ -82.226898192999954, 40.610374451000041 ], [ -82.230400084999985, 40.562294006000059 ] ] ] } },
{ "type": "Feature", "properties": { }, "geometry": { "type": "Polygon", "coordinates": [ [ [ -82.346183776999965, 40.577552795000031 ], [ -82.370033263999971, 40.580432892000033 ], [ -82.316291808999949, 40.596157074000075 ], [ -82.346183776999965, 40.577552795000031 ] ] ] } },
{ "type": "Feature", "properties": { }, "geometry": { "type": "Polygon", "coordinates": [ [ [ -82.24504852299998, 40.499195099000076 ], [ -82.277336120999962, 40.465518951000035 ], [ -82.247756957999968, 40.508071899000072 ], [ -82.24504852299998, 40.499195099000076 ] ] ] } },
{ "type": "Feature", "properties": { }, "geometry": { "type": "Polygon", "coordinates": [ [ [ -82.171600341999977, 40.416488647000051 ], [ -82.193733214999952, 40.393745422000052 ], [ -82.239677428999983, 40.426174164000031 ], [ -82.171600341999977, 40.416488647000051 ] ] ] } },
{ "type": "Feature", "properties": { }, "geometry": { "type": "Polygon", "coordinates": [ [ [ -82.269111632999966, 40.156658173000039 ], [ -82.313560485999972, 40.191364288000045 ], [ -82.331604003999985, 40.250518799000076 ], [ -82.225715636999951, 40.189754486000027 ], [ -82.269111632999966, 40.156658173000039 ] ] ] } },
{ "type": "Feature", "properties": { }, "geometry": { "type": "Polygon", "coordinates": [ [ [ -82.348678588999974, 40.197914124000079 ], [ -82.390563964999956, 40.212104797000052 ], [ -82.375022888, 40.237087250000059 ], [ -82.348678588999974, 40.197914124000079 ] ] ] } },
{ "type": "Feature", "properties": { }, "geometry": { "type": "Polygon", "coordinates": [ [ [ -78.153320311999948, 39.380706787000065 ], [ -78.186950683999953, 39.441020966000053 ], [ -78.166130065999937, 39.524490356000058 ], [ -78.094665526999961, 39.571811676000038 ], [ -78.151779174999945, 39.462707520000038 ], [ -78.153320311999948, 39.380706787000065 ] ] ] } },
{ "type": "Feature", "properties": { }, "geometry": { "type": "Polygon", "coordinates": [ [ [ -82.819557189999955, 38.86476516700003 ], [ -82.874732970999958, 38.879875183000024 ], [ -82.837112426999965, 38.937957764000032 ], [ -82.81486511199995, 38.922214508000025 ], [ -82.819557189999955, 38.86476516700003 ] ] ] } },
{ "type": "Feature", "properties": { }, "geometry": { "type": "Polygon", "coordinates": [ [ [ -82.994018554999968, 38.607677460000048 ], [ -82.936599730999944, 38.637557983000079 ], [ -82.986656188999973, 38.541145325000059 ], [ -83.065322875999982, 38.548767090000069 ], [ -83.135391234999986, 38.462646484000061 ], [ -83.112503051999965, 38.446872711000026 ], [ -83.159126281999988, 38.462596893000068 ], [ -82.984634398999958, 38.689048767000031 ], [ -82.994018554999968, 38.607677460000048 ] ] ] } },
{ "type": "Feature", "properties": { }, "geometry": { "type": "Polygon", "coordinates": [ [ [ -79.231269835999967, 38.356330872000058 ], [ -79.184806823999963, 38.459373474000074 ], [ -79.08068084699994, 38.52783966100003 ], [ -79.067893981999987, 38.503013611000029 ], [ -79.128982543999939, 38.420146942000031 ], [ -79.231269835999967, 38.356330872000058 ] ] ] } },
{ "type": "Feature", "properties": { }, "geometry": { "type": "Polygon", "coordinates": [ [ [ -83.151115416999971, 38.434932709000066 ], [ -83.180480956999986, 38.424743652000075 ], [ -83.17776489299996, 38.448581696000076 ], [ -83.151115416999971, 38.434932709000066 ] ] ] } },
{ "type": "Feature", "properties": { }, "geometry": { "type": "Polygon", "coordinates": [ [ [ -83.057037353999988, 38.411880493000069 ], [ -83.197341918999939, 38.302219391000051 ], [ -83.254821776999961, 38.322605133000025 ], [ -83.21753692599998, 38.409191132000046 ], [ -83.171287536999955, 38.353164673000038 ], [ -83.057037353999988, 38.411880493000069 ] ] ] } },
{ "type": "Feature", "properties": { }, "geometry": { "type": "Polygon", "coordinates": [ [ [ -83.332862853999984, 38.359561920000033 ], [ -83.347419738999974, 38.341358185000047 ], [ -83.351722716999973, 38.363639832000047 ], [ -83.332862853999984, 38.359561920000033 ] ] ] } },
{ "type": "Feature", "properties": { }, "geometry": { "type": "Polygon", "coordinates": [ [ [ -83.338928222999982, 38.270984650000059 ], [ -83.234901427999944, 38.254192352000075 ], [ -83.26958465599995, 38.223342896000077 ], [ -83.338928222999982, 38.270984650000059 ] ] ] } },
{ "type": "Feature", "properties": { }, "geometry": { "type": "Polygon", "coordinates": [ [ [ -83.269821166999975, 38.153202057000044 ], [ -83.357391356999983, 38.087104797000052 ], [ -83.411697387999936, 38.110576630000025 ], [ -83.451950072999978, 38.087810516000047 ], [ -83.44625091599994, 38.122390747000054 ], [ -83.376945495999962, 38.163654327000074 ], [ -83.393959044999974, 38.188610077000078 ], [ -83.269821166999975, 38.153202057000044 ] ] ] } },
{ "type": "Feature", "properties": { }, "geometry": { "type": "Polygon", "coordinates": [ [ [ -77.532699584999989, 37.769786835000048 ], [ -77.54404449499998, 37.795974731000058 ], [ -77.476791381999988, 37.856800079000038 ], [ -77.486854552999944, 37.806255341000053 ], [ -77.532699584999989, 37.769786835000048 ] ] ] } },
{ "type": "Feature", "properties": { }, "geometry": { "type": "Polygon", "coordinates": [ [ [ -79.010978698999963, 35.563472748000038 ], [ -79.183212279999964, 35.518398285000046 ], [ -79.207183837999935, 35.580257416000052 ], [ -79.088569640999935, 35.571029663000047 ], [ -78.979835509999987, 35.66348266600005 ], [ -79.010978698999963, 35.563472748000038 ] ] ] } },
{ "type": "Feature", "properties": { }, "geometry": { "type": "Polygon", "coordinates": [ [ [ -79.50715637199994, 35.322509766000053 ], [ -79.523582457999964, 35.364345551000042 ], [ -79.465026854999962, 35.41664886500007 ], [ -79.43489074699994, 35.430572510000047 ], [ -79.37431335399998, 35.389331818000073 ], [ -79.50715637199994, 35.322509766000053 ] ] ] } },
{ "type": "Feature", "properties": { }, "geometry": { "type": "MultiPolygon", "coordinates": [ [ [ [ -86.463027953999983, 33.656757355000025 ], [ -86.844749450999984, 33.293941498000038 ], [ -86.923278808999953, 33.069553375000055 ], [ -87.159736632999966, 33.019271851000042 ], [ -87.443435668999939, 32.84705352800006 ], [ -87.081184386999951, 33.225559235000048 ], [ -86.949592589999952, 33.298789978000059 ], [ -86.686119079999969, 33.550071716000048 ], [ -86.586433410999973, 33.594505310000045 ], [ -86.491325377999942, 33.724132538000049 ], [ -86.436218261999954, 33.734622955000077 ], [ -86.463027953999983, 33.656757355000025 ] ] ], [ [ [ -85.523216247999983, 34.974575043000073 ], [ -85.524101256999984, 34.875118256000064 ], [ -85.655525207999972, 34.753700256000059 ], [ -85.588760375999982, 34.785858154000039 ], [ -85.556640624999943, 34.775897980000025 ], [ -85.561897277999947, 34.74521255500008 ], [ -85.87434387199994, 34.399402618000067 ], [ -86.05845642099996, 34.136581421000074 ], [ -86.295089721999943, 34.010410309000065 ], [ -86.441802978999988, 33.818294525000056 ], [ -86.521621703999983, 33.819019318000073 ], [ -86.592491149999944, 33.778903961000026 ], [ -86.548400878999985, 33.86116409300007 ], [ -86.170791625999982, 34.145698547000052 ], [ -86.268424987999936, 34.137729645000036 ], [ -86.485542296999938, 34.009040833000029 ], [ -86.647659301999965, 33.866725922000057 ], [ -86.827499389999957, 33.571994781000058 ], [ -87.030929564999951, 33.419952393000074 ], [ -87.08348846399997, 33.326484680000078 ], [ -87.224082946999943, 33.190906525000059 ], [ -87.276039123999965, 33.217296600000054 ], [ -87.524604796999938, 32.908176422000054 ], [ -87.589370727999949, 32.896499634000065 ], [ -87.652282714999956, 32.927242279000041 ], [ -87.870910644999981, 33.098907471000075 ], [ -88.098869323999963, 33.320323944000052 ], [ -88.196479796999938, 33.466442108000024 ], [ -88.257118224999942, 33.612361908000025 ], [ -88.270622252999942, 33.837825775000056 ], [ -88.235298156999988, 34.033714294000049 ], [ -88.088935851999963, 34.326377869000055 ], [ -87.855400084999985, 34.308727264000026 ], [ -87.832923888999971, 34.339485168000067 ], [ -87.863220214999956, 34.352611542000034 ], [ -87.820014953999987, 34.391578674000073 ], [ -87.889724730999944, 34.432872772000053 ], [ -87.853630065999937, 34.445869446000074 ], [ -87.766456603999984, 34.419322968000074 ], [ -87.672576903999982, 34.464687347000051 ], [ -87.463272094999979, 34.436157227000024 ], [ -87.394699096999943, 34.469631195000034 ], [ -87.10411834699994, 34.315864563000048 ], [ -86.970069884999987, 34.333278656000061 ], [ -86.931808471999943, 34.290668488000051 ], [ -86.812042235999968, 34.369613647000051 ], [ -86.855964660999973, 34.407169342000032 ], [ -86.751853942999958, 34.414985657000045 ], [ -86.738784789999954, 34.390872955000077 ], [ -86.79370880099998, 34.375080109000066 ], [ -86.680747985999972, 34.345516205000024 ], [ -86.688934325999981, 34.391849518000072 ], [ -86.613349914999958, 34.391754150000054 ], [ -86.584350585999971, 34.447196960000042 ], [ -86.624191283999949, 34.429855347000057 ], [ -86.695159911999951, 34.495922089000032 ], [ -86.595817565999937, 34.539340973000037 ], [ -86.610244750999982, 34.496562958000027 ], [ -86.570129394999981, 34.448516846000075 ], [ -86.528305053999986, 34.460510254000042 ], [ -86.523185729999966, 34.421882629000038 ], [ -86.424560546999942, 34.407821655000077 ], [ -86.40611267099996, 34.360912323000036 ], [ -86.656219481999983, 34.085411072000056 ], [ -86.894409179999968, 33.908267975000058 ], [ -86.901222228999984, 33.881698608000079 ], [ -86.867431640999939, 33.87530517600004 ], [ -86.779594420999956, 33.904117584000062 ], [ -86.687988280999946, 34.001823425000055 ], [ -86.571395873999961, 34.061538696000071 ], [ -86.327011107999965, 34.321590424000078 ], [ -86.211700438999969, 34.350997925000058 ], [ -85.972229003999985, 34.622936249000077 ], [ -85.861968993999938, 34.685604095000031 ], [ -85.869140624999943, 34.714279175000058 ], [ -85.781860351999967, 34.743656158000078 ], [ -85.814743041999975, 34.782634735000045 ], [ -85.738677978999988, 34.870132446000071 ], [ -85.70156097399996, 34.885242462000065 ], [ -85.645729064999955, 34.852699280000024 ], [ -85.665428161999955, 34.902732849000074 ], [ -85.62609863299997, 34.963642120000031 ], [ -85.599250792999953, 34.922454834000064 ], [ -85.523216247999983, 34.974575043000073 ] ] ] ] } },
{ "type": "Feature", "properties": { }, "geometry": { "type": "Polygon", "coordinates": [ [ [ -76.937835692999954, 41.918697357000042 ], [ -76.953399657999967, 41.899417877000076 ], [ -76.961624145999963, 41.915889740000068 ], [ -76.937835692999954, 41.918697357000042 ] ] ] } },
{ "type": "Feature", "properties": { }, "geometry": { "type": "Polygon", "coordinates": [ [ [ -76.993415832999972, 41.912719727000081 ], [ -77.045646666999971, 41.899784088000047 ], [ -77.048355102999949, 41.903724670000031 ], [ -76.993415832999972, 41.912719727000081 ] ] ] } },
{ "type": "Feature", "properties": { }, "geometry": { "type": "Polygon", "coordinates": [ [ [ -76.863616942999954, 41.732692719000056 ], [ -76.960136413999976, 41.658954620000031 ], [ -77.036132812999938, 41.672760010000047 ], [ -77.007476806999989, 41.708858490000068 ], [ -76.863616942999954, 41.732692719000056 ] ] ] } },
{ "type": "Feature", "properties": { }, "geometry": { "type": "Polygon", "coordinates": [ [ [ -76.634140014999957, 41.624992371000076 ], [ -76.663146972999982, 41.658908844000052 ], [ -76.522544860999972, 41.694210052000074 ], [ -76.523391723999964, 41.67929840100004 ], [ -76.634140014999957, 41.624992371000076 ] ] ] } },
{ "type": "Feature", "properties": { }, "geometry": { "type": "Polygon", "coordinates": [ [ [ -77.096527099999946, 41.65602874800004 ], [ -77.13589477499994, 41.663440704000038 ], [ -77.13215637199994, 41.69055557300004 ], [ -77.108444213999974, 41.700916290000066 ], [ -77.096527099999946, 41.65602874800004 ] ] ] } },
{ "type": "Feature", "properties": { }, "geometry": { "type": "Polygon", "coordinates": [ [ [ -76.489631652999947, 41.683719635000045 ], [ -76.50498199499998, 41.65806198100006 ], [ -76.515937804999965, 41.668125153000062 ], [ -76.489631652999947, 41.683719635000045 ] ] ] } },
{ "type": "Feature", "properties": { }, "geometry": { "type": "Polygon", "coordinates": [ [ [ -75.479293822999978, 41.486816406000059 ], [ -75.609321593999937, 41.38613891600005 ], [ -75.701896666999971, 41.25935363800005 ], [ -76.124794005999945, 41.133102417000032 ], [ -76.082839965999938, 41.189773560000049 ], [ -75.605003356999987, 41.46770095800008 ], [ -75.43733978299997, 41.680377960000044 ], [ -75.411819457999968, 41.624504089000027 ], [ -75.509895324999945, 41.519313812000064 ], [ -75.479293822999978, 41.486816406000059 ] ] ] } },
{ "type": "Feature", "properties": { }, "geometry": { "type": "Polygon", "coordinates": [ [ [ -76.337905883999952, 41.446449280000024 ], [ -76.442016601999967, 41.469963074000077 ], [ -76.459625243999938, 41.500045776000036 ], [ -76.416717528999982, 41.528823853000063 ], [ -76.268562316999976, 41.491321564000032 ], [ -76.337905883999952, 41.446449280000024 ] ] ] } },
{ "type": "Feature", "properties": { }, "geometry": { "type": "Polygon", "coordinates": [ [ [ -76.158607482999969, 41.51848220800008 ], [ -76.16445159899996, 41.487899780000077 ], [ -76.210731505999945, 41.486976624000079 ], [ -76.199722289999954, 41.518600464000031 ], [ -76.158607482999969, 41.51848220800008 ] ] ] } },
{ "type": "Feature", "properties": { }, "geometry": { "type": "Polygon", "coordinates": [ [ [ -76.125137328999983, 41.508842468000068 ], [ -76.078590392999956, 41.499347687000068 ], [ -76.08458709699994, 41.460632324000073 ], [ -76.125137328999983, 41.508842468000068 ] ] ] } },
{ "type": "Feature", "properties": { }, "geometry": { "type": "Polygon", "coordinates": [ [ [ -76.957336425999983, 41.505134583000029 ], [ -77.01887512199994, 41.481742859000065 ], [ -77.047363280999946, 41.501163483000028 ], [ -76.957336425999983, 41.505134583000029 ] ] ] } },
{ "type": "Feature", "properties": { }, "geometry": { "type": "Polygon", "coordinates": [ [ [ -76.637008666999975, 41.503162384000063 ], [ -76.661788939999951, 41.484428406000063 ], [ -76.66287994399994, 41.503902435000043 ], [ -76.637008666999975, 41.503162384000063 ] ] ] } },
{ "type": "Feature", "properties": { }, "geometry": { "type": "Polygon", "coordinates": [ [ [ -76.545989989999953, 41.458122253000056 ], [ -76.581390380999949, 41.468898773000035 ], [ -76.590362548999963, 41.491191864000029 ], [ -76.532722472999978, 41.495216370000037 ], [ -76.545989989999953, 41.458122253000056 ] ] ] } },
{ "type": "Feature", "properties": { }, "geometry": { "type": "Polygon", "coordinates": [ [ [ -76.915054320999957, 41.497158051000042 ], [ -76.89365386999998, 41.470264435000047 ], [ -76.920402526999965, 41.472637177000081 ], [ -76.915054320999957, 41.497158051000042 ] ] ] } },
{ "type": "Feature", "properties": { }, "geometry": { "type": "Polygon", "coordinates": [ [ [ -77.013824462999935, 41.450202942000033 ], [ -77.045776366999974, 41.445938110000043 ], [ -77.030281066999976, 41.467220306000058 ], [ -77.013824462999935, 41.450202942000033 ] ] ] } },
{ "type": "Feature", "properties": { }, "geometry": { "type": "Polygon", "coordinates": [ [ [ -76.178741454999965, 41.396751404000042 ], [ -76.157112121999944, 41.437938690000067 ], [ -76.11490631099997, 41.438316345000032 ], [ -76.123069763, 41.414299011000026 ], [ -76.178741454999965, 41.396751404000042 ] ] ] } },
{ "type": "Feature", "properties": { }, "geometry": { "type": "Polygon", "coordinates": [ [ [ -80.533493041999975, 41.266815186000031 ], [ -80.572204589999956, 41.282245636000027 ], [ -80.591728209999985, 41.356803894000052 ], [ -80.572494506999988, 41.349987030000079 ], [ -80.533493041999975, 41.266815186000031 ] ] ] } },
{ "type": "Feature", "properties": { }, "geometry": { "type": "Polygon", "coordinates": [ [ [ -80.54161834699994, 41.214912415000072 ], [ -80.586868285999969, 41.243648529000041 ], [ -80.586799621999944, 41.270175934000065 ], [ -80.556777953999983, 41.251884460000042 ], [ -80.54161834699994, 41.214912415000072 ] ] ] } },
{ "type": "Feature", "properties": { }, "geometry": { "type": "Polygon", "coordinates": [ [ [ -81.829345702999944, 41.018199921000075 ], [ -81.856758117999959, 41.026084900000058 ], [ -81.854629516999978, 41.10282516500007 ], [ -81.830192565999937, 41.070129395000038 ], [ -81.829345702999944, 41.018199921000075 ] ] ] } },
{ "type": "Feature", "properties": { }, "geometry": { "type": "Polygon", "coordinates": [ [ [ -75.867446898999958, 41.069927216000053 ], [ -75.907836913999972, 41.086616516000049 ], [ -75.863479613999971, 41.084243774000072 ], [ -75.867446898999958, 41.069927216000053 ] ] ] } },
{ "type": "Feature", "properties": { }, "geometry": { "type": "Polygon", "coordinates": [ [ [ -75.937057494999976, 41.056724548000034 ], [ -75.875633239999956, 41.048805237000067 ], [ -75.957389831999933, 41.042098999000075 ], [ -75.937057494999976, 41.056724548000034 ] ] ] } },
{ "type": "Feature", "properties": { }, "geometry": { "type": "Polygon", "coordinates": [ [ [ -75.833557128999985, 41.026699066000049 ], [ -75.854881286999955, 41.017379761000029 ], [ -75.818214416999979, 40.987464905000024 ], [ -75.83439636199995, 40.951515198000038 ], [ -76.007385253999985, 40.897125244000051 ], [ -76.127685546999942, 40.895797729000037 ], [ -76.149795531999985, 40.902679443000068 ], [ -76.12825012199994, 40.947566986000027 ], [ -76.249221801999965, 40.952526093000074 ], [ -76.225982665999936, 40.978218079000044 ], [ -75.833557128999985, 41.026699066000049 ] ] ] } },
{ "type": "Feature", "properties": { }, "geometry": { "type": "Polygon", "coordinates": [ [ [ -75.955749511999954, 40.861152649000076 ], [ -76.088439940999933, 40.793212891000053 ], [ -75.862503051999965, 40.824947357000042 ], [ -76.838127135999969, 40.395915985000045 ], [ -76.529571532999967, 40.572685242000034 ], [ -76.648796082, 40.590282440000067 ], [ -76.456169127999942, 40.631427765000069 ], [ -76.43150329599996, 40.680427551000037 ], [ -76.273101806999989, 40.76735687300004 ], [ -76.435852050999983, 40.741912842000033 ], [ -76.691696166999975, 40.757354736000025 ], [ -76.666740416999971, 40.778812408000078 ], [ -76.391868590999934, 40.839603424000074 ], [ -76.284408568999936, 40.833698273000039 ], [ -76.260002135999969, 40.804363251000041 ], [ -76.14370727499994, 40.854076385000042 ], [ -75.955749511999954, 40.861152649000076 ] ] ] } },
{ "type": "Feature", "properties": { }, "geometry": { "type": "Polygon", "coordinates": [ [ [ -81.919113158999949, 40.749820709000062 ], [ -81.892532348999964, 40.681522369000049 ], [ -81.929985045999956, 40.674770355000078 ], [ -81.919113158999949, 40.749820709000062 ] ] ] } },
{ "type": "Feature", "properties": { }, "geometry": { "type": "Polygon", "coordinates": [ [ [ -78.470169066999972, 40.503936768000074 ], [ -78.525619506999988, 40.396709442000031 ], [ -78.589843749999943, 40.379604340000071 ], [ -78.617149352999945, 40.308078766000051 ], [ -78.668525695999961, 40.295177460000048 ], [ -78.635009765999939, 40.234432220000031 ], [ -78.928031920999956, 39.857501984000066 ], [ -78.97164154099994, 39.828060150000056 ], [ -79.099792479999962, 39.867832184000065 ], [ -79.101539611999954, 39.910171509000065 ], [ -79.138610839999956, 39.895133972000053 ], [ -79.204277038999976, 40.075878143000068 ], [ -78.890930175999983, 40.407241821000071 ], [ -78.912490844999979, 40.44293975800008 ], [ -78.995521544999974, 40.400398254000038 ], [ -78.95296478299997, 40.510074615000065 ], [ -78.835769652999943, 40.576587677000077 ], [ -78.628143310999974, 40.610328674000073 ], [ -78.470169066999972, 40.503936768000074 ] ] ] } },
{ "type": "Feature", "properties": { }, "geometry": { "type": "Polygon", "coordinates": [ [ [ -78.063392638999971, 40.160743713000045 ], [ -78.151344298999959, 40.080451965000066 ], [ -78.221839904999968, 40.096889496000074 ], [ -78.128715514999953, 40.219001770000034 ], [ -78.063392638999971, 40.160743713000045 ] ] ] } },
{ "type": "Feature", "properties": { }, "geometry": { "type": "Polygon", "coordinates": [ [ [ -82.19498443599997, 40.151264191000053 ], [ -82.16887664799998, 40.145748138000044 ], [ -82.200813292999953, 40.080741882000041 ], [ -82.22161102299998, 40.090129852000075 ], [ -82.19498443599997, 40.151264191000053 ] ] ] } },
{ "type": "Feature", "properties": { }, "geometry": { "type": "Polygon", "coordinates": [ [ [ -82.308280944999979, 40.125789642000029 ], [ -82.337005614999953, 40.126438141000051 ], [ -82.325798034999934, 40.13646698000008 ], [ -82.308280944999979, 40.125789642000029 ] ] ] } },
{ "type": "Feature", "properties": { }, "geometry": { "type": "Polygon", "coordinates": [ [ [ -82.369865416999971, 40.059814453000058 ], [ -82.381904601999963, 40.031093597000051 ], [ -82.394760131999988, 40.034931183000026 ], [ -82.369865416999971, 40.059814453000058 ] ] ] } },
{ "type": "Feature", "properties": { }, "geometry": { "type": "Polygon", "coordinates": [ [ [ -79.097549437999987, 39.348449707000043 ], [ -79.371299743999941, 38.919033051000042 ], [ -79.467391967999959, 38.909141541000054 ], [ -79.387435912999933, 38.957237244000055 ], [ -79.420265197999981, 38.989490509000063 ], [ -79.348098754999967, 39.139945984000065 ], [ -79.386421203999987, 39.140228271000069 ], [ -79.420570373999965, 39.295143127000074 ], [ -79.218833922999977, 39.449050903000057 ], [ -79.10904693599997, 39.486557007000044 ], [ -79.103813170999956, 39.530551910000042 ], [ -78.734336852999945, 39.874847412000065 ], [ -78.732757567999954, 39.823371887000064 ], [ -78.821472167999957, 39.675632477000079 ], [ -79.097549437999987, 39.348449707000043 ] ] ] } },
{ "type": "Feature", "properties": { }, "geometry": { "type": "Polygon", "coordinates": [ [ [ -79.294158935999974, 39.527362823000033 ], [ -79.336021422999977, 39.557449341000051 ], [ -79.217880248999961, 39.658687592000035 ], [ -79.213722228999984, 39.72124862700008 ], [ -79.099792479999962, 39.867832184000065 ], [ -78.97164154099994, 39.828060150000056 ], [ -79.061767577999944, 39.691650391000053 ], [ -79.294158935999974, 39.527362823000033 ] ] ] } },
{ "type": "Feature", "properties": { }, "geometry": { "type": "Polygon", "coordinates": [ [ [ -82.456192016999978, 39.660892487000069 ], [ -82.462890624999943, 39.68334198000008 ], [ -82.431221007999966, 39.661273956000059 ], [ -82.456192016999978, 39.660892487000069 ] ] ] } },
{ "type": "Feature", "properties": { }, "geometry": { "type": "Polygon", "coordinates": [ [ [ -82.536849975999985, 39.524864197000056 ], [ -82.593948363999971, 39.491992950000053 ], [ -82.611007689999951, 39.496894836000024 ], [ -82.558959960999971, 39.53444290200008 ], [ -82.536849975999985, 39.524864197000056 ] ] ] } },
{ "type": "Feature", "properties": { }, "geometry": { "type": "Polygon", "coordinates": [ [ [ -79.386421203999987, 39.140228271000069 ], [ -79.494392394999977, 39.025444031000063 ], [ -79.594276427999944, 39.049915314000032 ], [ -79.533630370999958, 39.110363007000046 ], [ -79.607147216999977, 39.117984772000057 ], [ -79.594032287999937, 39.138881683000079 ], [ -79.420570373999965, 39.295143127000074 ], [ -79.386421203999987, 39.140228271000069 ] ] ] } },
{ "type": "Feature", "properties": { }, "geometry": { "type": "Polygon", "coordinates": [ [ [ -82.818572997999979, 39.192878723000035 ], [ -82.772438048999959, 39.146404266000047 ], [ -82.814949035999973, 39.113368988000047 ], [ -82.818572997999979, 39.192878723000035 ] ] ] } },
{ "type": "Feature", "properties": { }, "geometry": { "type": "Polygon", "coordinates": [ [ [ -79.650344848999964, 39.005462646000069 ], [ -79.601844787999937, 38.984508514000026 ], [ -79.629051207999964, 38.927375793000067 ], [ -79.671043395999959, 38.90531158400006 ], [ -79.725532531999988, 38.935718536000024 ], [ -79.650344848999964, 39.005462646000069 ] ] ] } },
{ "type": "Feature", "properties": { }, "geometry": { "type": "Polygon", "coordinates": [ [ [ -82.823616027999947, 39.004241943000068 ], [ -82.847145080999951, 38.988185883000028 ], [ -82.83577728299997, 39.012256622000052 ], [ -82.823616027999947, 39.004241943000068 ] ] ] } },
{ "type": "Feature", "properties": { }, "geometry": { "type": "Polygon", "coordinates": [ [ [ -82.838806151999961, 38.974567413000045 ], [ -82.86917114299996, 38.964538574000073 ], [ -82.893119811999952, 38.990711212000065 ], [ -82.838806151999961, 38.974567413000045 ] ] ] } },
{ "type": "Feature", "properties": { }, "geometry": { "type": "Polygon", "coordinates": [ [ [ -79.852043151999965, 38.623882294000055 ], [ -79.929893493999941, 38.579269409000062 ], [ -79.952972411999951, 38.597221375000061 ], [ -79.764488219999976, 38.853454590000069 ], [ -79.76496887199994, 38.751361847000055 ], [ -79.852043151999965, 38.623882294000055 ] ] ] } },
{ "type": "Feature", "properties": { }, "geometry": { "type": "Polygon", "coordinates": [ [ [ -79.849197387999936, 38.587570190000065 ], [ -79.871971129999963, 38.536907196000072 ], [ -79.891693114999953, 38.541725159000066 ], [ -79.894332885999972, 38.577716827000074 ], [ -79.849197387999936, 38.587570190000065 ] ] ] } },
{ "type": "Feature", "properties": { }, "geometry": { "type": "Polygon", "coordinates": [ [ [ -79.90415954599996, 38.505233765000071 ], [ -79.929344176999962, 38.512050629000044 ], [ -79.921485900999983, 38.54524993900003 ], [ -79.90415954599996, 38.505233765000071 ] ] ] } },
{ "type": "Feature", "properties": { }, "geometry": { "type": "Polygon", "coordinates": [ [ [ -79.986312865999935, 38.514801025000054 ], [ -79.95262908899997, 38.503074646000073 ], [ -80.01229858399995, 38.448719025000059 ], [ -80.02313232399996, 38.46762085000006 ], [ -79.986312865999935, 38.514801025000054 ] ] ] } },
{ "type": "Feature", "properties": { }, "geometry": { "type": "Polygon", "coordinates": [ [ [ -79.937713622999979, 38.450820923000038 ], [ -79.952766417999953, 38.435970306000058 ], [ -79.944198607999965, 38.460445404000041 ], [ -79.937713622999979, 38.450820923000038 ] ] ] } },
{ "type": "Feature", "properties": { }, "geometry": { "type": "Polygon", "coordinates": [ [ [ -80.022285460999967, 38.411727905000077 ], [ -80.027442931999985, 38.440868378000062 ], [ -80.014503478999984, 38.444240570000034 ], [ -80.022285460999967, 38.411727905000077 ] ] ] } },
{ "type": "Feature", "properties": { }, "geometry": { "type": "Polygon", "coordinates": [ [ [ -83.51284789999994, 38.007869720000031 ], [ -83.565162658999952, 38.001415253000062 ], [ -83.573715209999989, 38.017299652000077 ], [ -83.51284789999994, 38.007869720000031 ] ] ] } },
{ "type": "Feature", "properties": { }, "geometry": { "type": "Polygon", "coordinates": [ [ [ -83.611976623999965, 37.984661102000075 ], [ -83.644775390999939, 37.986526489000028 ], [ -83.603729247999979, 38.010383606000062 ], [ -83.611976623999965, 37.984661102000075 ] ] ] } },
{ "type": "Feature", "properties": { }, "geometry": { "type": "Polygon", "coordinates": [ [ [ -80.992225646999941, 37.975929260000044 ], [ -80.838943480999944, 37.928756714000031 ], [ -80.837829589999956, 37.863464355000076 ], [ -80.926818847999982, 37.814228058000026 ], [ -81.036521911999955, 37.880973816000051 ], [ -81.038574218999941, 37.95226669300007 ], [ -80.992225646999941, 37.975929260000044 ] ] ] } },
{ "type": "Feature", "properties": { }, "geometry": { "type": "Polygon", "coordinates": [ [ [ -81.091232299999945, 37.828632355000025 ], [ -81.045562743999938, 37.825065613000049 ], [ -81.025207519999981, 37.706966400000056 ], [ -80.990470885999969, 37.679454803000056 ], [ -81.022285460999967, 37.633243561000029 ], [ -81.011817931999985, 37.584735870000031 ], [ -81.152244567999958, 37.518627167000034 ], [ -81.153572082999972, 37.45127868700007 ], [ -81.226470946999939, 37.407707214000027 ], [ -81.282501220999961, 37.310680389000026 ], [ -81.599945067999954, 37.186710358000028 ], [ -81.776100158999952, 37.226409912000065 ], [ -81.80047607399996, 37.270500183000024 ], [ -81.782287597999982, 37.378807068000071 ], [ -81.575454711999953, 37.646392822000053 ], [ -81.26496887199994, 37.885505676000037 ], [ -81.082832335999967, 37.968559265000067 ], [ -81.091232299999945, 37.828632355000025 ] ] ] } },
{ "type": "Feature", "properties": { }, "geometry": { "type": "Polygon", "coordinates": [ [ [ -80.776809691999972, 37.858085632000041 ], [ -80.835975646999941, 37.849849701000039 ], [ -80.810615539999958, 37.874500275000059 ], [ -80.776809691999972, 37.858085632000041 ] ] ] } },
{ "type": "Feature", "properties": { }, "geometry": { "type": "Polygon", "coordinates": [ [ [ -80.956993102999945, 37.691139221000071 ], [ -81.008781432999967, 37.729133606000062 ], [ -80.964035033999949, 37.798034668000071 ], [ -80.922744750999982, 37.705963135000047 ], [ -80.956993102999945, 37.691139221000071 ] ] ] } },
{ "type": "Feature", "properties": { }, "geometry": { "type": "Polygon", "coordinates": [ [ [ -83.792129516999978, 37.700977325000053 ], [ -83.824577332, 37.703907013000048 ], [ -83.804100036999955, 37.725257874000079 ], [ -83.792129516999978, 37.700977325000053 ] ] ] } },
{ "type": "Feature", "properties": { }, "geometry": { "type": "Polygon", "coordinates": [ [ [ -83.86617279099994, 37.712528229000043 ], [ -83.89046478299997, 37.701324463000049 ], [ -83.879158019999977, 37.720985413000051 ], [ -83.86617279099994, 37.712528229000043 ] ] ] } },
{ "type": "Feature", "properties": { }, "geometry": { "type": "Polygon", "coordinates": [ [ [ -77.634880065999937, 37.682609558000024 ], [ -77.609420775999979, 37.42654800400004 ], [ -77.724395751999964, 37.24018096900005 ], [ -77.808036803999983, 37.395053864000033 ], [ -77.760429381999984, 37.453155518000074 ], [ -77.73797607399996, 37.556743622000056 ], [ -77.670608520999963, 37.613601685000049 ], [ -77.679977416999975, 37.669902802000024 ], [ -77.634880065999937, 37.682609558000024 ] ] ] } },
{ "type": "Feature", "properties": { }, "geometry": { "type": "Polygon", "coordinates": [ [ [ -83.893264770999963, 37.622566223000035 ], [ -83.862373351999963, 37.64089965800008 ], [ -83.925537108999947, 37.574787140000069 ], [ -83.922569274999944, 37.677986145000034 ], [ -83.888160705999951, 37.658912659000066 ], [ -83.913330077999944, 37.650661469000056 ], [ -83.893264770999963, 37.622566223000035 ] ] ] } },
{ "type": "Feature", "properties": { }, "geometry": { "type": "Polygon", "coordinates": [ [ [ -84.090766906999988, 37.516216278000059 ], [ -84.145309447999978, 37.517162323000036 ], [ -84.149299621999944, 37.555904388000044 ], [ -83.963500976999967, 37.594299316000047 ], [ -84.090766906999988, 37.516216278000059 ] ] ] } },
{ "type": "Feature", "properties": { }, "geometry": { "type": "Polygon", "coordinates": [ [ [ -78.290641784999934, 37.557197571000074 ], [ -78.419052123999961, 37.327224731000058 ], [ -78.456008910999969, 37.338809967000032 ], [ -78.290641784999934, 37.557197571000074 ] ] ] } },
{ "type": "Feature", "properties": { }, "geometry": { "type": "Polygon", "coordinates": [ [ [ -80.020881652999947, 37.439777374000073 ], [ -80.159629821999943, 37.374122620000037 ], [ -80.002983092999955, 37.509227753000062 ], [ -80.020881652999947, 37.439777374000073 ] ] ] } },
{ "type": "Feature", "properties": { }, "geometry": { "type": "Polygon", "coordinates": [ [ [ -84.276565551999965, 37.422851562000062 ], [ -84.317092895999963, 37.421520233000024 ], [ -84.277053832999968, 37.435420990000068 ], [ -84.276565551999965, 37.422851562000062 ] ] ] } },
{ "type": "Feature", "properties": { }, "geometry": { "type": "Polygon", "coordinates": [ [ [ -80.270980834999989, 37.318264008000028 ], [ -80.692558288999976, 37.153465271000073 ], [ -80.782646178999983, 37.097751617000029 ], [ -80.760017394999977, 37.046779633000028 ], [ -80.786270141999978, 37.019519806000062 ], [ -80.87981414799998, 37.07316970800008 ], [ -80.630874633999952, 37.20557403600003 ], [ -80.270980834999989, 37.318264008000028 ] ] ] } },
{ "type": "Feature", "properties": { }, "geometry": { "type": "Polygon", "coordinates": [ [ [ -84.34842681899994, 37.315719604000037 ], [ -84.308532714999956, 37.294136047000052 ], [ -84.316825866999977, 37.281497955000077 ], [ -84.369796752999946, 37.286804199000073 ], [ -84.34842681899994, 37.315719604000037 ] ] ] } },
{ "type": "Feature", "properties": { }, "geometry": { "type": "Polygon", "coordinates": [ [ [ -84.395401000999982, 37.30526351900005 ], [ -84.406761168999935, 37.291851044000055 ], [ -84.414413451999962, 37.301307678000057 ], [ -84.395401000999982, 37.30526351900005 ] ] ] } },
{ "type": "Feature", "properties": { }, "geometry": { "type": "Polygon", "coordinates": [ [ [ -78.416015624999943, 37.285018921000074 ], [ -78.452720641999974, 37.221263885000042 ], [ -78.490829467999959, 37.240436554000041 ], [ -78.476768493999941, 37.292671204000044 ], [ -78.416015624999943, 37.285018921000074 ] ] ] } },
{ "type": "Feature", "properties": { }, "geometry": { "type": "Polygon", "coordinates": [ [ [ -80.504173278999986, 37.137443542000028 ], [ -80.530349730999944, 37.180458069000053 ], [ -80.403907775999983, 37.207042694000052 ], [ -80.428848266999978, 37.153396606000058 ], [ -80.504173278999986, 37.137443542000028 ] ] ] } },
{ "type": "Feature", "properties": { }, "geometry": { "type": "Polygon", "coordinates": [ [ [ -81.225372313999969, 37.051757813000052 ], [ -81.115844726999967, 37.112537384000063 ], [ -81.027748107999969, 37.124244690000069 ], [ -81.157966613999974, 37.061084747000052 ], [ -81.225372313999969, 37.051757813000052 ] ] ] } },
{ "type": "Feature", "properties": { }, "geometry": { "type": "Polygon", "coordinates": [ [ [ -84.489440917999957, 37.022644043000071 ], [ -84.539382934999935, 37.065650940000069 ], [ -84.538146972999982, 37.083698273000039 ], [ -84.461120604999962, 37.048263550000058 ], [ -84.489440917999957, 37.022644043000071 ] ] ] } },
{ "type": "Feature", "properties": { }, "geometry": { "type": "Polygon", "coordinates": [ [ [ -81.403511046999938, 36.979759216000048 ], [ -81.495758056999989, 36.959213257000044 ], [ -81.352790832999972, 37.021038055000076 ], [ -81.403511046999938, 36.979759216000048 ] ] ] } },
{ "type": "Feature", "properties": { }, "geometry": { "type": "Polygon", "coordinates": [ [ [ -84.527969359999986, 37.006851196000071 ], [ -84.558303832999968, 37.004241943000068 ], [ -84.55168914799998, 37.019935608000026 ], [ -84.527969359999986, 37.006851196000071 ] ] ] } },
{ "type": "Feature", "properties": { }, "geometry": { "type": "Polygon", "coordinates": [ [ [ -80.856185913, 36.992427826000039 ], [ -80.971023559999935, 36.976436615000068 ], [ -80.844398498999965, 37.014060974000074 ], [ -80.856185913, 36.992427826000039 ] ] ] } },
{ "type": "Feature", "properties": { }, "geometry": { "type": "Polygon", "coordinates": [ [ [ -81.126182555999947, 36.993610382000043 ], [ -81.209495543999935, 36.93618011500007 ], [ -81.343391417999953, 36.900703430000078 ], [ -81.33901977499994, 36.936038971000073 ], [ -81.285400390999939, 36.966651917000036 ], [ -81.126182555999947, 36.993610382000043 ] ] ] } },
{ "type": "Feature", "properties": { }, "geometry": { "type": "Polygon", "coordinates": [ [ [ -84.585136413999976, 36.973911285000042 ], [ -84.579612731999987, 36.945388794000053 ], [ -84.600456237999936, 36.962100983000028 ], [ -84.585136413999976, 36.973911285000042 ] ] ] } },
{ "type": "Feature", "properties": { }, "geometry": { "type": "Polygon", "coordinates": [ [ [ -84.70442199699994, 36.922183990000065 ], [ -84.678176879999967, 36.888950348000037 ], [ -84.745338439999955, 36.801433563000046 ], [ -84.813232421999942, 36.830509186000029 ], [ -84.814727782999967, 36.877296448000038 ], [ -84.753555297999981, 36.858688354000037 ], [ -84.70442199699994, 36.922183990000065 ] ] ] } },
{ "type": "Feature", "properties": { }, "geometry": { "type": "Polygon", "coordinates": [ [ [ -84.661674499999947, 36.804618835000042 ], [ -84.712768554999968, 36.777664185000049 ], [ -84.734375, 36.778530121000074 ], [ -84.672828673999959, 36.859317780000026 ], [ -84.661674499999947, 36.804618835000042 ] ] ] } },
{ "type": "Feature", "properties": { }, "geometry": { "type": "Polygon", "coordinates": [ [ [ -85.222763061999956, 36.341140747000054 ], [ -85.274871825999981, 36.338382721000073 ], [ -85.288169860999972, 36.358806610000045 ], [ -85.243614196999943, 36.370162964000031 ], [ -85.222763061999956, 36.341140747000054 ] ] ] } },
{ "type": "Feature", "properties": { }, "geometry": { "type": "Polygon", "coordinates": [ [ [ -85.277778624999939, 36.303249359000063 ], [ -85.303855895999959, 36.313259125000059 ], [ -85.278808593999941, 36.318157196000072 ], [ -85.277778624999939, 36.303249359000063 ] ] ] } },
{ "type": "Feature", "properties": { }, "geometry": { "type": "Polygon", "coordinates": [ [ [ -85.230072020999955, 36.29382324200003 ], [ -85.262062072999981, 36.27921295200008 ], [ -85.258682250999982, 36.294918060000043 ], [ -85.230072020999955, 36.29382324200003 ] ] ] } },
{ "type": "Feature", "properties": { }, "geometry": { "type": "Polygon", "coordinates": [ [ [ -85.432014464999952, 36.072971344000052 ], [ -85.486442565999937, 36.062702179000041 ], [ -85.409584044999974, 36.105857849000074 ], [ -85.432014464999952, 36.072971344000052 ] ] ] } },
{ "type": "Feature", "properties": { }, "geometry": { "type": "Polygon", "coordinates": [ [ [ -85.368591308999953, 36.077602386000024 ], [ -85.393821716, 36.070423126000037 ], [ -85.361579894999977, 36.099872589000029 ], [ -85.368591308999953, 36.077602386000024 ] ] ] } },
{ "type": "Feature", "properties": { }, "geometry": { "type": "Polygon", "coordinates": [ [ [ -85.467277526999965, 36.014072418000069 ], [ -85.475105285999973, 36.037883759000067 ], [ -85.457260131999988, 36.043361664000031 ], [ -85.446998595999958, 36.033451080000077 ], [ -85.467277526999965, 36.014072418000069 ] ] ] } },
{ "type": "Feature", "properties": { }, "geometry": { "type": "Polygon", "coordinates": [ [ [ -85.79123687699996, 35.617469788000051 ], [ -85.810455321999939, 35.62741851800007 ], [ -85.785675048999963, 35.63242340100004 ], [ -85.79123687699996, 35.617469788000051 ] ] ] } },
{ "type": "Feature", "properties": { }, "geometry": { "type": "Polygon", "coordinates": [ [ [ -85.827339171999938, 35.579620361000025 ], [ -85.843109130999949, 35.591053009000063 ], [ -85.830780028999982, 35.599266052000075 ], [ -85.827339171999938, 35.579620361000025 ] ] ] } },
{ "type": "Feature", "properties": { }, "geometry": { "type": "Polygon", "coordinates": [ [ [ -79.373313903999986, 35.390659332000041 ], [ -79.43489074699994, 35.430572510000047 ], [ -79.301841735999972, 35.562316895000038 ], [ -79.207183837999935, 35.580257416000052 ], [ -79.183212279999964, 35.518398285000046 ], [ -79.373313903999986, 35.390659332000041 ] ] ] } },
{ "type": "Feature", "properties": { }, "geometry": { "type": "Polygon", "coordinates": [ [ [ -85.991737365999938, 35.040721893000068 ], [ -86.052673339999956, 34.971321106000062 ], [ -85.998535155999946, 34.906185150000056 ], [ -86.05168914799998, 34.930282593000072 ], [ -86.050506591999977, 34.890304565000065 ], [ -85.996765136999954, 34.827533722000055 ], [ -86.089675902999943, 34.845237732000044 ], [ -86.110183715999938, 34.827617645000032 ], [ -86.088195800999983, 34.789932251000039 ], [ -86.291397094999979, 34.669361115000072 ], [ -86.294410705999951, 34.725059509000062 ], [ -86.152793883999948, 34.795364380000024 ], [ -86.160369872999979, 34.830875397000057 ], [ -86.215965270999959, 34.79662323000008 ], [ -86.10868835399998, 34.935447693000071 ], [ -86.156448363999971, 34.988445282000043 ], [ -86.218055724999942, 34.952575684000067 ], [ -86.253326415999936, 35.00473022500006 ], [ -86.008094787999937, 35.12950515700004 ], [ -85.991737365999938, 35.040721893000068 ] ] ] } },
{ "type": "Feature", "properties": { }, "geometry": { "type": "Polygon", "coordinates": [ [ [ -85.373870849999946, 35.080650330000026 ], [ -85.384040832999972, 35.066608429000041 ], [ -85.402214049999941, 35.092002869000055 ], [ -85.373870849999946, 35.080650330000026 ] ] ] } },
{ "type": "Feature", "properties": { }, "geometry": { "type": "Polygon", "coordinates": [ [ [ -85.922271728999988, 34.912235260000045 ], [ -85.984199523999962, 34.950061798000036 ], [ -85.952781676999962, 35.054004669000051 ], [ -85.92707824699994, 35.038627625000061 ], [ -85.964653014999953, 34.961528778000059 ], [ -85.922271728999988, 34.912235260000045 ] ] ] } },
{ "type": "Feature", "properties": { }, "geometry": { "type": "Polygon", "coordinates": [ [ [ -85.390037536999955, 35.013645172000054 ], [ -85.424415587999988, 35.012680054000043 ], [ -85.406364440999937, 35.04552078200004 ], [ -85.390037536999955, 35.013645172000054 ] ] ] } },
{ "type": "Feature", "properties": { }, "geometry": { "type": "Polygon", "coordinates": [ [ [ -85.475585937999938, 34.983161926000037 ], [ -85.524757384999987, 35.012470245000031 ], [ -85.517753600999981, 35.035903931000064 ], [ -85.48740386999998, 35.041549683000028 ], [ -85.475585937999938, 34.983161926000037 ] ] ] } },
{ "type": "Feature", "properties": { }, "geometry": { "type": "Polygon", "coordinates": [ [ [ -85.480934142999956, 34.628410339000027 ], [ -85.416435241999977, 34.686222076000035 ], [ -85.394416808999949, 34.67112731900005 ], [ -85.620086669999978, 34.371620178000057 ], [ -85.656105041999979, 34.496788025000058 ], [ -85.524063109999986, 34.674274445000037 ], [ -85.505012511999951, 34.830242157000043 ], [ -85.371986388999971, 34.966701508000028 ], [ -85.490310668999939, 34.682308197000054 ], [ -85.480934142999956, 34.628410339000027 ] ] ] } },
{ "type": "Feature", "properties": { }, "geometry": { "type": "Polygon", "coordinates": [ [ [ -86.222915648999958, 34.868865967000033 ], [ -86.247497558999953, 34.875659943000073 ], [ -86.288650512999936, 34.952320099000076 ], [ -86.238571166999975, 34.934925079000038 ], [ -86.222915648999958, 34.868865967000033 ] ] ] } },
{ "type": "Feature", "properties": { }, "geometry": { "type": "Polygon", "coordinates": [ [ [ -85.811378478999984, 34.947074890000067 ], [ -85.819229125999982, 34.932140350000054 ], [ -85.820091247999983, 34.939628601000038 ], [ -85.811378478999984, 34.947074890000067 ] ] ] } },
{ "type": "Feature", "properties": { }, "geometry": { "type": "Polygon", "coordinates": [ [ [ -86.282691955999951, 34.82408523600003 ], [ -86.324890136999954, 34.802261353000063 ], [ -86.27847289999994, 34.767086029000041 ], [ -86.292404174999945, 34.74188613900003 ], [ -86.380691527999943, 34.774784088000047 ], [ -86.316764832, 34.935485840000069 ], [ -86.282691955999951, 34.82408523600003 ] ] ] } },
{ "type": "Feature", "properties": { }, "geometry": { "type": "Polygon", "coordinates": [ [ [ -85.850608825999984, 34.904968262000068 ], [ -85.876655578999987, 34.901077271000077 ], [ -85.86900329599996, 34.91727829000007 ], [ -85.850608825999984, 34.904968262000068 ] ] ] } },
{ "type": "Feature", "properties": { }, "geometry": { "type": "Polygon", "coordinates": [ [ [ -85.891983031999985, 34.872665405000077 ], [ -85.921508788999972, 34.881664276000038 ], [ -85.900825499999939, 34.887302399000077 ], [ -85.891983031999985, 34.872665405000077 ] ] ] } },
{ "type": "Feature", "properties": { }, "geometry": { "type": "Polygon", "coordinates": [ [ [ -85.943954467999959, 34.827320099000076 ], [ -85.971580504999963, 34.826427460000048 ], [ -85.953117370999962, 34.844264984000063 ], [ -85.943954467999959, 34.827320099000076 ] ] ] } },
{ "type": "Feature", "properties": { }, "geometry": { "type": "Polygon", "coordinates": [ [ [ -86.336425780999946, 34.656318665000072 ], [ -86.395744323999963, 34.628086090000068 ], [ -86.40325164799998, 34.695388794000053 ], [ -86.336425780999946, 34.656318665000072 ] ] ] } },
{ "type": "Feature", "properties": { }, "geometry": { "type": "Polygon", "coordinates": [ [ [ -86.500953673999959, 34.534160614000029 ], [ -86.513610839999956, 34.562370300000055 ], [ -86.491806029999964, 34.620262146000073 ], [ -86.48261261, 34.589717865000068 ], [ -86.500953673999959, 34.534160614000029 ] ] ] } },
{ "type": "Feature", "properties": { }, "geometry": { "type": "Polygon", "coordinates": [ [ [ -86.264480590999938, 34.45523834200003 ], [ -86.324562072999981, 34.481079102000024 ], [ -86.17564392099996, 34.59493255600006 ], [ -86.179077147999976, 34.543575287000067 ], [ -86.264480590999938, 34.45523834200003 ] ] ] } },
{ "type": "Feature", "properties": { }, "geometry": { "type": "Polygon", "coordinates": [ [ [ -86.42102050799997, 34.513732910000044 ], [ -86.444541930999947, 34.498088837000068 ], [ -86.445480346999943, 34.518657684000061 ], [ -86.42102050799997, 34.513732910000044 ] ] ] } },
{ "type": "Feature", "properties": { }, "geometry": { "type": "Polygon", "coordinates": [ [ [ -86.038955687999987, 34.030578613000046 ], [ -86.05138397199994, 34.051586151000038 ], [ -85.909179686999948, 34.177810669000053 ], [ -85.656105041999979, 34.496788025000058 ], [ -85.62434387199994, 34.428050995000035 ], [ -85.641853332999972, 34.341312408000078 ], [ -85.776451110999972, 34.190017700000055 ], [ -86.038955687999987, 34.030578613000046 ] ] ] } },
{ "type": "Feature", "properties": { }, "geometry": { "type": "Polygon", "coordinates": [ [ [ -86.376586913999972, 34.471401215000071 ], [ -86.403289794999978, 34.457817078000062 ], [ -86.403015136999954, 34.477111816000047 ], [ -86.376586913999972, 34.471401215000071 ] ] ] } },
{ "type": "Feature", "properties": { }, "geometry": { "type": "Polygon", "coordinates": [ [ [ -86.337882995999962, 34.459228516000053 ], [ -86.369560241999977, 34.449607849000074 ], [ -86.359245299999941, 34.474632263000046 ], [ -86.337882995999962, 34.459228516000053 ] ] ] } },
{ "type": "Feature", "properties": { }, "geometry": { "type": "Polygon", "coordinates": [ [ [ -86.312126159999934, 34.432929993000073 ], [ -86.329872130999945, 34.44357681300005 ], [ -86.294960021999941, 34.447147369000049 ], [ -86.312126159999934, 34.432929993000073 ] ] ] } },
{ "type": "Feature", "properties": { }, "geometry": { "type": "Polygon", "coordinates": [ [ [ -88.327674865999938, 34.175827026000036 ], [ -88.356063842999959, 34.183502197000053 ], [ -88.370460509999987, 34.212768555000025 ], [ -88.310371398999962, 34.214103699000077 ], [ -88.327674865999938, 34.175827026000036 ] ] ] } },
{ "type": "Feature", "properties": { }, "geometry": { "type": "Polygon", "coordinates": [ [ [ -86.233963012999936, 33.935390472000051 ], [ -86.350082396999937, 33.910076141000047 ], [ -86.209075927999947, 33.977569580000079 ], [ -86.233963012999936, 33.935390472000051 ] ] ] } },
{ "type": "Feature", "properties": { }, "geometry": { "type": "Polygon", "coordinates": [ [ [ -88.284416198999963, 33.819545746000074 ], [ -88.31874847399996, 33.832611084000064 ], [ -88.319892882999966, 33.870304108000028 ], [ -88.276741027999947, 33.875076294000053 ], [ -88.284416198999963, 33.819545746000074 ] ] ] } },
{ "type": "Feature", "properties": { }, "geometry": { "type": "Polygon", "coordinates": [ [ [ -86.461555480999948, 33.506946564000032 ], [ -86.58261108399995, 33.471767426000042 ], [ -86.725509643999942, 33.347206116000052 ], [ -86.616188048999959, 33.482799530000079 ], [ -86.324531554999965, 33.725200653000059 ], [ -86.126434325999981, 33.820991516000049 ], [ -86.080436707, 33.812969208000027 ], [ -86.261421203999987, 33.729042053000057 ], [ -86.461555480999948, 33.506946564000032 ] ] ] } },
{ "type": "Feature", "properties": { }, "geometry": { "type": "Polygon", "coordinates": [ [ [ -86.668655395999963, 33.312633514000026 ], [ -86.727081298999963, 33.223888397000053 ], [ -86.795684813999969, 33.253440857000044 ], [ -86.565002441, 33.442539215000068 ], [ -86.52629852299998, 33.420120239000028 ], [ -86.668655395999963, 33.312633514000026 ] ] ] } },
{ "type": "Feature", "properties": { }, "geometry": { "type": "Polygon", "coordinates": [ [ [ -71.15165710399998, 41.99427795400004 ], [ -71.33401489299996, 41.810611725000058 ], [ -71.293418883999948, 41.750652313000046 ], [ -71.319183349999946, 41.763786316000051 ], [ -71.304573058999949, 41.706104279000044 ], [ -71.37148284899996, 41.767021179000039 ], [ -71.375015258999952, 41.858287811000025 ], [ -71.404655456999933, 41.817901611000025 ], [ -71.38375091599994, 41.792911530000026 ], [ -71.402297973999964, 41.710575104000043 ], [ -71.461601256999984, 41.694190979000041 ], [ -71.501365661999955, 41.723018646000071 ], [ -71.502792357999965, 41.793235779000042 ], [ -71.436775207999972, 41.903804779000041 ], [ -71.255813598999964, 42.045902252000076 ], [ -71.178848266999978, 42.053958893000072 ], [ -71.15165710399998, 41.99427795400004 ] ] ] } },
{ "type": "Feature", "properties": { }, "geometry": { "type": "Polygon", "coordinates": [ [ [ -71.319030761999954, 41.58401107800006 ], [ -71.352684020999959, 41.635349274000077 ], [ -71.343399047999981, 41.664848328000062 ], [ -71.299888610999972, 41.622112274000074 ], [ -71.319030761999954, 41.58401107800006 ] ] ] } },
{ "type": "Feature", "properties": { }, "geometry": { "type": "Polygon", "coordinates": [ [ [ -71.224838256999988, 41.651935577000074 ], [ -71.24576568599997, 41.47177505500008 ], [ -71.364692687999934, 41.457881927000074 ], [ -71.31929779099994, 41.478252411000028 ], [ -71.274711608999951, 41.620708466000053 ], [ -71.224838256999988, 41.651935577000074 ] ] ] } },
{ "type": "Feature", "properties": { }, "geometry": { "type": "Polygon", "coordinates": [ [ [ -117.785583495999958, 48.132179260000044 ], [ -117.808822631999988, 48.154697418000069 ], [ -117.750717163, 48.165210724000076 ], [ -117.743476867999959, 48.152217865000068 ], [ -117.785583495999958, 48.132179260000044 ] ] ] } },
{ "type": "Feature", "properties": { }, "geometry": { "type": "Polygon", "coordinates": [ [ [ -116.023323058999949, 46.44126510600006 ], [ -116.015243529999964, 46.471633911000026 ], [ -115.973472594999976, 46.468597412000065 ], [ -115.991920470999958, 46.452560425000058 ], [ -116.023323058999949, 46.44126510600006 ] ] ] } },
{ "type": "Feature", "properties": { }, "geometry": { "type": "Polygon", "coordinates": [ [ [ -110.628387450999981, 46.118915558000026 ], [ -110.673713683999949, 46.177665710000042 ], [ -110.619827270999963, 46.228549957000041 ], [ -110.599060058999953, 46.210838318000071 ], [ -110.636901854999962, 46.16367340100004 ], [ -110.628387450999981, 46.118915558000026 ] ] ] } },
{ "type": "Feature", "properties": { }, "geometry": { "type": "Polygon", "coordinates": [ [ [ -111.344116210999971, 46.139110565000067 ], [ -111.346290587999988, 46.181247711000026 ], [ -111.286323546999938, 46.21090698200004 ], [ -111.317413329999965, 46.155349731000058 ], [ -111.344116210999971, 46.139110565000067 ] ] ] } },
{ "type": "Feature", "properties": { }, "geometry": { "type": "Polygon", "coordinates": [ [ [ -110.777671813999973, 46.096115112000064 ], [ -110.805686950999984, 46.125392914000031 ], [ -110.779769896999937, 46.160228729000039 ], [ -110.754287719999979, 46.132213593000074 ], [ -110.777671813999973, 46.096115112000064 ] ] ] } },
{ "type": "Feature", "properties": { }, "geometry": { "type": "Polygon", "coordinates": [ [ [ -110.827316283999949, 45.647129059000065 ], [ -110.682792663999976, 45.663249969000049 ], [ -110.536376952999944, 45.655128479000041 ], [ -110.785217284999987, 45.625812531000065 ], [ -110.704086303999986, 45.536159515000065 ], [ -110.725479125999982, 45.532138824000072 ], [ -110.858306885, 45.64544296300005 ], [ -110.905891417999953, 45.631813049000073 ], [ -110.887557982999965, 45.908161163000045 ], [ -110.849250792999953, 45.821781158000078 ], [ -110.87560272199994, 45.701587677000077 ], [ -110.827316283999949, 45.647129059000065 ] ] ] } },
{ "type": "Feature", "properties": { }, "geometry": { "type": "Polygon", "coordinates": [ [ [ -109.039260863999971, 45.367839813000046 ], [ -109.044418334999989, 45.273971558000028 ], [ -108.983436583999946, 45.24213409400005 ], [ -109.013732909999987, 45.228221893000068 ], [ -108.959579467999959, 45.157077789000027 ], [ -108.798736571999939, 45.024856567000029 ], [ -108.749881054999946, 44.866232273000037 ], [ -109.228683471999943, 44.892368317000034 ], [ -109.24907342299997, 45.063492887000052 ], [ -109.218109130999949, 45.131336212000065 ], [ -109.240310668999939, 45.169296265000071 ], [ -109.540122985999972, 45.27858352700008 ], [ -109.444557189999955, 45.334861755000077 ], [ -109.16838073699995, 45.344314575000055 ], [ -109.128030509999974, 45.437025340000048 ], [ -109.039260863999971, 45.367839813000046 ] ], [ [ -108.871513366999977, 44.971778870000037 ], [ -108.819801330999951, 44.966781616000048 ], [ -108.862747191999972, 44.995090485000048 ], [ -108.871513366999977, 44.971778870000037 ] ] ] } },
{ "type": "Feature", "properties": { }, "geometry": { "type": "Polygon", "coordinates": [ [ [ -108.966667174999941, 45.275218964000032 ], [ -108.876037597999982, 45.175910950000059 ], [ -108.858901977999949, 45.102672577000078 ], [ -108.705368041999975, 45.066486359000066 ], [ -108.728607177999947, 44.996791840000071 ], [ -108.641647338999974, 44.971393585000044 ], [ -108.634201049999945, 44.884483337000063 ], [ -108.749881054999946, 44.866232273000037 ], [ -108.798736571999939, 45.024856567000029 ], [ -108.959579467999959, 45.157077789000027 ], [ -109.013732909999987, 45.228221893000068 ], [ -108.983436583999946, 45.24213409400005 ], [ -109.044418334999989, 45.273971558000028 ], [ -109.039260863999971, 45.367839813000046 ], [ -109.128030509999974, 45.437025340000048 ], [ -109.133499145999963, 45.736896515000069 ], [ -109.109291076999966, 45.782958984000061 ], [ -109.036666869999976, 45.762947083000029 ], [ -108.97268676799996, 45.684852600000056 ], [ -108.981163024999944, 45.482395172000054 ], [ -108.932617186999948, 45.385108948000038 ], [ -108.985603332999972, 45.34680557300004 ], [ -108.966667174999941, 45.275218964000032 ] ] ] } },
{ "type": "Feature", "properties": { }, "geometry": { "type": "Polygon", "coordinates": [ [ [ -109.322980891999975, 45.183943270000043 ], [ -109.226661681999985, 45.152275085000042 ], [ -109.245063781999988, 45.065891266000051 ], [ -109.26084136999998, 45.132625580000081 ], [ -109.322980891999975, 45.183943270000043 ] ] ] } },
{ "type": "Feature", "properties": { }, "geometry": { "type": "Polygon", "coordinates": [ [ [ -109.440681457999972, 45.239547729000037 ], [ -109.537338256999988, 45.245670319000055 ], [ -109.547706603999984, 45.296657562000064 ], [ -109.50997295999997, 45.311699425000029 ], [ -109.540122985999972, 45.27858352700008 ], [ -109.440681457999972, 45.239547729000037 ] ] ] } },
{ "type": "Feature", "properties": { }, "geometry": { "type": "Polygon", "coordinates": [ [ [ -109.723892211999953, 45.463401794000049 ], [ -109.722213744999976, 45.421993256000064 ], [ -109.800598144999981, 45.448005676000037 ], [ -109.723892211999953, 45.463401794000049 ] ] ] } },
{ "type": "Feature", "properties": { }, "geometry": { "type": "Polygon", "coordinates": [ [ [ -111.33528137199994, 45.271579742000029 ], [ -111.277442931999985, 45.270446777000075 ], [ -111.158737182999971, 45.217956543000071 ], [ -111.333312987999989, 45.237133026000038 ], [ -111.43150329599996, 45.310073853000063 ], [ -111.431976317999954, 45.361328125000057 ], [ -111.382293700999981, 45.353118896000069 ], [ -111.33528137199994, 45.271579742000029 ] ] ] } },
{ "type": "Feature", "properties": { }, "geometry": { "type": "Polygon", "coordinates": [ [ [ -111.491203307999967, 45.141353607000042 ], [ -111.525451659999987, 45.214076996000074 ], [ -111.490463256999988, 45.245079041000054 ], [ -111.499298095999961, 45.20042419400005 ], [ -111.491203307999967, 45.141353607000042 ] ] ] } },
{ "type": "Feature", "properties": { }, "geometry": { "type": "Polygon", "coordinates": [ [ [ -111.251342772999976, 45.081882477000079 ], [ -111.321273803999986, 45.072986603000061 ], [ -111.338813781999988, 45.128990173000034 ], [ -111.251342772999976, 45.081882477000079 ] ] ] } },
{ "type": "Feature", "properties": { }, "geometry": { "type": "Polygon", "coordinates": [ [ [ -110.738601685, 45.056465149000076 ], [ -110.812881469999979, 45.050792694000052 ], [ -110.822608947999981, 45.059646606000058 ], [ -110.753883361999954, 45.079792023000039 ], [ -110.738601685, 45.056465149000076 ] ] ] } },
{ "type": "Feature", "properties": { }, "geometry": { "type": "Polygon", "coordinates": [ [ [ -110.553260802999944, 44.948364258000026 ], [ -110.605361937999987, 44.95901107800006 ], [ -110.615348816, 44.974693298000034 ], [ -110.549499511999954, 44.988002777000077 ], [ -110.553260802999944, 44.948364258000026 ] ] ] } },
{ "type": "Feature", "properties": { }, "geometry": { "type": "Polygon", "coordinates": [ [ [ -109.228683471999943, 44.892368317000034 ], [ -108.749881054999946, 44.866232273000037 ], [ -108.605812072999981, 44.754661560000045 ], [ -108.481826781999985, 44.749988556000062 ], [ -108.372703551999962, 44.703178406000063 ], [ -108.254882812999938, 44.569782257000043 ], [ -108.136306763, 44.495388031000061 ], [ -108.015136718999941, 44.320320129000038 ], [ -107.757606505999945, 44.081855774000076 ], [ -107.570686339999952, 43.987277985000048 ], [ -107.538673400999983, 43.916629791000048 ], [ -107.569740294999974, 43.815864563000048 ], [ -107.683296203999987, 43.793254852000075 ], [ -107.871849059999988, 43.820117950000053 ], [ -107.99064636199995, 43.923919678000061 ], [ -108.211639403999982, 43.993927002000078 ], [ -108.34380340599995, 43.969970703000058 ], [ -108.233993529999964, 43.931011200000057 ], [ -108.19534301799996, 43.875671387000068 ], [ -108.330177306999985, 43.883026123000036 ], [ -108.666496276999965, 44.061264038000047 ], [ -108.74064636199995, 44.138046265000071 ], [ -108.819503783999949, 44.157699585000046 ], [ -108.838943480999944, 44.190242767000029 ], [ -108.796890258999952, 44.259994507000044 ], [ -108.860206603999984, 44.480400085000042 ], [ -108.978157042999953, 44.538478851000036 ], [ -109.038940429999968, 44.626167297000052 ], [ -109.225761413999976, 44.749649048000038 ], [ -109.228683471999943, 44.892368317000034 ] ] ] } },
{ "type": "Feature", "properties": { }, "geometry": { "type": "Polygon", "coordinates": [ [ [ -108.841758727999945, 44.293655396000077 ], [ -108.832586758, 44.349168288000044 ], [ -108.796890258999952, 44.259994507000044 ], [ -108.838943480999944, 44.190242767000029 ], [ -108.819503783999949, 44.157699585000046 ], [ -108.74064636199995, 44.138046265000071 ], [ -108.666496276999965, 44.061264038000047 ], [ -108.385307311999952, 43.90280914300007 ], [ -108.19534301799996, 43.875671387000068 ], [ -108.233993529999964, 43.931011200000057 ], [ -108.344596863, 43.976768494000055 ], [ -108.195846557999971, 43.992252350000058 ], [ -107.99064636199995, 43.923919678000061 ], [ -107.871849059999988, 43.820117950000053 ], [ -107.625968932999967, 43.795722961000081 ], [ -107.551887511999951, 43.847545624000077 ], [ -107.557296752999946, 43.986125946000072 ], [ -107.393638610999972, 43.891052246000072 ], [ -107.361442565999937, 43.835220337000067 ], [ -107.365592957, 43.744491577000076 ], [ -107.395858764999957, 43.69297027600004 ], [ -107.49836731, 43.714107513000044 ], [ -107.579292296999938, 43.669155121000074 ], [ -107.798477172999981, 43.765647888000046 ], [ -107.980957030999946, 43.776416779000044 ], [ -108.072998046999942, 43.745159149000074 ], [ -108.239303588999974, 43.783191681000062 ], [ -108.242942809999988, 43.733154297000056 ], [ -108.304649352999945, 43.786571503000062 ], [ -108.54280853299997, 43.817031860000043 ], [ -108.655441283999949, 43.786235809000061 ], [ -108.562141417999953, 43.732513428000061 ], [ -108.757781981999983, 43.73396301300005 ], [ -108.749168395999959, 43.79684448200004 ], [ -108.910346985, 43.933547974000078 ], [ -108.88584136999998, 44.040634155000077 ], [ -109.003852844, 44.144054413000049 ], [ -108.904167174999941, 44.118129730000078 ], [ -109.008056640999939, 44.200443268000072 ], [ -109.049133300999983, 44.344409943000073 ], [ -108.990493773999958, 44.376873016000047 ], [ -108.841758727999945, 44.293655396000077 ] ], [ [ -108.750679016, 43.996284485000047 ], [ -108.739448546999938, 44.055225372000052 ], [ -108.805656432999967, 44.077323914000033 ], [ -108.78323364299996, 44.026168823000035 ], [ -108.750679016, 43.996284485000047 ] ], [ [ -108.678611754999963, 43.92340850800008 ], [ -108.545173644999977, 43.891616821000071 ], [ -108.582748413, 43.955924988000049 ], [ -108.678611754999963, 43.92340850800008 ] ] ] } },
{ "type": "Feature", "properties": { }, "geometry": { "type": "Polygon", "coordinates": [ [ [ -108.566169738999974, 44.843223572000056 ], [ -108.446281432999967, 44.857730865000065 ], [ -108.295051574999945, 44.76710891700003 ], [ -108.247398375999978, 44.641433716000051 ], [ -108.053077697999981, 44.50465011600005 ], [ -108.021827697999981, 44.383075714000029 ], [ -107.851142882999966, 44.277511597000057 ], [ -107.584498211999971, 43.994682170000033 ], [ -107.757606505999945, 44.081855774000076 ], [ -108.015136718999941, 44.320320129000038 ], [ -108.136306763, 44.495388031000061 ], [ -108.254882812999938, 44.569782257000043 ], [ -108.372703551999962, 44.703178406000063 ], [ -108.548912047999977, 44.800495148000039 ], [ -108.594566344999976, 44.798042297000052 ], [ -108.506987408999976, 44.749881464000055 ], [ -108.605812072999981, 44.754661560000045 ], [ -108.749881054999946, 44.866232273000037 ], [ -108.634201049999945, 44.884483337000063 ], [ -108.566169738999974, 44.843223572000056 ] ] ] } },
{ "type": "Feature", "properties": { }, "geometry": { "type": "Polygon", "coordinates": [ [ [ -108.860206603999984, 44.480400085000042 ], [ -108.851268783999956, 44.43336898900003 ], [ -108.864997863999974, 44.452472687000068 ], [ -108.921630858999947, 44.383354187000066 ], [ -108.975196837999988, 44.38757324200003 ], [ -109.009300231999987, 44.566135406000058 ], [ -109.15754699699994, 44.61074829100005 ], [ -109.200912475999985, 44.653072357000042 ], [ -109.245849608999947, 44.807674408000025 ], [ -109.244243003999941, 44.857241190000025 ], [ -109.225761413999976, 44.749649048000038 ], [ -109.038940429999968, 44.626167297000052 ], [ -108.978157042999953, 44.538478851000036 ], [ -108.860206603999984, 44.480400085000042 ] ] ] } },
{ "type": "Feature", "properties": { }, "geometry": { "type": "Polygon", "coordinates": [ [ [ -110.32482147199994, 44.288887024000076 ], [ -110.279502868999941, 43.970108032000041 ], [ -110.101959228999988, 43.751068115000066 ], [ -110.046157836999953, 43.571773529000041 ], [ -109.949218749999943, 43.490940094000052 ], [ -109.972427367999956, 43.452293396000073 ], [ -110.060752868999941, 43.459533691000047 ], [ -110.144653319999975, 43.527709961000028 ], [ -110.111892699999942, 43.442028046000075 ], [ -110.143020629999967, 43.438854218000074 ], [ -110.208671569999979, 43.516376495000031 ], [ -110.313873291, 43.562931061000029 ], [ -110.419563292999953, 43.70749664300007 ], [ -110.50803375199996, 43.741687775000059 ], [ -110.435112, 43.911605835000046 ], [ -110.618492125999978, 43.981159210000044 ], [ -110.635307311999952, 44.014400482000042 ], [ -110.574241638, 44.107425690000071 ], [ -110.445426941, 44.103172302000075 ], [ -110.430641173999959, 44.124809265000067 ], [ -110.468536376999964, 44.179077148000033 ], [ -110.32482147199994, 44.288887024000076 ] ] ] } },
{ "type": "Feature", "properties": { }, "geometry": { "type": "Polygon", "coordinates": [ [ [ -111.078666686999952, 43.481456757000046 ], [ -111.211036681999985, 43.528312683000081 ], [ -111.308006286999955, 43.653205872000058 ], [ -111.184211730999948, 43.569831848000035 ], [ -111.081253051999965, 43.544727325000053 ], [ -111.048683166999979, 43.503849030000026 ], [ -111.078666686999952, 43.481456757000046 ] ] ] } },
{ "type": "Feature", "properties": { }, "geometry": { "type": "Polygon", "coordinates": [ [ [ -108.791061400999979, 43.480888367000034 ], [ -108.537216186999956, 43.465343475000054 ], [ -108.344718932999967, 43.358722687000068 ], [ -107.40630340599995, 43.222648621000076 ], [ -107.231231688999969, 43.165130615000066 ], [ -107.058380126999964, 43.083961487000067 ], [ -107.031448363999971, 43.005859375000057 ], [ -106.728561400999979, 42.812713623000036 ], [ -106.608726500999978, 42.653217316000053 ], [ -106.712333678999983, 42.627601624000079 ], [ -106.962463378999985, 42.71054840100004 ], [ -107.424369811999952, 42.938461304000043 ], [ -107.466911315999937, 42.884662628000058 ], [ -107.63746643099995, 42.920177460000048 ], [ -107.682441710999967, 42.84006118800005 ], [ -107.762168883999948, 42.819919586000026 ], [ -108.001121520999959, 42.838291168000069 ], [ -108.153633117999959, 42.88388443000008 ], [ -108.137046813999973, 42.810935974000074 ], [ -108.266586303999986, 42.759559631000059 ], [ -108.462860106999983, 42.82333755500008 ], [ -108.52970886199995, 42.817192078000062 ], [ -108.576683044, 42.914066315000071 ], [ -108.765281676999962, 43.129035950000059 ], [ -108.891319274999944, 43.351108551000038 ], [ -109.01084136999998, 43.462127686000031 ], [ -108.89227294899996, 43.441032410000048 ], [ -108.796630858999947, 43.352043152000078 ], [ -108.764160155999946, 43.368431091000048 ], [ -108.791061400999979, 43.480888367000034 ] ] ] } },
{ "type": "Feature", "properties": { }, "geometry": { "type": "Polygon", "coordinates": [ [ [ -111.536582946999943, 43.413097382000046 ], [ -111.253486632999966, 43.19035720800008 ], [ -111.191963195999961, 43.182163239000033 ], [ -111.184471129999963, 43.06313324000007 ], [ -111.214286803999983, 43.057678223000039 ], [ -111.353202819999979, 43.221794128000056 ], [ -111.457641601999967, 43.283401489000028 ], [ -111.491203307999967, 43.289459229000045 ], [ -111.444770813, 43.211910248000038 ], [ -111.479492186999948, 43.189498901000036 ], [ -111.580276488999971, 43.260978699000077 ], [ -111.609916686999952, 43.301990509000063 ], [ -111.598968505999949, 43.398368835000042 ], [ -111.536582946999943, 43.413097382000046 ] ] ] } },
{ "type": "Feature", "properties": { }, "geometry": { "type": "Polygon", "coordinates": [ [ [ -111.48107147199994, 43.072193146000075 ], [ -111.579437255999949, 43.121433258000025 ], [ -111.634521483999947, 43.232769012000063 ], [ -111.596191405999946, 43.22661209100005 ], [ -111.48107147199994, 43.072193146000075 ] ] ] } },
{ "type": "Feature", "properties": { }, "geometry": { "type": "Polygon", "coordinates": [ [ [ -111.045127868999941, 42.88536453200004 ], [ -111.134101867999959, 43.01424789400005 ], [ -111.113243102999945, 43.034782410000048 ], [ -111.041282653999986, 43.020072937000066 ], [ -111.045127868999941, 42.88536453200004 ] ] ] } },
{ "type": "Feature", "properties": { }, "geometry": { "type": "Polygon", "coordinates": [ [ [ -111.186203002999946, 42.88239288300008 ], [ -111.303062438999973, 42.935256958000025 ], [ -111.340133666999975, 43.019863129000044 ], [ -111.244537353999988, 42.992057800000055 ], [ -111.165603638, 42.90148544300007 ], [ -111.186203002999946, 42.88239288300008 ] ] ] } },
{ "type": "Feature", "properties": { }, "geometry": { "type": "Polygon", "coordinates": [ [ [ -110.785087584999985, 42.380661011000029 ], [ -110.826896666999971, 42.395416260000047 ], [ -110.818603515999939, 42.42954635600006 ], [ -110.784233092999955, 42.406440735000047 ], [ -110.785087584999985, 42.380661011000029 ] ] ] } },
{ "type": "Feature", "properties": { }, "geometry": { "type": "Polygon", "coordinates": [ [ [ -110.911056518999942, 42.342288971000073 ], [ -110.937240600999985, 42.35984039300007 ], [ -110.927276610999968, 42.388458252000078 ], [ -110.889228820999961, 42.366828918000067 ], [ -110.911056518999942, 42.342288971000073 ] ] ] } },
{ "type": "Feature", "properties": { }, "geometry": { "type": "Polygon", "coordinates": [ [ [ -107.293136596999943, 42.206398010000044 ], [ -107.415817260999972, 42.232460022000055 ], [ -107.503356933999953, 42.254039764000026 ], [ -107.418212890999939, 42.285381317000031 ], [ -107.293136596999943, 42.206398010000044 ] ] ] } },
{ "type": "Feature", "properties": { }, "geometry": { "type": "Polygon", "coordinates": [ [ [ -106.881927489999953, 42.075847626000041 ], [ -106.744186400999979, 42.048931122000056 ], [ -106.995536803999983, 41.997215271000073 ], [ -106.875419616999977, 41.80649948100006 ], [ -106.524261474999946, 41.71786880500008 ], [ -106.443023681999989, 41.729476929000043 ], [ -106.402252196999939, 41.804897308000079 ], [ -106.358726500999978, 41.81673431400003 ], [ -106.36826324499998, 41.751964569000052 ], [ -106.292396544999974, 41.725990295000031 ], [ -106.233963013, 41.826496124000073 ], [ -106.289993285999969, 41.907089233000079 ], [ -106.273612975999981, 41.928226471000073 ], [ -106.160919188999969, 41.782817841000053 ], [ -106.084999083999946, 41.771377563000044 ], [ -106.223060607999969, 41.580715179000038 ], [ -106.346076964999952, 41.708580017000031 ], [ -106.653953551999962, 41.683864594000056 ], [ -107.064529418999939, 41.861278534000064 ], [ -107.094947814999955, 41.979713440000069 ], [ -106.994163513, 42.074588776000041 ], [ -107.092369079999969, 42.09328079200003 ], [ -107.020263671999942, 42.11374664300007 ], [ -106.990852355999948, 42.155532837000067 ], [ -106.881927489999953, 42.075847626000041 ] ], [ [ -106.166282653999986, 41.751544952000074 ], [ -106.210098266999978, 41.750473022000051 ], [ -106.163421630999949, 41.722946167000032 ], [ -106.166282653999986, 41.751544952000074 ] ] ] } },
{ "type": "Feature", "properties": { }, "geometry": { "type": "Polygon", "coordinates": [ [ [ -106.616287230999944, 42.087322235000045 ], [ -106.408509125999956, 42.022461700000065 ], [ -106.583686828999987, 42.072544098000037 ], [ -106.736343383999952, 42.019050598000035 ], [ -106.748107909999987, 41.948913574000073 ], [ -106.541900635, 41.82771301300005 ], [ -106.374168395999959, 41.960929871000076 ], [ -106.405014039999969, 42.017868612000029 ], [ -106.340393066, 41.999244690000069 ], [ -106.281181334999985, 41.941936493000071 ], [ -106.289993285999969, 41.907089233000079 ], [ -106.233963013, 41.826496124000073 ], [ -106.268997191999972, 41.799343109000063 ], [ -106.262382506999984, 41.741619110000045 ], [ -106.30843353299997, 41.724605560000043 ], [ -106.36826324499998, 41.751964569000052 ], [ -106.358726500999978, 41.81673431400003 ], [ -106.402252196999939, 41.804897308000079 ], [ -106.443023681999989, 41.729476929000043 ], [ -106.524261474999946, 41.71786880500008 ], [ -106.84728241, 41.796222687000068 ], [ -106.917556763, 41.838558197000054 ], [ -106.995689391999974, 41.991558075000057 ], [ -106.976463317999958, 42.020290375000059 ], [ -106.616287230999944, 42.087322235000045 ] ] ] } },
{ "type": "Feature", "properties": { }, "geometry": { "type": "Polygon", "coordinates": [ [ [ -106.541900635, 41.82771301300005 ], [ -106.748107909999987, 41.948913574000073 ], [ -106.736343383999952, 42.019050598000035 ], [ -106.583686828999987, 42.072544098000037 ], [ -106.408509125999956, 42.022461700000065 ], [ -106.374168395999959, 41.960929871000076 ], [ -106.541900635, 41.82771301300005 ] ] ] } },
{ "type": "Feature", "properties": { }, "geometry": { "type": "Polygon", "coordinates": [ [ [ -106.033203124999943, 41.476451874000077 ], [ -105.997146605999944, 41.502933502000076 ], [ -106.057876586999953, 41.621105194000052 ], [ -106.014572143999942, 41.658176422000054 ], [ -105.700256347999982, 41.720542908000027 ], [ -105.704162597999982, 41.630203247000054 ], [ -105.646400451999966, 41.621051788000045 ], [ -105.659896850999985, 41.534233093000068 ], [ -105.860679625999978, 41.429649353000059 ], [ -105.920257567999954, 41.313678741000047 ], [ -105.904266356999983, 41.262939453000058 ], [ -105.971733092999955, 41.184741974000076 ], [ -105.994438170999956, 41.198265076000041 ], [ -105.99098205599995, 41.312801361000027 ], [ -106.052642821999939, 41.442169189000026 ], [ -106.125709533999952, 41.537147522000055 ], [ -106.223060607999969, 41.580715179000038 ], [ -106.084999083999946, 41.771377563000044 ], [ -106.044219970999961, 41.74859237700008 ], [ -106.097793578999983, 41.659141541000054 ], [ -106.10250091599994, 41.582260132000044 ], [ -106.033203124999943, 41.476451874000077 ] ] ] } },
{ "type": "Feature", "properties": { }, "geometry": { "type": "Polygon", "coordinates": [ [ [ -110.739997863999974, 41.641784668000071 ], [ -110.759613036999951, 41.247257233000028 ], [ -110.807563781999988, 41.21649551400003 ], [ -110.865318297999977, 41.07391738900003 ], [ -110.958198546999938, 40.968948364000028 ], [ -111.072479247999979, 40.906139374000077 ], [ -111.082740783999952, 40.971443176000037 ], [ -110.839332580999951, 41.278244019000056 ], [ -110.893211364999956, 41.453548431000058 ], [ -110.843261718999941, 41.505458832000045 ], [ -110.844177245999958, 41.617481232000046 ], [ -110.771217345999958, 41.68551635700004 ], [ -110.739997863999974, 41.641784668000071 ] ] ] } },
{ "type": "Feature", "properties": { }, "geometry": { "type": "Polygon", "coordinates": [ [ [ -108.889991759999987, 41.854358673000036 ], [ -108.760490416999971, 41.667846680000025 ], [ -108.728813170999956, 41.664543152000078 ], [ -108.691223144999981, 41.567089081000063 ], [ -108.873382567999954, 41.263305664000029 ], [ -108.831520080999951, 41.209831238000049 ], [ -108.87222289999994, 41.171344757000043 ], [ -109.023200988999974, 41.144020081000065 ], [ -109.130882263, 41.24835205100004 ], [ -109.026313781999988, 41.215522766000049 ], [ -108.933547973999964, 41.254459381000061 ], [ -108.946853638, 41.306022644000052 ], [ -108.877326964999952, 41.336444855000025 ], [ -108.85337829599996, 41.508171082000047 ], [ -108.799453734999986, 41.580921173000036 ], [ -108.821670531999985, 41.655994415000066 ], [ -108.984649657999967, 41.775024414000029 ], [ -109.06909942599998, 41.792633057000046 ], [ -109.112373351999963, 41.754436493000071 ], [ -109.115859984999986, 41.567138672000056 ], [ -109.159507750999978, 41.516456604000041 ], [ -109.102386474999946, 41.405868530000077 ], [ -109.149429320999957, 41.386119843000074 ], [ -109.184638976999963, 41.498210907000043 ], [ -109.245796203999987, 41.479125977000081 ], [ -109.24188232399996, 41.526737213000047 ], [ -109.158882141, 41.587703705000081 ], [ -109.146850585999971, 41.671089172000052 ], [ -109.196708678999983, 41.684936523000033 ], [ -109.192016601999967, 41.76554107700008 ], [ -109.101661681999985, 41.956439972000055 ], [ -109.031616210999971, 41.965484619000051 ], [ -108.889991759999987, 41.854358673000036 ] ], [ [ -109.128273009999987, 41.796169281000061 ], [ -109.094528197999978, 41.824691772000051 ], [ -109.09435272199994, 41.850708008000026 ], [ -109.144653319999975, 41.81819534300007 ], [ -109.128273009999987, 41.796169281000061 ] ] ] } },
{ "type": "Feature", "properties": { }, "geometry": { "type": "Polygon", "coordinates": [ [ [ -104.807662963999974, 40.922000885000045 ], [ -104.436920166, 40.801410675000056 ], [ -104.354660033999949, 40.826335907000043 ], [ -104.223701476999963, 40.78254318200004 ], [ -104.136596679999968, 40.698352814000032 ], [ -104.143859862999989, 40.656593323000038 ], [ -103.843536376999964, 40.564682007000044 ], [ -103.774246215999938, 40.433853149000072 ], [ -103.917198180999947, 40.498653412000067 ], [ -103.946807860999968, 40.484031677000075 ], [ -103.890953063999973, 40.40921783400006 ], [ -103.911552428999983, 40.39645385700004 ], [ -103.992683410999973, 40.425231934000067 ], [ -104.066787719999979, 40.500205994000055 ], [ -104.212226867999959, 40.510101318000068 ], [ -104.296356200999981, 40.467235565000067 ], [ -104.32601165799997, 40.357517242000029 ], [ -104.353683471999943, 40.352962494000053 ], [ -104.584877013999971, 40.439720154000042 ], [ -104.593879699999945, 40.468742371000076 ], [ -104.778129577999948, 40.497840881000059 ], [ -104.920921325999984, 40.705505371000072 ], [ -104.961860656999988, 40.842746735000048 ], [ -104.961181640999939, 40.912517548000039 ], [ -104.807662963999974, 40.922000885000045 ] ] ] } },
{ "type": "Feature", "properties": { }, "geometry": { "type": "Polygon", "coordinates": [ [ [ -111.372512816999972, 40.818309784000064 ], [ -111.417068480999944, 40.862323761000027 ], [ -111.416297913, 40.941669464000029 ], [ -111.290367125999978, 41.073833466000053 ], [ -111.219070435, 41.083137512000064 ], [ -111.169738769999981, 40.996452332000047 ], [ -111.297630309999988, 40.830848694000053 ], [ -111.372512816999972, 40.818309784000064 ] ] ] } },
{ "type": "Feature", "properties": { }, "geometry": { "type": "Polygon", "coordinates": [ [ [ -106.300781249999943, 40.907905579000044 ], [ -106.228591918999939, 40.86374664300007 ], [ -105.928192138999975, 40.578659058000028 ], [ -105.925567626999964, 40.519115448000036 ], [ -105.98423767099996, 40.412063599000078 ], [ -105.932067870999958, 40.292480469000054 ], [ -105.97306823699995, 40.184062958000027 ], [ -105.946273803999986, 40.124034882000046 ], [ -105.851852416999975, 40.064510345000031 ], [ -105.856689452999944, 40.00348663300008 ], [ -105.917549132999966, 40.066917419000049 ], [ -106.012496947999978, 40.028987885000049 ], [ -106.108428954999965, 40.071994781000058 ], [ -106.158096312999987, 40.133640289000027 ], [ -106.392738341999973, 40.263862610000047 ], [ -106.542266845999961, 40.432697296000072 ], [ -106.560668944999975, 40.566314697000053 ], [ -106.539680480999948, 40.641803741000047 ], [ -106.475013732999969, 40.713996887000064 ], [ -106.408660888999975, 40.703994751000039 ], [ -106.433578491, 40.910537720000036 ], [ -106.300781249999943, 40.907905579000044 ] ], [ [ -106.163429259999987, 40.747379303000059 ], [ -106.154029845999958, 40.771240234000061 ], [ -106.197250366, 40.793262482000046 ], [ -106.202056885, 40.772739410000042 ], [ -106.163429259999987, 40.747379303000059 ] ], [ [ -106.137336730999948, 40.71745300300006 ], [ -106.093246459999989, 40.685894012000063 ], [ -106.13941192599998, 40.730865479000045 ], [ -106.137336730999948, 40.71745300300006 ] ] ] } },
{ "type": "Feature", "properties": { }, "geometry": { "type": "Polygon", "coordinates": [ [ [ -104.750923156999988, 40.437641144000054 ], [ -104.687370299999941, 40.386829376000037 ], [ -104.852752685999974, 40.373424530000079 ], [ -104.750923156999988, 40.437641144000054 ] ] ] } },
{ "type": "Feature", "properties": { }, "geometry": { "type": "Polygon", "coordinates": [ [ [ -104.486968993999938, 40.308338165000066 ], [ -104.194221496999944, 40.237403870000037 ], [ -104.052268981999987, 40.144504547000054 ], [ -104.074012755999945, 40.099342346000071 ], [ -104.028961181999989, 40.06715011600005 ], [ -104.055801391999978, 39.975708008000026 ], [ -104.023643493999941, 39.84413528400006 ], [ -103.843170166, 39.453338623000036 ], [ -103.861503600999981, 39.368423462000067 ], [ -103.796508788999972, 39.341339111000025 ], [ -103.870300292999957, 39.228748322000058 ], [ -103.928298949999942, 39.003120422000052 ], [ -104.065277099999946, 38.892742157000043 ], [ -104.143302916999971, 38.757347107000044 ], [ -104.211196898999958, 38.703754425000056 ], [ -104.484176635999972, 38.704246521000073 ], [ -104.561988830999951, 38.738891602000081 ], [ -104.588249207, 38.814315796000074 ], [ -104.812591552999947, 38.886837006000064 ], [ -104.864036559999988, 38.939254761000029 ], [ -104.940666198999963, 39.214973450000059 ], [ -104.93889477, 39.264026919000059 ], [ -104.762260436999952, 38.936607361000029 ], [ -104.599426269999981, 38.856006622000052 ], [ -104.500457763999975, 38.842662811000025 ], [ -104.374076842999955, 38.920631409000066 ], [ -104.280296325999984, 38.912910461000024 ], [ -104.297576903999982, 38.991691589000027 ], [ -104.084548949999942, 39.108779907000041 ], [ -104.245429992999959, 39.092048645000034 ], [ -104.101081847999978, 39.22862243700007 ], [ -104.114036559999988, 39.386756897000055 ], [ -104.159629821999943, 39.409839630000079 ], [ -104.18876647899998, 39.536891937000064 ], [ -104.351890563999973, 39.650600433000079 ], [ -104.447921752999946, 39.664043427000024 ], [ -104.459342957, 39.786537170000031 ], [ -104.493156432999967, 39.814182281000058 ], [ -104.650863646999937, 39.824375153000062 ], [ -104.708076476999963, 39.692302704000042 ], [ -104.920387267999956, 39.779651642000033 ], [ -105.053550719999976, 39.636337280000077 ], [ -105.134910582999964, 39.63858795200008 ], [ -105.092359485999964, 39.559423701000071 ], [ -105.150222777999943, 39.610977173000038 ], [ -105.233337401999961, 39.790729523000039 ], [ -105.181846618999941, 39.999431610000045 ], [ -105.141792296999938, 40.008972168000071 ], [ -105.167060851999963, 39.957321167000032 ], [ -105.140403747999983, 39.961837769000056 ], [ -105.046806334999985, 40.084526062000066 ], [ -104.659767150999983, 40.304447174000074 ], [ -104.641189574999942, 40.268608093000068 ], [ -104.561256408999952, 40.378562927000075 ], [ -104.486968993999938, 40.308338165000066 ] ] ] } },
{ "type": "Feature", "properties": { }, "geometry": { "type": "Polygon", "coordinates": [ [ [ -104.62078857399996, 39.83002471900005 ], [ -104.474403380999945, 39.806629181000062 ], [ -104.447921752999946, 39.664043427000024 ], [ -104.351890563999973, 39.650600433000079 ], [ -104.201988219999976, 39.550895691000051 ], [ -104.159629821999943, 39.409839630000079 ], [ -104.114036559999988, 39.386756897000055 ], [ -104.101081847999978, 39.22862243700007 ], [ -104.245429992999959, 39.092048645000034 ], [ -104.084548949999942, 39.108779907000041 ], [ -104.297576903999982, 38.991691589000027 ], [ -104.267387389999953, 38.919940948000033 ], [ -104.374076842999955, 38.920631409000066 ], [ -104.500457763999975, 38.842662811000025 ], [ -104.599426269999981, 38.856006622000052 ], [ -104.762260436999952, 38.936607361000029 ], [ -105.134910582999964, 39.63858795200008 ], [ -105.053550719999976, 39.636337280000077 ], [ -104.920387267999956, 39.779651642000033 ], [ -104.69644164999994, 39.693618774000072 ], [ -104.672531127999946, 39.799694061000025 ], [ -104.62078857399996, 39.83002471900005 ] ] ] } },
{ "type": "Feature", "properties": { }, "geometry": { "type": "Polygon", "coordinates": [ [ [ -105.003336892, 39.380986484000061 ], [ -104.965699364999978, 39.310413981000067 ], [ -105.002243041999975, 39.342853546000072 ], [ -105.003336892, 39.380986484000061 ] ] ] } },
{ "type": "Feature", "properties": { }, "geometry": { "type": "Polygon", "coordinates": [ [ [ -105.016433715999938, 39.429660797000054 ], [ -105.025451659999987, 39.427352905000077 ], [ -105.026368710999975, 39.445683925000026 ], [ -105.016433715999938, 39.429660797000054 ] ] ] } },
{ "type": "Feature", "properties": { }, "geometry": { "type": "Polygon", "coordinates": [ [ [ -105.041925753999976, 39.467406423000057 ], [ -105.030882977999966, 39.452267268000071 ], [ -105.042068480999944, 39.457572937000066 ], [ -105.041925753999976, 39.467406423000057 ] ] ] } },
{ "type": "Feature", "properties": { }, "geometry": { "type": "Polygon", "coordinates": [ [ [ -105.771110535, 39.207187653000062 ], [ -105.727600097999982, 39.080505371000072 ], [ -105.746688842999959, 39.070018768000068 ], [ -105.798469542999953, 39.100688934000061 ], [ -105.857711791999975, 39.292465210000046 ], [ -105.823677063, 39.375720978000061 ], [ -105.775863646999937, 39.34991455100004 ], [ -105.771110535, 39.207187653000062 ] ] ] } },
{ "type": "Feature", "properties": { }, "geometry": { "type": "Polygon", "coordinates": [ [ [ -108.410179138, 39.021553040000072 ], [ -108.279907226999967, 38.932331085000044 ], [ -108.231941222999978, 38.84545135500008 ], [ -108.141159057999971, 38.770503998000038 ], [ -108.206466674999945, 38.771663666000052 ], [ -108.362289428999986, 38.873603821000074 ], [ -108.341461181999989, 38.920158386000026 ], [ -108.466316222999978, 39.008361816000047 ], [ -108.410179138, 39.021553040000072 ] ] ] } },
{ "type": "Feature", "properties": { }, "geometry": { "type": "Polygon", "coordinates": [ [ [ -108.646476745999962, 38.35276794400005 ], [ -108.545089721999943, 38.360652924000078 ], [ -108.51603698699995, 38.231357574000072 ], [ -108.595268249999947, 38.223957062000068 ], [ -108.646476745999962, 38.35276794400005 ] ] ] } },
{ "type": "Feature", "properties": { }, "geometry": { "type": "Polygon", "coordinates": [ [ [ -108.339973449999945, 38.281627655000079 ], [ -108.196037291999971, 38.271915436000029 ], [ -108.276580810999974, 38.239273071000071 ], [ -108.339973449999945, 38.281627655000079 ] ] ] } },
{ "type": "Feature", "properties": { }, "geometry": { "type": "Polygon", "coordinates": [ [ [ -108.25286102299998, 38.190185547000056 ], [ -108.175872802999947, 38.029788971000073 ], [ -108.126213073999963, 38.085639954000044 ], [ -108.026908874999947, 38.022521973000039 ], [ -107.985748291, 37.954296112000065 ], [ -107.95744323699995, 37.96860885600006 ], [ -107.949256896999941, 37.924636841000051 ], [ -107.882896422999977, 37.902030945000035 ], [ -107.849739074999945, 37.763359070000035 ], [ -107.896713256999988, 37.752895355000078 ], [ -107.943908691, 37.793678284000066 ], [ -108.028221129999963, 37.747383118000073 ], [ -108.044288634999987, 37.802085876000035 ], [ -108.159622191999972, 37.734981537000067 ], [ -108.180641173999959, 37.769596100000058 ], [ -108.147323607999965, 37.826019287000065 ], [ -108.178947448999963, 37.869487762000063 ], [ -108.266876220999961, 37.675071716000048 ], [ -108.465080260999969, 37.498588562000066 ], [ -108.503189086999953, 37.564079285000048 ], [ -108.43433380099998, 37.631057739000028 ], [ -108.529983520999963, 37.614582062000068 ], [ -108.669647216999977, 37.696884155000077 ], [ -108.668869018999942, 37.770263672000056 ], [ -108.721771239999953, 37.874088287000063 ], [ -108.703109741, 37.961753845000032 ], [ -108.786293029999968, 38.031757355000025 ], [ -108.755630492999956, 38.061100006000061 ], [ -108.604896544999974, 37.996002197000053 ], [ -108.671600341999977, 38.063892365000072 ], [ -108.67652130099998, 38.17575073200004 ], [ -108.717453002999946, 38.19080352800006 ], [ -108.671920775999979, 38.202594757000043 ], [ -108.619377135999969, 38.171459198000036 ], [ -108.564826964999952, 38.084056854000039 ], [ -108.556343078999987, 38.172634125000059 ], [ -108.361213683999949, 38.23390579200003 ], [ -108.25286102299998, 38.190185547000056 ] ], [ [ -107.945770263999975, 37.858341217000032 ], [ -108.011978148999958, 37.861778259000062 ], [ -107.980682372999979, 37.844738007000046 ], [ -107.945770263999975, 37.858341217000032 ] ], [ [ -108.088043213, 37.875045776000036 ], [ -108.118476867999959, 37.871410370000035 ], [ -108.123840331999986, 37.843421936000027 ], [ -108.086486816, 37.830772400000058 ], [ -108.088043213, 37.875045776000036 ] ] ] } },
{ "type": "Feature", "properties": { }, "geometry": { "type": "Polygon", "coordinates": [ [ [ -108.119262694999975, 38.22463607800006 ], [ -107.962882995999962, 38.149147034000066 ], [ -107.877403258999948, 38.127819061000025 ], [ -108.040237426999965, 38.072345734000066 ], [ -108.191406249999943, 38.198394775000054 ], [ -108.119262694999975, 38.22463607800006 ] ] ] } },
{ "type": "Feature", "properties": { }, "geometry": { "type": "Polygon", "coordinates": [ [ [ -107.860862731999987, 37.951072693000071 ], [ -107.979492186999948, 38.012210846000073 ], [ -107.911651610999968, 38.082698822000054 ], [ -107.879707335999967, 38.07919693000008 ], [ -107.914459228999988, 38.013759613000047 ], [ -107.846527099999946, 37.972084045000031 ], [ -107.860862731999987, 37.951072693000071 ] ] ] } },
{ "type": "Feature", "properties": { }, "geometry": { "type": "Polygon", "coordinates": [ [ [ -109.32108306899994, 37.771354675000055 ], [ -109.39541626, 37.799938202000078 ], [ -109.368309020999959, 37.889572144000056 ], [ -109.286247252999942, 37.846935272000053 ], [ -109.32108306899994, 37.771354675000055 ] ] ] } },
{ "type": "Feature", "properties": { }, "geometry": { "type": "Polygon", "coordinates": [ [ [ -109.250503539999954, 37.430423737000069 ], [ -109.355133056999989, 37.291202545000033 ], [ -109.418121338, 37.326251984000066 ], [ -109.380813598999964, 37.678627014000028 ], [ -109.418296813999973, 37.790782928000056 ], [ -109.295677184999988, 37.723731995000037 ], [ -109.264320373999965, 37.63872146600005 ], [ -109.250503539999954, 37.430423737000069 ] ] ] } },
{ "type": "Feature", "properties": { }, "geometry": { "type": "Polygon", "coordinates": [ [ [ -109.476509094, 37.447406769000054 ], [ -109.590873717999955, 37.675876617000029 ], [ -109.478309630999945, 37.780345917000034 ], [ -109.413093566999976, 37.642757416000052 ], [ -109.476509094, 37.447406769000054 ] ] ] } },
{ "type": "Feature", "properties": { }, "geometry": { "type": "Polygon", "coordinates": [ [ [ -108.293159485, 37.612941742000032 ], [ -108.208427428999983, 37.710170746000074 ], [ -108.18612670899995, 37.701004028000057 ], [ -108.247337341, 37.634716034000064 ], [ -108.293159485, 37.612941742000032 ] ] ] } },
{ "type": "Feature", "properties": { }, "geometry": { "type": "Polygon", "coordinates": [ [ [ -108.10459136999998, 37.660419464000029 ], [ -108.211120604999962, 37.594970703000058 ], [ -108.234748839999952, 37.603473663000045 ], [ -108.10459136999998, 37.660419464000029 ] ] ] } },
{ "type": "Feature", "properties": { }, "geometry": { "type": "Polygon", "coordinates": [ [ [ -104.644996642999956, 37.411300659000062 ], [ -104.550682067999958, 37.302139282000041 ], [ -104.462463378999985, 37.259380341000053 ], [ -104.516487121999944, 37.144954681000058 ], [ -104.411788939999951, 37.145721436000031 ], [ -104.189903258999948, 37.031837463000045 ], [ -104.175422667999953, 36.998706818000073 ], [ -104.22428131099997, 36.942649841000048 ], [ -104.166038513, 36.926174164000031 ], [ -104.277122497999983, 36.892295837000063 ], [ -104.290786742999956, 36.913700104000043 ], [ -104.251876830999947, 36.946109772000057 ], [ -104.27599334699994, 36.983417511000027 ], [ -104.371582030999946, 36.915737152000077 ], [ -104.460853576999966, 36.925632477000079 ], [ -104.451423644999977, 36.893390656000065 ], [ -104.511383056999989, 36.88594818100006 ], [ -104.443038939999951, 36.85018539400005 ], [ -104.442886352999949, 36.821758270000032 ], [ -104.486213683999949, 36.82396698000008 ], [ -104.49571991, 36.784786224000072 ], [ -104.59059143099995, 36.78432846100003 ], [ -104.606742858999951, 36.707744598000033 ], [ -104.677093505999949, 36.657043457000043 ], [ -104.741523742999959, 36.694274902000075 ], [ -104.752983092999955, 36.604927063000048 ], [ -104.806663513, 36.622894287000065 ], [ -104.932922362999989, 36.565116882000041 ], [ -105.014717101999963, 36.584575653000059 ], [ -105.014930724999942, 36.549686432000044 ], [ -104.96418762199994, 36.523235321000072 ], [ -104.989616393999938, 36.490047455000024 ], [ -105.154479979999962, 36.739906311000027 ], [ -105.155822753999985, 36.814880371000072 ], [ -105.018119811999952, 37.027633667000032 ], [ -104.934753417999957, 37.029079437000064 ], [ -105.060539245999962, 37.581989288000045 ], [ -104.927688598999964, 37.63390731800007 ], [ -104.863258361999954, 37.715381622000052 ], [ -104.847976685, 37.667114258000026 ], [ -104.650543213, 37.492618561000029 ], [ -104.644996642999956, 37.411300659000062 ] ], [ [ -104.932853698999963, 37.244129181000062 ], [ -104.800521850999985, 37.341876984000066 ], [ -104.79921722399996, 37.405982971000071 ], [ -104.869293213, 37.395389557000044 ], [ -104.981987, 37.311969757000043 ], [ -104.932853698999963, 37.244129181000062 ] ] ] } },
{ "type": "Feature", "properties": { }, "geometry": { "type": "Polygon", "coordinates": [ [ [ -106.743049621999944, 37.244956970000032 ], [ -106.827636718999941, 37.282642365000072 ], [ -106.823753356999987, 37.36452102700008 ], [ -106.763710021999941, 37.330860138000048 ], [ -106.743049621999944, 37.244956970000032 ] ] ] } },
{ "type": "Feature", "properties": { }, "geometry": { "type": "Polygon", "coordinates": [ [ [ -107.289146422999977, 37.107490540000072 ], [ -106.997688292999953, 36.953079224000078 ], [ -106.930610656999988, 36.826461792000032 ], [ -106.737586974999942, 36.841888428000061 ], [ -106.690063476999967, 36.791168213000049 ], [ -106.770812987999989, 36.792060852000077 ], [ -106.737083434999988, 36.662826538000047 ], [ -106.766937255999949, 36.551235199000075 ], [ -106.744926452999948, 36.510288239000033 ], [ -106.867057799999941, 36.162746429000038 ], [ -106.904983520999963, 35.91532516500007 ], [ -106.886436461999949, 35.865169525000056 ], [ -106.937637328999983, 35.850776672000052 ], [ -107.042022704999965, 35.688766479000037 ], [ -107.307373046999942, 35.639823914000033 ], [ -107.304046630999949, 35.567863464000027 ], [ -107.227287291999971, 35.450531006000062 ], [ -107.329353332999972, 35.242633820000037 ], [ -107.393539428999986, 35.216472626000041 ], [ -107.41623687699996, 35.139957428000059 ], [ -107.642707824999945, 35.161052704000042 ], [ -107.687347411999951, 35.119102478000059 ], [ -107.723320006999984, 35.125690460000044 ], [ -107.662750243999938, 35.396690369000055 ], [ -107.783409118999941, 35.49966812100007 ], [ -107.80400085399998, 35.580631256000061 ], [ -107.847808838, 35.57933044400005 ], [ -107.852546691999976, 35.528217316000053 ], [ -107.908912658999952, 35.519260406000058 ], [ -108.001777648999962, 35.568088531000058 ], [ -108.109619140999939, 35.562759399000072 ], [ -108.190109252999946, 35.630950928000061 ], [ -108.409629821999943, 35.655693054000039 ], [ -108.749656676999962, 35.576049805000025 ], [ -108.770248413, 35.525913239000033 ], [ -108.739646911999955, 35.497192383000026 ], [ -108.629623413, 35.501583099000072 ], [ -108.473129271999937, 35.082996368000067 ], [ -108.323356627999942, 34.992401123000036 ], [ -108.262268066, 34.752304077000076 ], [ -108.338401794, 34.545032501000037 ], [ -108.443847655999946, 34.456382751000035 ], [ -108.606018066, 34.43903350800008 ], [ -108.639122008999948, 34.46363449100005 ], [ -108.637031554999965, 34.531620026000041 ], [ -108.786102294999978, 34.520126343000072 ], [ -108.858741759999987, 34.590774536000026 ], [ -108.849937438999973, 34.620861053000056 ], [ -108.707336425999983, 34.607055664000029 ], [ -108.523696898999958, 34.680946350000056 ], [ -108.527999877999946, 34.778930664000029 ], [ -108.584030150999979, 34.823295593000068 ], [ -108.543701171999942, 34.900913239000033 ], [ -108.666229247999979, 35.071273804000043 ], [ -108.667358397999976, 35.108474731000058 ], [ -108.618392944, 35.122920990000068 ], [ -108.672607421999942, 35.15044021600005 ], [ -108.664367675999983, 35.180435181000064 ], [ -108.798187255999949, 35.23910522500006 ], [ -108.926116942999954, 35.393001556000058 ], [ -108.931098938, 35.469993591000048 ], [ -109.070083617999956, 35.47037124600007 ], [ -109.022666930999947, 35.693836212000065 ], [ -108.951423644999977, 35.741760254000042 ], [ -108.891998291, 35.925937653000062 ], [ -108.921066283999949, 36.017974854000045 ], [ -108.909019469999976, 36.112056732000042 ], [ -108.81379699699994, 36.171855927000024 ], [ -108.784263610999972, 36.286991119000049 ], [ -108.694931029999964, 36.379894257000046 ], [ -108.644348144999981, 36.471321106000062 ], [ -108.615753173999963, 36.630859375000057 ], [ -108.439743041999975, 36.71913528400006 ], [ -108.406890868999938, 36.863658905000079 ], [ -108.211662291999971, 36.957733154000039 ], [ -108.043917262999969, 37.084173836000048 ], [ -108.287528991999977, 36.826377869000055 ], [ -108.274772643999938, 36.78529357900004 ], [ -108.219718932999967, 36.844841003000056 ], [ -108.148811339999952, 36.705604553000057 ], [ -108.196479796999938, 36.674507141000049 ], [ -108.297859191999976, 36.67990493800005 ], [ -108.265876769999977, 36.606250763000048 ], [ -108.314529418999939, 36.497097015000065 ], [ -108.279701232999969, 36.400905609000063 ], [ -108.177871703999983, 36.344028473000037 ], [ -108.091957091999973, 36.350479126000039 ], [ -107.918006896999941, 36.204685211000026 ], [ -107.822937011999954, 36.195892334000064 ], [ -107.684356688999969, 36.073581696000076 ], [ -107.63160705599995, 36.066291809000063 ], [ -107.598800658999949, 36.011276245000033 ], [ -107.42317199699994, 35.962203979000037 ], [ -107.386718749999943, 35.921649933000026 ], [ -107.310142516999974, 35.954597473000035 ], [ -107.219177245999958, 35.902263641000047 ], [ -107.113487243999941, 35.931007385000044 ], [ -107.056266785, 35.900909424000076 ], [ -106.950538634999987, 36.051162720000036 ], [ -106.947799682999971, 36.24295425400004 ], [ -106.885009765999939, 36.439014435000047 ], [ -107.013687133999952, 36.790214539000033 ], [ -107.312301635999972, 37.100471497000058 ], [ -107.426887511999951, 37.075614929000039 ], [ -107.432856717, 37.156366988000059 ], [ -107.289146422999977, 37.107490540000072 ] ], [ [ -108.854583739999953, 35.494548798000039 ], [ -108.834930419999978, 35.527156830000024 ], [ -108.863723754999967, 35.546958923000034 ], [ -108.876083373999961, 35.521713257000044 ], [ -108.854583739999953, 35.494548798000039 ] ], [ [ -107.591789245999962, 35.173973083000078 ], [ -107.473281859999986, 35.207275391000053 ], [ -107.464561461999949, 35.311126709000064 ], [ -107.539978026999961, 35.322513580000077 ], [ -107.62770080599995, 35.285636902000078 ], [ -107.591789245999962, 35.173973083000078 ] ] ] } },
{ "type": "Feature", "properties": { }, "geometry": { "type": "Polygon", "coordinates": [ [ [ -107.432856717, 37.156366988000059 ], [ -107.426887511999951, 37.075614929000039 ], [ -107.312301635999972, 37.100471497000058 ], [ -107.103248595999958, 36.890254974000072 ], [ -106.980003356999987, 36.742591858000026 ], [ -106.923812866, 36.591178894000052 ], [ -106.884696959999985, 36.42520141600005 ], [ -106.947799682999971, 36.24295425400004 ], [ -106.950538634999987, 36.051162720000036 ], [ -107.056266785, 35.900909424000076 ], [ -107.113487243999941, 35.931007385000044 ], [ -107.219177245999958, 35.902263641000047 ], [ -107.310142516999974, 35.954597473000035 ], [ -107.386718749999943, 35.921649933000026 ], [ -107.42317199699994, 35.962203979000037 ], [ -107.598800658999949, 36.011276245000033 ], [ -107.63160705599995, 36.066291809000063 ], [ -107.684356688999969, 36.073581696000076 ], [ -107.822937011999954, 36.195892334000064 ], [ -107.918006896999941, 36.204685211000026 ], [ -108.091957091999973, 36.350479126000039 ], [ -108.177871703999983, 36.344028473000037 ], [ -108.264106749999939, 36.388477325000053 ], [ -108.303939819, 36.456764221000071 ], [ -108.314529418999939, 36.497097015000065 ], [ -108.265876769999977, 36.606250763000048 ], [ -108.297859191999976, 36.67990493800005 ], [ -108.196479796999938, 36.674507141000049 ], [ -108.148811339999952, 36.705604553000057 ], [ -108.219718932999967, 36.844841003000056 ], [ -108.274772643999938, 36.78529357900004 ], [ -108.287528991999977, 36.826377869000055 ], [ -108.043917262999969, 37.084173836000048 ], [ -107.789382935, 37.158233643000074 ], [ -107.432856717, 37.156366988000059 ] ], [ [ -107.398513793999939, 36.015289307000046 ], [ -107.378540038999972, 36.008678436000025 ], [ -107.405258178999986, 36.026115417000028 ], [ -107.398513793999939, 36.015289307000046 ] ] ] } },
{ "type": "Feature", "properties": { }, "geometry": { "type": "Polygon", "coordinates": [ [ [ -107.560870472999966, 37.171873349000066 ], [ -107.608222960999967, 37.15140533400006 ], [ -107.627951233999966, 37.169705258000079 ], [ -107.560870472999966, 37.171873349000066 ] ] ] } },
{ "type": "Feature", "properties": { }, "geometry": { "type": "Polygon", "coordinates": [ [ [ -107.872820274, 37.138779714000066 ], [ -107.882537841999977, 37.124198914000033 ], [ -107.897972535999941, 37.133375699000055 ], [ -107.872820274, 37.138779714000066 ] ] ] } },
{ "type": "Feature", "properties": { }, "geometry": { "type": "Polygon", "coordinates": [ [ [ -106.255233764999957, 35.302639008000028 ], [ -106.287536620999958, 35.353118896000069 ], [ -106.282089232999965, 35.452606201000037 ], [ -106.252830504999963, 35.472259521000069 ], [ -106.218116759999987, 35.342861176000042 ], [ -106.255233764999957, 35.302639008000028 ] ] ] } },
{ "type": "Feature", "properties": { }, "geometry": { "type": "Polygon", "coordinates": [ [ [ -107.618110656999988, 34.883338928000057 ], [ -107.585311889999957, 34.796360016000051 ], [ -107.497428893999938, 34.801097870000035 ], [ -107.502906798999959, 34.530319214000031 ], [ -107.405952453999987, 34.526020050000056 ], [ -107.317947388, 34.421688080000024 ], [ -107.18042755099998, 34.388229370000033 ], [ -107.155586242999959, 34.344089508000025 ], [ -107.192741393999938, 34.292587280000077 ], [ -107.323257445999957, 34.366573334000066 ], [ -107.425842284999987, 34.263267517000031 ], [ -107.410240172999977, 34.371028900000056 ], [ -107.604507445999957, 34.462520599000072 ], [ -107.653617858999951, 34.458057404000044 ], [ -107.788352966, 34.351657867000029 ], [ -107.863426207999964, 34.398399353000059 ], [ -107.927391051999962, 34.383735657000045 ], [ -108.069992064999951, 34.463428497000052 ], [ -107.963859557999967, 34.707641602000024 ], [ -107.618110656999988, 34.883338928000057 ] ], [ [ -107.67990875199996, 34.48239135700004 ], [ -107.621948241999974, 34.531917572000054 ], [ -107.624183654999968, 34.650054932000046 ], [ -107.65415954599996, 34.620651245000033 ], [ -107.67990875199996, 34.48239135700004 ] ] ] } },
{ "type": "Feature", "properties": { }, "geometry": { "type": "Polygon", "coordinates": [ [ [ -110.532356261999951, 33.039421082000047 ], [ -110.442230224999946, 33.029590607000046 ], [ -110.405113219999976, 33.014492035000046 ], [ -110.473937987999989, 33.00503158600003 ], [ -110.532356261999951, 33.039421082000047 ] ] ] } },
{ "type": "Feature", "properties": { }, "geometry": { "type": "Polygon", "coordinates": [ [ [ -113.959312438999973, 46.847881317000031 ], [ -114.045593261999954, 46.894207001000041 ], [ -114.071670531999985, 46.989746094000054 ], [ -113.938713073999963, 46.911128998000038 ], [ -113.959312438999973, 46.847881317000031 ] ] ] } },
{ "type": "Feature", "properties": { }, "geometry": { "type": "Polygon", "coordinates": [ [ [ -112.694702147999976, 46.713462830000026 ], [ -112.734947204999969, 46.725975037000069 ], [ -112.735191344999976, 46.746616364000033 ], [ -112.685966491999977, 46.744010925000055 ], [ -112.694702147999976, 46.713462830000026 ] ] ] } },
{ "type": "Feature", "properties": { }, "geometry": { "type": "Polygon", "coordinates": [ [ [ -112.517906188999973, 46.636405945000035 ], [ -112.552032470999961, 46.670867920000035 ], [ -112.512588500999982, 46.70146942100007 ], [ -112.44606018099995, 46.674510956000063 ], [ -112.517906188999973, 46.636405945000035 ] ] ] } },
{ "type": "Feature", "properties": { }, "geometry": { "type": "Polygon", "coordinates": [ [ [ -113.165992736999954, 46.581230164000033 ], [ -113.203109741, 46.607093811000027 ], [ -113.176750182999967, 46.642314911000028 ], [ -113.130279541, 46.610507965000068 ], [ -113.165992736999954, 46.581230164000033 ] ] ] } },
{ "type": "Feature", "properties": { }, "geometry": { "type": "Polygon", "coordinates": [ [ [ -112.513061522999976, 46.503921509000065 ], [ -112.550590514999953, 46.505477905000077 ], [ -112.556190490999938, 46.538509369000053 ], [ -112.512863158999949, 46.54161453200004 ], [ -112.513061522999976, 46.503921509000065 ] ] ] } },
{ "type": "Feature", "properties": { }, "geometry": { "type": "Polygon", "coordinates": [ [ [ -112.825576781999985, 46.425796509000065 ], [ -112.861656188999973, 46.433746338000049 ], [ -112.862709044999974, 46.467048645000034 ], [ -112.798736571999939, 46.465431213000045 ], [ -112.825576781999985, 46.425796509000065 ] ] ] } },
{ "type": "Feature", "properties": { }, "geometry": { "type": "Polygon", "coordinates": [ [ [ -112.896827697999981, 46.101325989000031 ], [ -112.921577453999987, 46.133506775000058 ], [ -112.905761718999941, 46.168819427000074 ], [ -112.854721069, 46.154319763000046 ], [ -112.896827697999981, 46.101325989000031 ] ] ] } },
{ "type": "Feature", "properties": { }, "geometry": { "type": "Polygon", "coordinates": [ [ [ -113.717132567999954, 45.505191803000059 ], [ -113.748420714999952, 45.529281616000048 ], [ -113.707283019999977, 45.570190430000025 ], [ -113.673149108999951, 45.545703888000048 ], [ -113.717132567999954, 45.505191803000059 ] ] ] } },
{ "type": "Feature", "properties": { }, "geometry": { "type": "Polygon", "coordinates": [ [ [ -113.054878235, 44.958927155000026 ], [ -113.093200683999953, 44.99862289400005 ], [ -113.059913634999987, 45.022502899000074 ], [ -113.024818419999974, 45.002597809000065 ], [ -113.054878235, 44.958927155000026 ] ] ] } },
{ "type": "Feature", "properties": { }, "geometry": { "type": "Polygon", "coordinates": [ [ [ -111.15825653099995, 44.841598511000029 ], [ -111.192596435999974, 44.855243683000026 ], [ -111.161621093999941, 44.890335083000025 ], [ -111.103431701999966, 44.873119354000039 ], [ -111.15825653099995, 44.841598511000029 ] ] ] } },
{ "type": "Feature", "properties": { }, "geometry": { "type": "Polygon", "coordinates": [ [ [ -112.935882567999954, 44.76086044300007 ], [ -113.070228576999966, 44.837707520000038 ], [ -113.076370238999971, 44.863338470000031 ], [ -112.951843261999954, 44.874053955000079 ], [ -112.915382384999987, 44.799518585000044 ], [ -112.935882567999954, 44.76086044300007 ] ] ] } },
{ "type": "Feature", "properties": { }, "geometry": { "type": "Polygon", "coordinates": [ [ [ -111.951576232999969, 44.794097900000054 ], [ -111.976837157999967, 44.83615493800005 ], [ -111.915870666999979, 44.856559753000056 ], [ -111.903411864999953, 44.827671051000038 ], [ -111.951576232999969, 44.794097900000054 ] ] ] } },
{ "type": "Feature", "properties": { }, "geometry": { "type": "Polygon", "coordinates": [ [ [ -111.899726867999959, 44.579322815000069 ], [ -111.97342681899994, 44.580081940000071 ], [ -111.904426574999945, 44.610038757000041 ], [ -111.899726867999959, 44.579322815000069 ] ] ] } },
{ "type": "Feature", "properties": { }, "geometry": { "type": "Polygon", "coordinates": [ [ [ -108.959617614999956, 44.042869568000071 ], [ -109.00962829599996, 44.018970490000072 ], [ -109.032066344999976, 44.052524567000034 ], [ -108.959617614999956, 44.042869568000071 ] ] ] } },
{ "type": "Feature", "properties": { }, "geometry": { "type": "Polygon", "coordinates": [ [ [ -116.053970336999953, 43.979652405000081 ], [ -116.100646972999982, 43.883514404000039 ], [ -116.225891112999989, 43.811107635000042 ], [ -116.15341949499998, 43.867362976000038 ], [ -116.110031127999946, 43.978534698000033 ], [ -116.053970336999953, 43.979652405000081 ] ] ] } },
{ "type": "Feature", "properties": { }, "geometry": { "type": "Polygon", "coordinates": [ [ [ -111.270202636999954, 43.682395935000045 ], [ -111.284729003999985, 43.696708679000039 ], [ -111.289573669, 43.737167358000079 ], [ -111.258499145999963, 43.714912415000072 ], [ -111.270202636999954, 43.682395935000045 ] ] ] } },
{ "type": "Feature", "properties": { }, "geometry": { "type": "Polygon", "coordinates": [ [ [ -108.402862548999963, 43.70224380500008 ], [ -108.436408996999944, 43.725028992000034 ], [ -108.366783141999974, 43.709247589000029 ], [ -108.402862548999963, 43.70224380500008 ] ] ] } },
{ "type": "Feature", "properties": { }, "geometry": { "type": "Polygon", "coordinates": [ [ [ -110.970657348999964, 43.432003021000071 ], [ -110.924789428999986, 43.457744598000033 ], [ -110.81575012199994, 43.376831055000025 ], [ -110.700721740999938, 43.35249710100004 ], [ -110.606697082999972, 43.094253540000068 ], [ -110.606056212999988, 42.981750488000046 ], [ -110.570213317999958, 42.922412872000052 ], [ -110.429237365999938, 42.868938446000072 ], [ -110.47678375199996, 42.82823181200007 ], [ -110.433898925999983, 42.806247711000026 ], [ -110.469116210999971, 42.762554169000055 ], [ -110.490783691, 42.441390991000048 ], [ -110.527191161999951, 42.453639984000063 ], [ -110.489616393999938, 42.567745209000066 ], [ -110.50998687699996, 42.767631531000063 ], [ -110.546783446999939, 42.866573334000066 ], [ -110.636550902999943, 42.933303833000025 ], [ -110.635330199999942, 43.095485687000064 ], [ -110.671653747999983, 43.184844971000075 ], [ -110.728897094999979, 43.275848389000032 ], [ -110.819641112999989, 43.302204132000043 ], [ -110.785522460999971, 43.185455322000053 ], [ -110.700607299999945, 43.103614807000042 ], [ -110.744583129999967, 43.055694580000079 ], [ -110.864463805999947, 43.314273834000062 ], [ -111.050956725999981, 43.416828156000065 ], [ -111.067840575999981, 43.454524994000053 ], [ -111.048980713, 43.478282928000056 ], [ -110.970657348999964, 43.432003021000071 ] ] ] } },
{ "type": "Feature", "properties": { }, "geometry": { "type": "Polygon", "coordinates": [ [ [ -111.623497008999948, 43.428722382000046 ], [ -111.655357360999972, 43.446994781000058 ], [ -111.644973754999967, 43.46547699000007 ], [ -111.612129210999967, 43.461135864000028 ], [ -111.623497008999948, 43.428722382000046 ] ] ] } },
{ "type": "Feature", "properties": { }, "geometry": { "type": "Polygon", "coordinates": [ [ [ -111.719749450999984, 43.409782410000048 ], [ -111.743217467999955, 43.425422668000067 ], [ -111.735733031999985, 43.442428589000031 ], [ -111.705177306999985, 43.441314697000053 ], [ -111.719749450999984, 43.409782410000048 ] ] ] } },
{ "type": "Feature", "properties": { }, "geometry": { "type": "Polygon", "coordinates": [ [ [ -110.618186950999984, 43.433170319000055 ], [ -110.63957977299998, 43.421222687000068 ], [ -110.701278686999956, 43.432151794000049 ], [ -110.652786254999967, 43.443923950000055 ], [ -110.618186950999984, 43.433170319000055 ] ] ] } },
{ "type": "Feature", "properties": { }, "geometry": { "type": "Polygon", "coordinates": [ [ [ -110.754722594999976, 42.96674346900005 ], [ -110.792793273999962, 42.977359772000057 ], [ -110.838653563999969, 43.135581970000032 ], [ -110.760528563999969, 43.010135651000041 ], [ -110.754722594999976, 42.96674346900005 ] ] ] } },
{ "type": "Feature", "properties": { }, "geometry": { "type": "Polygon", "coordinates": [ [ [ -110.633277892999956, 42.476451874000077 ], [ -110.667869567999958, 42.49108886700003 ], [ -110.70101165799997, 42.58172988900003 ], [ -110.707679748999965, 42.888221741000052 ], [ -110.681953429999965, 42.861495972000057 ], [ -110.685127257999966, 42.711654663000047 ], [ -110.633277892999956, 42.476451874000077 ] ] ] } },
{ "type": "Feature", "properties": { }, "geometry": { "type": "Polygon", "coordinates": [ [ [ -110.450920104999966, 41.912590027000078 ], [ -110.422508239999956, 41.763237 ], [ -110.46753692599998, 41.711357117000034 ], [ -110.458450316999972, 41.631183624000073 ], [ -110.536132812999938, 41.419773102000079 ], [ -110.608848571999943, 41.327014923000036 ], [ -110.627388, 41.233192444000053 ], [ -110.719093322999981, 41.140991211000028 ], [ -110.757232666, 41.032428741000047 ], [ -110.821952819999979, 41.02508926400003 ], [ -110.783912658999952, 41.110462189000032 ], [ -110.824211120999962, 41.122226715000068 ], [ -110.723991393999938, 41.231666565000069 ], [ -110.742820739999956, 41.30870056200007 ], [ -110.674827575999984, 41.264770508000026 ], [ -110.572196959999985, 41.433132172000057 ], [ -110.527351378999981, 41.660480499000073 ], [ -110.524986266999974, 41.902954102000081 ], [ -110.604927063, 41.789764404000039 ], [ -110.628662108999947, 41.811534882000046 ], [ -110.602622985999972, 41.889041901000041 ], [ -110.518493651999961, 41.982204437000064 ], [ -110.484733582, 42.099411011000029 ], [ -110.548263549999945, 42.249824524000076 ], [ -110.572998046999942, 42.447719574000075 ], [ -110.521461486999954, 42.410110474000078 ], [ -110.49083709699994, 42.213287354000045 ], [ -110.436241149999944, 42.107414246000076 ], [ -110.450920104999966, 41.912590027000078 ] ] ] } },
{ "type": "Feature", "properties": { }, "geometry": { "type": "Polygon", "coordinates": [ [ [ -114.095787047999977, 42.206443787000069 ], [ -113.852493285999969, 42.210659027000077 ], [ -113.902877807999971, 42.014060974000074 ], [ -113.973373413, 41.894813538000051 ], [ -114.175483703999987, 41.80960845900006 ], [ -114.212181091, 41.889053345000036 ], [ -114.132301330999951, 41.854850769000052 ], [ -114.036483764999957, 41.98558044400005 ], [ -114.095787047999977, 42.206443787000069 ] ] ] } },
{ "type": "Feature", "properties": { }, "geometry": { "type": "Polygon", "coordinates": [ [ [ -110.516662597999982, 42.01859283400006 ], [ -110.541328429999965, 42.105525970000031 ], [ -110.518257141, 42.182052612000064 ], [ -110.484733582, 42.099411011000029 ], [ -110.516662597999982, 42.01859283400006 ] ] ] } },
{ "type": "Feature", "properties": { }, "geometry": { "type": "Polygon", "coordinates": [ [ [ -110.928199767999956, 41.774707794000051 ], [ -110.938179016, 41.833751678000056 ], [ -110.804870604999962, 42.070037842000033 ], [ -110.826316832999964, 41.966293335000046 ], [ -110.928199767999956, 41.774707794000051 ] ] ] } },
{ "type": "Feature", "properties": { }, "geometry": { "type": "Polygon", "coordinates": [ [ [ -109.123420714999952, 41.797653198000035 ], [ -109.144653319999975, 41.81819534300007 ], [ -109.09435272199994, 41.850708008000026 ], [ -109.094528197999978, 41.824691772000051 ], [ -109.123420714999952, 41.797653198000035 ] ] ] } },
{ "type": "Feature", "properties": { }, "geometry": { "type": "Polygon", "coordinates": [ [ [ -110.586418151999965, 41.60095977800006 ], [ -110.621940613, 41.614875793000067 ], [ -110.660003661999951, 41.761871338000049 ], [ -110.560028075999981, 41.808856964000029 ], [ -110.586418151999965, 41.60095977800006 ] ] ] } },
{ "type": "Feature", "properties": { }, "geometry": { "type": "Polygon", "coordinates": [ [ [ -110.615058898999962, 41.443862915000068 ], [ -110.669982909999987, 41.455169678000061 ], [ -110.621940613, 41.614875793000067 ], [ -110.587272643999938, 41.596534729000041 ], [ -110.615058898999962, 41.443862915000068 ] ] ] } },
{ "type": "Feature", "properties": { }, "geometry": { "type": "Polygon", "coordinates": [ [ [ -110.70992279099994, 41.279735565000067 ], [ -110.742820739999956, 41.30870056200007 ], [ -110.734420775999979, 41.374515533000078 ], [ -110.669982909999987, 41.455169678000061 ], [ -110.618026732999965, 41.439971924000076 ], [ -110.70992279099994, 41.279735565000067 ] ] ] } },
{ "type": "Feature", "properties": { }, "geometry": { "type": "Polygon", "coordinates": [ [ [ -110.915222167999957, 41.271919250000053 ], [ -110.94676971399997, 41.285800934000065 ], [ -110.939689635999969, 41.316993713000045 ], [ -110.897132873999965, 41.31563568100006 ], [ -110.915222167999957, 41.271919250000053 ] ] ] } },
{ "type": "Feature", "properties": { }, "geometry": { "type": "Polygon", "coordinates": [ [ [ -110.814620971999943, 41.170154572000058 ], [ -110.807853698999963, 41.216075897000053 ], [ -110.772377013999971, 41.231441498000038 ], [ -110.778106688999969, 41.19641494800004 ], [ -110.814620971999943, 41.170154572000058 ] ] ] } },
{ "type": "Feature", "properties": { }, "geometry": { "type": "Polygon", "coordinates": [ [ [ -111.285079955999947, 41.139282227000081 ], [ -111.412353515999939, 41.157234192000033 ], [ -111.411148070999957, 41.207744598000033 ], [ -111.381683349999946, 41.224052429000039 ], [ -111.290176391999978, 41.17973709100005 ], [ -111.285079955999947, 41.139282227000081 ] ] ] } },
{ "type": "Feature", "properties": { }, "geometry": { "type": "Polygon", "coordinates": [ [ [ -109.877868651999961, 40.937328339000032 ], [ -110.113983153999982, 40.89163970900006 ], [ -110.162780761999954, 40.900627136000026 ], [ -110.104331969999976, 40.928047180000078 ], [ -109.877868651999961, 40.937328339000032 ] ] ] } },
{ "type": "Feature", "properties": { }, "geometry": { "type": "Polygon", "coordinates": [ [ [ -106.492202758999952, 40.76548385600006 ], [ -106.52153778099995, 40.781917572000054 ], [ -106.537483214999952, 40.82556915300006 ], [ -106.468231200999981, 40.810680389000026 ], [ -106.492202758999952, 40.76548385600006 ] ] ] } },
{ "type": "Feature", "properties": { }, "geometry": { "type": "Polygon", "coordinates": [ [ [ -107.112823485999968, 41.740707397000051 ], [ -106.796852111999954, 41.708770752000078 ], [ -106.813636779999968, 41.55897903400006 ], [ -107.062423705999947, 41.589519501000041 ], [ -107.102981566999972, 41.628364563000048 ], [ -107.186416625999982, 41.630859375000057 ], [ -107.22147369399994, 41.674507141000049 ], [ -107.433372497999983, 41.517517090000069 ], [ -107.445487975999981, 41.463764191000053 ], [ -107.336257935, 41.218215942000029 ], [ -107.246803283999952, 41.19250869800004 ], [ -107.224571227999945, 41.145332336000081 ], [ -107.259727477999945, 41.078414917000032 ], [ -107.176567077999948, 41.106426239000029 ], [ -107.111473082999964, 41.078083038000045 ], [ -107.136146544999974, 40.998855591000051 ], [ -107.02027893099995, 40.958778381000059 ], [ -106.98209381099997, 40.764835358000028 ], [ -107.040397643999938, 40.730484009000065 ], [ -107.007041930999947, 40.725250244000051 ], [ -107.057373046999942, 40.566860199000075 ], [ -107.086906432999967, 40.608623505000025 ], [ -107.051269530999946, 40.699924469000052 ], [ -107.148002624999947, 40.875064850000058 ], [ -107.376586913999972, 41.043590546000075 ], [ -107.370361327999944, 41.136543274000076 ], [ -107.508018493999941, 41.191551208000078 ], [ -107.574600219999979, 41.270805359000065 ], [ -107.438858031999985, 41.549949646000073 ], [ -107.225936889999957, 41.736614227000075 ], [ -107.293701171999942, 41.805664063000052 ], [ -107.112823485999968, 41.740707397000051 ] ] ] } },
{ "type": "Feature", "properties": { }, "geometry": { "type": "Polygon", "coordinates": [ [ [ -107.001831054999968, 40.732704163000051 ], [ -107.035270690999937, 40.738689423000039 ], [ -107.011718749999943, 40.751968384000065 ], [ -107.001831054999968, 40.732704163000051 ] ] ] } },
{ "type": "Feature", "properties": { }, "geometry": { "type": "Polygon", "coordinates": [ [ [ -110.050041198999963, 43.16106033300008 ], [ -109.980766295999956, 43.175243378000062 ], [ -109.943511963, 43.219532013000048 ], [ -109.911178588999974, 43.330894470000032 ], [ -109.873229979999962, 43.007415771000069 ], [ -109.54995727499994, 42.608669281000061 ], [ -109.453117370999962, 42.525985718000072 ], [ -108.843826293999939, 42.259864807000042 ], [ -108.595558166999979, 42.185028076000037 ], [ -108.343513488999974, 42.177242279000041 ], [ -108.17740631099997, 42.220432281000058 ], [ -108.050903319999975, 42.380058289000033 ], [ -107.402458190999937, 42.323020935000045 ], [ -107.418212890999939, 42.285381317000031 ], [ -107.525726317999954, 42.261436462000063 ], [ -107.542678832999968, 42.221454620000031 ], [ -107.513473510999972, 42.19160080000006 ], [ -107.431518554999968, 42.188049316000047 ], [ -107.440086364999956, 42.103424072000053 ], [ -107.384399413999972, 42.051994324000077 ], [ -107.366012572999978, 41.875869751000039 ], [ -107.222610473999964, 41.753753662000065 ], [ -107.438858031999985, 41.549949646000073 ], [ -107.556472777999943, 41.346500397000057 ], [ -107.574028014999953, 41.260120392000033 ], [ -107.508018493999941, 41.191551208000078 ], [ -107.370361327999944, 41.136543274000076 ], [ -107.376586913999972, 41.043590546000075 ], [ -107.148002624999947, 40.875064850000058 ], [ -107.051269530999946, 40.699924469000052 ], [ -107.086547851999967, 40.599056244000053 ], [ -107.024261474999946, 40.49400711100003 ], [ -107.07512664799998, 40.565063477000081 ], [ -107.103233336999949, 40.551582336000081 ], [ -107.106613158999949, 40.423480988000051 ], [ -107.031272888, 40.40591812100007 ], [ -107.031791686999952, 40.361949921000075 ], [ -107.100418090999938, 40.339344025000059 ], [ -107.188186645999963, 40.387668610000048 ], [ -107.235130309999988, 40.340354919000049 ], [ -107.755950927999947, 40.426460266000049 ], [ -107.865737914999954, 40.476333618000069 ], [ -107.811973571999943, 40.51476669300007 ], [ -107.944892882999966, 40.496776581000063 ], [ -108.294868469, 40.619983673000036 ], [ -108.693359374999943, 40.84592056300005 ], [ -109.018432616999974, 40.978343964000032 ], [ -109.34609222399996, 41.023975372000052 ], [ -109.573776244999976, 41.000869751000039 ], [ -109.858802794999974, 41.028736115000072 ], [ -110.184577941999976, 40.957073212000068 ], [ -110.518753051999965, 40.96016693100006 ], [ -110.521141051999962, 41.06065368700007 ], [ -110.271636963, 41.676139832000047 ], [ -110.23442840599995, 42.036872864000031 ], [ -110.254096985, 42.326271057000042 ], [ -110.440818786999955, 42.994838715000071 ], [ -110.463760375999982, 43.340572357000042 ], [ -110.425483703999987, 43.362998962000063 ], [ -110.381309508999948, 43.30138015700004 ], [ -110.209953307999967, 43.200691223000035 ], [ -110.050041198999963, 43.16106033300008 ] ], [ [ -109.178558349999946, 41.684749603000057 ], [ -109.146850585999971, 41.671089172000052 ], [ -109.158882141, 41.587703705000081 ], [ -109.228958129999967, 41.554828644000054 ], [ -109.245796203999987, 41.479125977000081 ], [ -109.184638976999963, 41.498210907000043 ], [ -109.134132384999987, 41.386680603000059 ], [ -109.130882263, 41.24835205100004 ], [ -109.023200988999974, 41.144020081000065 ], [ -108.87222289999994, 41.171344757000043 ], [ -108.830078124999943, 41.216152191000049 ], [ -108.873382567999954, 41.263305664000029 ], [ -108.833412169999974, 41.363311768000074 ], [ -108.749732970999958, 41.442672729000037 ], [ -108.691223144999981, 41.567089081000063 ], [ -108.728813170999956, 41.664543152000078 ], [ -108.760490416999971, 41.667846680000025 ], [ -108.810279845999958, 41.771671295000033 ], [ -108.922576903999982, 41.88968658400006 ], [ -109.059837341, 41.973049164000031 ], [ -109.101661681999985, 41.956439972000055 ], [ -109.161819457999968, 41.857070923000038 ], [ -109.192016601999967, 41.76554107700008 ], [ -109.178558349999946, 41.684749603000057 ] ] ] } },
{ "type": "Feature", "properties": { }, "geometry": { "type": "Polygon", "coordinates": [ [ [ -107.029113769999981, 40.48781204200003 ], [ -106.997619628999985, 40.561080933000028 ], [ -106.944969176999962, 40.460994720000031 ], [ -106.901916503999985, 40.444602966000048 ], [ -106.888816832999964, 40.327293396000073 ], [ -106.969306945999961, 40.214817047000054 ], [ -107.097503661999951, 40.25049591100003 ], [ -107.12679290799997, 40.332698822000054 ], [ -107.188392638999971, 40.29388046300005 ], [ -107.521926879999967, 40.361179352000079 ], [ -107.709007263, 40.325878143000068 ], [ -107.944892882999966, 40.496776581000063 ], [ -107.818252562999987, 40.516613007000046 ], [ -107.865737914999954, 40.476333618000069 ], [ -107.746528624999939, 40.423679352000079 ], [ -107.235130309999988, 40.340354919000049 ], [ -107.198966979999966, 40.382518768000068 ], [ -107.151481627999942, 40.384220123000034 ], [ -107.085891723999964, 40.337936401000036 ], [ -107.019096374999947, 40.391414642000029 ], [ -107.106613158999949, 40.423480988000051 ], [ -107.103233336999949, 40.551582336000081 ], [ -107.07512664799998, 40.565063477000081 ], [ -107.029113769999981, 40.48781204200003 ] ] ] } },
{ "type": "Feature", "properties": { }, "geometry": { "type": "Polygon", "coordinates": [ [ [ -107.456382750999978, 40.273521423000034 ], [ -107.251022338999974, 40.208209991000047 ], [ -107.318237304999968, 40.201919556000064 ], [ -107.330642699999942, 40.165103912000063 ], [ -107.426437377999946, 40.184627533000025 ], [ -107.440277099999946, 40.147708893000072 ], [ -107.38834381099997, 40.128917694000052 ], [ -107.507766723999964, 40.111991882000041 ], [ -107.482940673999963, 40.151287079000042 ], [ -107.514137267999956, 40.160060883000028 ], [ -107.518783569, 40.225715637000064 ], [ -107.593681334999985, 40.258815765000065 ], [ -107.523239135999972, 40.334781647000057 ], [ -107.462158202999944, 40.323329926000042 ], [ -107.456382750999978, 40.273521423000034 ] ] ] } },
{ "type": "Feature", "properties": { }, "geometry": { "type": "Polygon", "coordinates": [ [ [ -107.068809508999948, 40.158557892000033 ], [ -107.004020690999937, 40.151123047000056 ], [ -106.977752685999974, 40.063274384000067 ], [ -107.053497313999969, 40.073322296000072 ], [ -107.128616332999968, 40.220466614000031 ], [ -107.068809508999948, 40.158557892000033 ] ] ] } },
{ "type": "Feature", "properties": { }, "geometry": { "type": "Polygon", "coordinates": [ [ [ -111.665550231999987, 38.903060913000047 ], [ -111.591842650999979, 38.903385162000063 ], [ -111.581336974999942, 38.881195068000068 ], [ -111.665550231999987, 38.903060913000047 ] ] ] } },
{ "type": "Feature", "properties": { }, "geometry": { "type": "Polygon", "coordinates": [ [ [ -111.47801971399997, 38.856018066000047 ], [ -111.524520873999961, 38.879863739000029 ], [ -111.45884704599996, 38.887836456000059 ], [ -111.47801971399997, 38.856018066000047 ] ] ] } },
{ "type": "Feature", "properties": { }, "geometry": { "type": "Polygon", "coordinates": [ [ [ -105.175247191999972, 38.412235260000045 ], [ -105.113197326999966, 38.382083893000072 ], [ -105.119308471999943, 38.249103546000072 ], [ -105.178291320999961, 38.288681030000077 ], [ -105.151626586999953, 38.348899841000048 ], [ -105.175247191999972, 38.412235260000045 ] ] ] } },
{ "type": "Feature", "properties": { }, "geometry": { "type": "Polygon", "coordinates": [ [ [ -107.557312011999954, 38.203166962000068 ], [ -107.633613585999967, 38.311126709000064 ], [ -107.614967345999958, 38.404720306000058 ], [ -107.540908812999987, 38.233680725000056 ], [ -107.557312011999954, 38.203166962000068 ] ] ] } },
{ "type": "Feature", "properties": { }, "geometry": { "type": "Polygon", "coordinates": [ [ [ -108.956047057999967, 37.935375214000032 ], [ -108.899986266999974, 37.955062866000048 ], [ -108.84097289999994, 37.913223267000035 ], [ -108.844230651999965, 37.777603149000072 ], [ -108.75943756099997, 37.755153656000061 ], [ -108.734542846999943, 37.626148224000076 ], [ -108.548423766999974, 37.550689697000053 ], [ -108.501502990999938, 37.416492462000065 ], [ -108.340263366999977, 37.406055450000053 ], [ -108.260559081999986, 37.446590424000078 ], [ -108.237861632999966, 37.471351624000079 ], [ -108.265312194999979, 37.487464905000024 ], [ -108.390747069999975, 37.426139832000047 ], [ -108.458686828999987, 37.451725006000061 ], [ -108.354522704999965, 37.461986542000034 ], [ -108.277526854999962, 37.550876617000029 ], [ -108.132408141999974, 37.542957306000062 ], [ -108.047233582, 37.494705200000055 ], [ -108.038146972999982, 37.467704773000037 ], [ -108.142936707, 37.373115540000072 ], [ -108.056167602999949, 37.340202332000047 ], [ -107.789657592999959, 37.345264435000047 ], [ -107.638832091999973, 37.40308761600005 ], [ -107.454719542999953, 37.386779785000044 ], [ -107.381149291999975, 37.227207184000065 ], [ -107.277542113999971, 37.153205872000058 ], [ -107.204109191999976, 37.177520752000078 ], [ -107.172256469999979, 37.102321625000059 ], [ -107.067573546999938, 37.083435059000067 ], [ -107.027656554999965, 36.984485626000037 ], [ -106.915863036999951, 36.992938995000031 ], [ -106.803497313999969, 36.952888489000031 ], [ -106.737586974999942, 36.841888428000061 ], [ -106.930610656999988, 36.826461792000032 ], [ -107.01336669899996, 36.965076447000058 ], [ -107.432856717, 37.156366988000059 ], [ -107.454399108999951, 37.22298431400003 ], [ -107.516082763999975, 37.257061005000025 ], [ -107.560870472999966, 37.171873349000066 ], [ -107.627951233999966, 37.169705258000079 ], [ -107.703392028999986, 37.227436066000053 ], [ -107.883163451999962, 37.136127472000055 ], [ -107.977073669, 37.165424347000055 ], [ -108.18290710399998, 36.977249146000077 ], [ -108.406890868999938, 36.863658905000079 ], [ -108.428451538, 36.732933044000049 ], [ -108.545806885, 36.673549652000077 ], [ -108.503662108999947, 36.769420624000077 ], [ -108.561889647999976, 36.881927490000066 ], [ -108.542419433999953, 36.944839478000063 ], [ -108.700988769999981, 36.992362976000038 ], [ -108.69319915799997, 37.021713257000044 ], [ -108.550781249999943, 37.062114716000053 ], [ -108.584182738999971, 37.079967499000077 ], [ -108.709266662999937, 37.050983429000041 ], [ -108.631652831999986, 37.083244324000077 ], [ -108.699638366999977, 37.105293274000076 ], [ -108.661331176999965, 37.128440857000044 ], [ -108.660636901999965, 37.196178436000025 ], [ -108.823242186999948, 37.142299652000077 ], [ -108.869422912999937, 37.008487701000035 ], [ -108.970657348999964, 36.931922913000051 ], [ -109.023956298999963, 36.914272308000079 ], [ -109.049972533999949, 36.935970306000058 ], [ -109.008010863999971, 37.049808502000076 ], [ -108.948478698999963, 37.075817108000024 ], [ -109.010231017999956, 37.093658447000053 ], [ -109.001869201999966, 37.128723145000038 ], [ -109.07144164999994, 37.188255310000045 ], [ -109.068542479999962, 37.220642090000069 ], [ -108.961242675999983, 37.242988586000024 ], [ -108.922233582, 37.32663726800007 ], [ -108.681297301999962, 37.317050934000065 ], [ -108.709327697999981, 37.370815277000077 ], [ -108.850288391, 37.403724670000031 ], [ -108.84554290799997, 37.428340912000067 ], [ -108.75520324699994, 37.427200317000029 ], [ -108.67655181899994, 37.471385956000063 ], [ -108.689826964999952, 37.512134552000077 ], [ -108.783767699999942, 37.489940643000068 ], [ -108.743057250999982, 37.568546295000033 ], [ -108.788597106999987, 37.565723419000051 ], [ -108.843246459999989, 37.48830795300006 ], [ -108.876251220999961, 37.484695435000049 ], [ -108.878677367999956, 37.525131226000042 ], [ -108.931938170999956, 37.492897034000066 ], [ -108.961448669, 37.430290222000053 ], [ -108.944557189999955, 37.38531112700008 ], [ -109.04335784899996, 37.40088653600003 ], [ -109.10178375199996, 37.300457001000041 ], [ -109.280502319, 37.300586700000053 ], [ -109.266990661999955, 37.345115662000069 ], [ -109.123123168999939, 37.442131042000028 ], [ -108.998641967999959, 37.463554382000041 ], [ -108.83577728299997, 37.669372559000067 ], [ -108.884071349999942, 37.697906494000051 ], [ -108.926239013999975, 37.603340149000076 ], [ -109.002647399999944, 37.531517029000042 ], [ -109.083946227999945, 37.507793427000024 ], [ -109.019248961999949, 37.562976837000065 ], [ -109.027992248999965, 37.606315613000049 ], [ -109.131523131999984, 37.504119873000036 ], [ -109.063842772999976, 37.623313904000042 ], [ -109.077682494999976, 37.644817352000075 ], [ -109.203903197999978, 37.463497162000067 ], [ -109.226669311999956, 37.470180511000081 ], [ -109.22769164999994, 37.546852112000067 ], [ -109.074302672999977, 37.760177612000064 ], [ -109.096366881999984, 37.782737732000044 ], [ -109.131851195999957, 37.753490448000036 ], [ -109.180183410999973, 37.641971588000047 ], [ -109.23140716599994, 37.605812073000038 ], [ -109.248908996999944, 37.839199066000049 ], [ -109.280769347999978, 37.905544281000061 ], [ -108.987411498999961, 37.984004974000072 ], [ -108.956047057999967, 37.935375214000032 ] ] ] } },
{ "type": "Feature", "properties": { }, "geometry": { "type": "Polygon", "coordinates": [ [ [ -107.703392028999986, 37.227436066000053 ], [ -107.627951233999966, 37.169705258000079 ], [ -107.872820274, 37.138779714000066 ], [ -107.703392028999986, 37.227436066000053 ] ] ] } },
{ "type": "Feature", "properties": { }, "geometry": { "type": "Polygon", "coordinates": [ [ [ -107.516082763999975, 37.257061005000025 ], [ -107.432856717, 37.156366988000059 ], [ -107.560870472999966, 37.171873349000066 ], [ -107.516082763999975, 37.257061005000025 ] ] ] } },
{ "type": "Feature", "properties": { }, "geometry": { "type": "Polygon", "coordinates": [ [ [ -108.04338073699995, 37.08436965900006 ], [ -107.977073669, 37.165424347000055 ], [ -107.897972535999941, 37.133375699000055 ], [ -108.010009765999939, 37.099811554000041 ], [ -108.04338073699995, 37.08436965900006 ] ] ] } },
{ "type": "Feature", "properties": { }, "geometry": { "type": "Polygon", "coordinates": [ [ [ -113.321258544999978, 37.513198853000063 ], [ -113.350936889999957, 37.536537170000031 ], [ -113.318122863999974, 37.560085297000057 ], [ -113.303848266999978, 37.546939850000058 ], [ -113.321258544999978, 37.513198853000063 ] ] ] } },
{ "type": "Feature", "properties": { }, "geometry": { "type": "Polygon", "coordinates": [ [ [ -106.486183166999979, 36.651256561000025 ], [ -106.511177063, 36.688510895000036 ], [ -106.482917785999973, 36.704128265000065 ], [ -106.468368529999964, 36.674480438000046 ], [ -106.486183166999979, 36.651256561000025 ] ] ] } },
{ "type": "Feature", "properties": { }, "geometry": { "type": "Polygon", "coordinates": [ [ [ -105.649101256999984, 35.594928741000047 ], [ -105.692329406999988, 35.603649139000026 ], [ -105.690917968999941, 35.627178192000031 ], [ -105.644676207999964, 35.620815277000077 ], [ -105.649101256999984, 35.594928741000047 ] ] ] } },
{ "type": "Feature", "properties": { }, "geometry": { "type": "Polygon", "coordinates": [ [ [ -108.696907042999953, 35.58294296300005 ], [ -108.659187316999976, 35.517978668000069 ], [ -108.739631652999947, 35.497184753000056 ], [ -108.76529693599997, 35.553962708000029 ], [ -108.696907042999953, 35.58294296300005 ] ] ] } },
{ "type": "Feature", "properties": { }, "geometry": { "type": "Polygon", "coordinates": [ [ [ -108.876083373999961, 35.521713257000044 ], [ -108.834930419999978, 35.527156830000024 ], [ -108.853393554999968, 35.494098663000045 ], [ -108.876083373999961, 35.521713257000044 ] ] ] } },
{ "type": "Feature", "properties": { }, "geometry": { "type": "Polygon", "coordinates": [ [ [ -106.719413756999984, 35.474765778000062 ], [ -106.745071410999969, 35.331874847000051 ], [ -106.869590758999948, 35.154109955000024 ], [ -106.943649291999975, 35.134361267000031 ], [ -106.994827270999963, 34.961429596000073 ], [ -107.041961669999978, 34.961883545000035 ], [ -107.038589477999949, 35.153320312000062 ], [ -106.996963500999982, 35.200450897000053 ], [ -106.867996215999938, 35.249504089000027 ], [ -106.813903808999953, 35.384140015000071 ], [ -106.864120482999965, 35.398593903000062 ], [ -106.858963013, 35.424278259000062 ], [ -106.783378600999981, 35.473915100000056 ], [ -106.719413756999984, 35.474765778000062 ] ] ] } },
{ "type": "Feature", "properties": { }, "geometry": { "type": "Polygon", "coordinates": [ [ [ -106.034172057999967, 35.453372955000077 ], [ -105.980781554999965, 35.426673889000028 ], [ -105.962608336999949, 35.326774597000053 ], [ -106.063346863, 35.317462921000072 ], [ -106.07157897899998, 35.422954559000061 ], [ -106.124801635999972, 35.417831421000074 ], [ -106.156578063999973, 35.448234558000024 ], [ -106.034172057999967, 35.453372955000077 ] ] ] } },
{ "type": "Feature", "properties": { }, "geometry": { "type": "Polygon", "coordinates": [ [ [ -106.081130980999944, 35.426952362000065 ], [ -106.078033446999939, 35.38542175300006 ], [ -106.124801635999972, 35.417831421000074 ], [ -106.109947204999969, 35.425399780000077 ], [ -106.081130980999944, 35.426952362000065 ] ] ] } },
{ "type": "Feature", "properties": { }, "geometry": { "type": "Polygon", "coordinates": [ [ [ -106.294517516999974, 35.165039063000052 ], [ -106.331069945999957, 35.119583130000024 ], [ -106.389602660999969, 35.120800018000068 ], [ -106.353973388999975, 35.153251648000037 ], [ -106.294517516999974, 35.165039063000052 ] ] ] } },
{ "type": "Feature", "properties": { }, "geometry": { "type": "Polygon", "coordinates": [ [ [ -106.507682799999941, 33.954685211000026 ], [ -106.632621764999953, 34.00601959200003 ], [ -106.644287108999947, 34.090568542000028 ], [ -106.507682799999941, 33.954685211000026 ] ] ] } },
{ "type": "Feature", "properties": { }, "geometry": { "type": "Polygon", "coordinates": [ [ [ -106.648872374999939, 33.867435455000077 ], [ -106.685836791999975, 33.875793457000043 ], [ -106.691108703999987, 33.901451111000029 ], [ -106.620361327999944, 33.90795135500008 ], [ -106.648872374999939, 33.867435455000077 ] ] ] } },
{ "type": "Feature", "properties": { }, "geometry": { "type": "Polygon", "coordinates": [ [ [ -105.674346923999963, 33.788871765000067 ], [ -105.547126769999977, 33.699199677000024 ], [ -105.50715637199994, 33.599315643000068 ], [ -105.515716552999947, 33.512866974000076 ], [ -105.549758910999969, 33.457641602000024 ], [ -105.57903289799998, 33.434803009000063 ], [ -105.538108825999984, 33.566070557000046 ], [ -105.618522643999938, 33.658542633000025 ], [ -105.674346923999963, 33.788871765000067 ] ] ] } },
{ "type": "Feature", "properties": { }, "geometry": { "type": "Polygon", "coordinates": [ [ [ -105.898986816, 33.373718262000068 ], [ -105.903877257999966, 33.437942505000024 ], [ -105.790321349999942, 33.57052993800005 ], [ -105.785667419, 33.553733826000041 ], [ -105.898986816, 33.373718262000068 ] ] ] } },
{ "type": "Feature", "properties": { }, "geometry": { "type": "Polygon", "coordinates": [ [ [ -105.579277038999976, 33.37414169300007 ], [ -105.614089965999938, 33.326831818000073 ], [ -105.586372374999939, 33.388473511000029 ], [ -105.579277038999976, 33.37414169300007 ] ] ] } },
{ "type": "Feature", "properties": { }, "geometry": { "type": "Polygon", "coordinates": [ [ [ -107.079612731999987, 33.113300323000033 ], [ -107.108047484999986, 33.109573364000028 ], [ -107.094039916999975, 33.129184723000037 ], [ -107.079612731999987, 33.113300323000033 ] ] ] } },
{ "type": "Feature", "properties": { }, "geometry": { "type": "MultiPolygon", "coordinates": [ [ [ [ -109.947509765999939, 34.027896881000061 ], [ -109.87538909899996, 33.980133057000046 ], [ -109.900550841999973, 33.960479736000025 ], [ -109.917846679999968, 33.988883972000053 ], [ -109.999481200999981, 33.934604645000036 ], [ -109.947509765999939, 34.027896881000061 ] ] ], [ [ [ -110.171157836999953, 34.060779572000058 ], [ -110.184783935999974, 34.076896667000028 ], [ -110.162361144999977, 34.069335937000062 ], [ -110.171157836999953, 34.060779572000058 ] ] ], [ [ [ -110.139846801999965, 34.08428192100007 ], [ -109.941551207999964, 34.077163696000071 ], [ -110.0, 33.948753357000044 ], [ -110.01353454599996, 34.025405884000065 ], [ -110.047721863, 34.0 ], [ -110.068557738999971, 34.039878845000032 ], [ -110.10692596399997, 34.010799408000025 ], [ -110.133010863999971, 34.04371261600005 ], [ -110.112037658999952, 34.07223510700004 ], [ -110.139846801999965, 34.08428192100007 ] ] ], [ [ [ -110.549751281999988, 34.193912506000061 ], [ -110.539077758999952, 34.165710449000073 ], [ -110.578994750999982, 34.196678162000069 ], [ -110.549751281999988, 34.193912506000061 ] ] ], [ [ [ -110.412185668999939, 34.17827987700008 ], [ -110.436637877999942, 34.173187256000062 ], [ -110.416725158999952, 34.206848145000038 ], [ -110.412185668999939, 34.17827987700008 ] ] ], [ [ [ -110.294883727999945, 34.305992126000035 ], [ -110.037887572999978, 34.260963440000069 ], [ -110.024406432999967, 34.185310364000031 ], [ -109.95420074499998, 34.114196777000075 ], [ -110.017059325999981, 34.090724945000034 ], [ -110.010581969999976, 34.122295380000025 ], [ -110.061264038, 34.127029419000053 ], [ -110.033676146999937, 34.171489716000053 ], [ -110.153572082999972, 34.19322586100003 ], [ -110.175727844, 34.162647247000052 ], [ -110.178405761999954, 34.21462249800004 ], [ -110.21311187699996, 34.21966171300005 ], [ -110.25227356, 34.132640839000032 ], [ -110.231201171999942, 34.075267792000034 ], [ -110.268119811999952, 34.057815552000079 ], [ -110.256141662999937, 34.102390289000027 ], [ -110.293479919, 34.182807922000052 ], [ -110.315856933999953, 34.162315369000055 ], [ -110.291122436999956, 34.13658523600003 ], [ -110.292121886999951, 34.068374634000065 ], [ -110.294715880999945, 34.105636597000057 ], [ -110.348365783999952, 34.134414673000038 ], [ -110.328269957999964, 34.205505371000072 ], [ -110.361557006999988, 34.20127868700007 ], [ -110.364006041999971, 34.235099792000028 ], [ -110.402587890999939, 34.21877670300006 ], [ -110.447860717999959, 34.266891479000037 ], [ -110.465148925999983, 34.239154816000053 ], [ -110.602111816, 34.262523651000038 ], [ -110.604103087999988, 34.284381866000047 ], [ -110.512008666999975, 34.257858276000036 ], [ -110.493820189999951, 34.289264679000041 ], [ -110.43486022899998, 34.288959503000058 ], [ -110.295616149999944, 34.216625214000032 ], [ -110.261421203999987, 34.161991119000049 ], [ -110.239624022999976, 34.180881500000055 ], [ -110.276084899999944, 34.202476501000035 ], [ -110.17404937699996, 34.241420746000074 ], [ -110.192848205999951, 34.271202087000063 ], [ -110.257324218999941, 34.241413116000047 ], [ -110.260742187999938, 34.288581848000035 ], [ -110.299209594999979, 34.299407959000064 ], [ -110.345008849999942, 34.263248444000055 ], [ -110.369514464999952, 34.300220490000072 ], [ -110.348693847999982, 34.323520660000042 ], [ -110.727905272999976, 34.306926727000075 ], [ -110.346549988, 34.373806 ], [ -110.33682251, 34.301013947000058 ], [ -110.337005614999953, 34.378459930000076 ], [ -110.294883727999945, 34.305992126000035 ] ] ], [ [ [ -110.174964904999968, 34.442985535000048 ], [ -110.183425902999943, 34.418556213000045 ], [ -110.218742370999962, 34.395336151000038 ], [ -110.198074340999938, 34.440216064000026 ], [ -110.174964904999968, 34.442985535000048 ] ] ] ] } },
{ "type": "Feature", "properties": { }, "geometry": { "type": "Polygon", "coordinates": [ [ [ -109.796325683999953, 36.291667938000046 ], [ -109.809288024999944, 36.145061493000071 ], [ -109.901725768999938, 36.174030304000041 ], [ -109.935539245999962, 36.225868225000056 ], [ -109.978584289999958, 36.132144928000059 ], [ -109.917228698999963, 36.133609772000057 ], [ -109.997619628999985, 36.050125122000054 ], [ -109.900520324999945, 36.028957367000032 ], [ -109.821701049999945, 35.862178802000074 ], [ -109.852035521999937, 35.825794220000034 ], [ -109.780021666999971, 35.758350372000052 ], [ -109.903503417999957, 35.660053253000058 ], [ -109.93772125199996, 35.771259308000026 ], [ -110.04106903099995, 35.790225983000028 ], [ -110.169754027999943, 35.716362 ], [ -110.164649962999988, 35.66862487800006 ], [ -110.207389832, 35.623424530000079 ], [ -110.188392638999971, 35.588317871000072 ], [ -110.234924316, 35.56618499800004 ], [ -110.278022766, 35.565830231000064 ], [ -110.288742064999951, 35.595939636000026 ], [ -110.256446837999988, 35.612606049000078 ], [ -110.325225829999965, 35.653434753000056 ], [ -110.215606688999969, 35.721382141000049 ], [ -110.361183166999979, 35.658447266000053 ], [ -110.436119079999969, 35.727619171000072 ], [ -110.392669677999947, 35.803287506000061 ], [ -110.309379577999948, 35.832881927000074 ], [ -110.286933898999962, 35.88864135700004 ], [ -110.171646117999956, 35.943569183000079 ], [ -110.168319701999962, 35.970199585000046 ], [ -110.403450011999951, 35.823490143000072 ], [ -110.396926879999967, 35.868026733000079 ], [ -110.469184874999939, 35.83909606900005 ], [ -110.463676452999948, 35.776645660000042 ], [ -110.522384643999942, 35.754585266000049 ], [ -110.548950194999975, 35.706230164000033 ], [ -110.635040282999967, 35.728961945000037 ], [ -110.567970275999983, 35.916408539000031 ], [ -110.389099120999958, 36.125 ], [ -110.543663024999944, 35.974250793000067 ], [ -110.64227294899996, 35.82088851900005 ], [ -110.737884520999955, 35.842304230000025 ], [ -110.756278991999977, 35.733940125000061 ], [ -110.855659485, 35.731609344000049 ], [ -110.874282836999953, 35.775112152000077 ], [ -110.816429138, 35.871227264000026 ], [ -110.760635375999982, 35.862411499000075 ], [ -110.742660521999937, 35.949848175000056 ], [ -110.577957152999943, 36.02082443200004 ], [ -110.532272338999974, 36.105968475000054 ], [ -110.478248595999958, 36.111072540000066 ], [ -110.378295897999976, 36.244522095000036 ], [ -110.39289856, 36.262268066000047 ], [ -110.422019957999964, 36.212802887000066 ], [ -110.45581817599998, 36.235702515000071 ], [ -110.460922241, 36.16856765700004 ], [ -110.592292785999973, 36.098617554000043 ], [ -110.662658691, 36.008762360000048 ], [ -110.829383849999942, 35.958168030000024 ], [ -110.828018187999987, 35.885650635000047 ], [ -110.891761779999968, 35.835395813000048 ], [ -110.925415038999972, 35.894275665000066 ], [ -110.944007873999965, 35.882995605000076 ], [ -110.934577941999976, 35.933506012000066 ], [ -111.000282288, 35.946269989000029 ], [ -110.925491332999968, 35.965385437000066 ], [ -111.036033629999963, 35.989723206000065 ], [ -111.083778380999945, 36.06436920200008 ], [ -111.056152343999941, 36.088455200000055 ], [ -111.023170470999958, 36.012817383000026 ], [ -110.903511046999938, 35.974777222000057 ], [ -110.836196898999958, 35.999450684000067 ], [ -110.789993285999969, 36.069950104000043 ], [ -110.901016234999986, 36.193630219000056 ], [ -110.881950377999942, 36.356140137000068 ], [ -110.482048035, 36.562831879000044 ], [ -110.378852844, 36.676937103000057 ], [ -110.254402160999973, 36.65999221800007 ], [ -110.114181518999942, 36.532756805000076 ], [ -109.838500976999967, 36.398986816000047 ], [ -109.796325683999953, 36.291667938000046 ] ] ] } },
{ "type": "Feature", "properties": { }, "geometry": { "type": "MultiPolygon", "coordinates": [ [ [ [ -111.599555969, 37.020584106000058 ], [ -111.607246398999962, 37.000102997000056 ], [ -111.621055602999945, 37.006317139000032 ], [ -111.599555969, 37.020584106000058 ] ] ], [ [ [ -111.634712219, 37.037807465000071 ], [ -111.631401061999952, 37.033515930000078 ], [ -111.639091491999977, 37.033664703000056 ], [ -111.634712219, 37.037807465000071 ] ] ], [ [ [ -111.485092163, 37.045318604000045 ], [ -111.48442840599995, 37.038436890000071 ], [ -111.489288329999965, 37.035495758000025 ], [ -111.485092163, 37.045318604000045 ] ] ], [ [ [ -111.513412475999985, 37.04577636700003 ], [ -111.517280578999987, 37.045799255000077 ], [ -111.514633178999986, 37.047496796000075 ], [ -111.513412475999985, 37.04577636700003 ] ] ], [ [ [ -111.500961303999986, 37.047153473000037 ], [ -111.499549865999938, 37.044025421000072 ], [ -111.503059386999951, 37.044246674000078 ], [ -111.500961303999986, 37.047153473000037 ] ] ], [ [ [ -111.63534545899995, 37.047992706000059 ], [ -111.633491516, 37.042778015000067 ], [ -111.63899231, 37.041522980000025 ], [ -111.63534545899995, 37.047992706000059 ] ] ], [ [ [ -111.496780395999963, 37.050060272000053 ], [ -111.488265991, 37.050025940000069 ], [ -111.497383117999959, 37.048625946000072 ], [ -111.496780395999963, 37.050060272000053 ] ] ], [ [ [ -111.641578673999959, 37.055610657000045 ], [ -111.651878356999987, 37.048286438000048 ], [ -111.649444579999965, 37.054000854000037 ], [ -111.641578673999959, 37.055610657000045 ] ] ], [ [ [ -111.515060424999945, 37.056278229000043 ], [ -111.520408629999963, 37.050266266000051 ], [ -111.518608092999955, 37.05578231800007 ], [ -111.515060424999945, 37.056278229000043 ] ] ], [ [ [ -111.38286590599995, 37.062877655000079 ], [ -111.378456115999938, 37.059204102000024 ], [ -111.385116576999962, 37.06175231900005 ], [ -111.38286590599995, 37.062877655000079 ] ] ], [ [ [ -111.548316955999951, 37.064987183000028 ], [ -111.548362731999987, 37.065208435000045 ], [ -111.547752379999963, 37.06475067100007 ], [ -111.548316955999951, 37.064987183000028 ] ] ], [ [ [ -111.505508422999981, 37.067405701000041 ], [ -111.489257812999938, 37.068241119000049 ], [ -111.485191344999976, 37.062252045000037 ], [ -111.505508422999981, 37.067405701000041 ] ] ], [ [ [ -111.301979064999955, 37.190044403000059 ], [ -111.301803588999974, 37.190074921000075 ], [ -111.301803588999974, 37.189956665000068 ], [ -111.301979064999955, 37.190044403000059 ] ] ], [ [ [ -112.415756225999985, 37.293724060000045 ], [ -112.415054320999957, 37.286815643000068 ], [ -112.423194884999987, 37.290649414000029 ], [ -112.415756225999985, 37.293724060000045 ] ] ], [ [ [ -112.37271881099997, 37.319992065000065 ], [ -112.364555358999951, 37.297950745000037 ], [ -112.400749207, 37.292156219000049 ], [ -112.37271881099997, 37.319992065000065 ] ] ], [ [ [ -112.395790099999942, 37.337379456000065 ], [ -112.397911071999943, 37.335048676000042 ], [ -112.39739227299998, 37.338512421000075 ], [ -112.395790099999942, 37.337379456000065 ] ] ], [ [ [ -112.471885680999947, 37.391971588000047 ], [ -112.451782226999967, 37.365238190000071 ], [ -112.482368469, 37.320533752000074 ], [ -112.490684508999948, 37.363872528000059 ], [ -112.471885680999947, 37.391971588000047 ] ] ], [ [ [ -111.365066527999943, 37.510765076000041 ], [ -111.365478515999939, 37.511108398000033 ], [ -111.365005492999956, 37.510879517000035 ], [ -111.365066527999943, 37.510765076000041 ] ] ], [ [ [ -111.995964049999941, 37.541770935000045 ], [ -111.997703551999962, 37.542591095000034 ], [ -111.993522643999938, 37.545742035000046 ], [ -111.995964049999941, 37.541770935000045 ] ] ], [ [ [ -111.442428588999974, 37.564922333000027 ], [ -111.44110107399996, 37.555828094000049 ], [ -111.450729369999976, 37.558303833000025 ], [ -111.442428588999974, 37.564922333000027 ] ] ], [ [ [ -112.019104003999985, 37.56309890700004 ], [ -112.02327728299997, 37.561222076000035 ], [ -112.020721435999974, 37.565162659000066 ], [ -112.019104003999985, 37.56309890700004 ] ] ], [ [ [ -111.98759460399998, 37.639617920000035 ], [ -112.015403747999983, 37.579952240000068 ], [ -112.042022704999965, 37.55658721900005 ], [ -112.055961608999951, 37.608345032000045 ], [ -111.98759460399998, 37.639617920000035 ] ] ], [ [ [ -112.992782592999959, 37.632915497000056 ], [ -113.030586242999959, 37.621662140000069 ], [ -113.038215636999951, 37.636169434000067 ], [ -113.014915466, 37.651866913000049 ], [ -112.992782592999959, 37.632915497000056 ] ] ], [ [ [ -112.831329345999961, 37.737319946000071 ], [ -112.84078216599994, 37.727378845000032 ], [ -112.834182738999971, 37.741424561000031 ], [ -112.831329345999961, 37.737319946000071 ] ] ], [ [ [ -112.78625488299997, 37.791770935000045 ], [ -112.798835753999981, 37.753147125000055 ], [ -112.81395721399997, 37.764648437000062 ], [ -112.78625488299997, 37.791770935000045 ] ] ], [ [ [ -113.012771605999944, 37.572410583000078 ], [ -112.99097442599998, 37.631481171000075 ], [ -112.972114563, 37.645507813000052 ], [ -113.00060272199994, 37.666820526000038 ], [ -112.99045562699996, 37.703872681000064 ], [ -113.022811889999957, 37.685344696000072 ], [ -113.033164977999945, 37.724098206000065 ], [ -112.998428344999979, 37.730941772000051 ], [ -112.985343932999967, 37.712833405000026 ], [ -112.985038756999984, 37.685287476000042 ], [ -112.960723876999964, 37.764171600000054 ], [ -112.916061400999979, 37.78796386700003 ], [ -112.963684081999986, 37.709735870000031 ], [ -112.949615478999988, 37.670200348000037 ], [ -112.88020324699994, 37.802490234000061 ], [ -112.859550475999981, 37.812759399000072 ], [ -112.872917174999941, 37.766876221000075 ], [ -112.81162261999998, 37.814773560000049 ], [ -112.932991027999947, 37.649909973000035 ], [ -112.869544982999969, 37.671058655000024 ], [ -112.839553832999968, 37.622879028000057 ], [ -112.870620727999949, 37.581176758000026 ], [ -112.790405272999976, 37.521163940000065 ], [ -112.85035705599995, 37.527442932000042 ], [ -112.879722594999976, 37.517787933000079 ], [ -112.885261535999973, 37.50814056400003 ], [ -112.769386291999979, 37.505905151000036 ], [ -112.704483031999985, 37.414165497000056 ], [ -112.646087645999955, 37.395462036000026 ], [ -112.567642211999953, 37.443920135000042 ], [ -112.583595275999983, 37.399826050000058 ], [ -112.570297241, 37.405292511000027 ], [ -112.560195922999981, 37.391006470000036 ], [ -112.58970642099996, 37.375087738000047 ], [ -112.577339171999938, 37.43158721900005 ], [ -112.597229003999985, 37.42396545400004 ], [ -112.600296020999963, 37.344310760000042 ], [ -112.636985778999986, 37.354904175000058 ], [ -112.601905822999981, 37.331733704000044 ], [ -112.626335143999938, 37.281875610000043 ], [ -112.668266295999956, 37.276836395000032 ], [ -112.666961669999978, 37.250354767000033 ], [ -112.690353393999942, 37.279430389000026 ], [ -112.713333129999967, 37.245128632000046 ], [ -112.860778808999953, 37.271854401000041 ], [ -112.82920074499998, 37.340984344000049 ], [ -112.870727538999972, 37.34809875500008 ], [ -112.824928283999952, 37.390590668000073 ], [ -112.912902831999986, 37.391475677000074 ], [ -112.911773681999989, 37.45474624600007 ], [ -112.926132201999962, 37.42952346800007 ], [ -112.97378539999994, 37.48062896700003 ], [ -112.961784363, 37.419178009000063 ], [ -112.994606017999956, 37.43859481800007 ], [ -113.024856566999972, 37.399230957000043 ], [ -113.05117034899996, 37.429897308000079 ], [ -113.07870483399995, 37.406517029000042 ], [ -113.065658569, 37.44855880700004 ], [ -113.128334044999974, 37.497402191000049 ], [ -113.120330810999974, 37.554344177000075 ], [ -113.040504455999951, 37.513320923000038 ], [ -113.049301146999937, 37.571010590000071 ], [ -113.089996338, 37.564163208000025 ], [ -113.030448913999976, 37.611179352000079 ], [ -113.012771605999944, 37.572410583000078 ] ] ], [ [ [ -112.768783569, 37.822639465000066 ], [ -112.771163939999951, 37.819145203000062 ], [ -112.772766112999989, 37.819469452000078 ], [ -112.768783569, 37.822639465000066 ] ] ], [ [ [ -112.782981872999983, 37.82196426400003 ], [ -112.803817748999961, 37.796756744000049 ], [ -112.794311522999976, 37.828350067000031 ], [ -112.782981872999983, 37.82196426400003 ] ] ], [ [ [ -112.762306212999988, 37.860893250000061 ], [ -112.765434264999953, 37.834217072000058 ], [ -112.780792235999968, 37.827644348000035 ], [ -112.762306212999988, 37.860893250000061 ] ] ], [ [ [ -112.945541381999988, 37.850650787000063 ], [ -112.958427428999983, 37.844558716000051 ], [ -112.943138122999983, 37.869709015000069 ], [ -112.945541381999988, 37.850650787000063 ] ] ], [ [ [ -112.961006164999958, 37.848789215000068 ], [ -112.979736327999944, 37.833145142000035 ], [ -112.965759276999961, 37.87442016600005 ], [ -112.961006164999958, 37.848789215000068 ] ] ], [ [ [ -112.745712279999964, 37.895359039000027 ], [ -112.759353638, 37.864849091000053 ], [ -112.748382567999954, 37.897861481000064 ], [ -112.745712279999964, 37.895359039000027 ] ] ], [ [ [ -112.958602904999964, 37.90564727800006 ], [ -112.949089049999941, 37.886093140000071 ], [ -112.967910766999978, 37.895347595000032 ], [ -112.958602904999964, 37.90564727800006 ] ] ], [ [ [ -111.45793914799998, 37.55790329000007 ], [ -111.008934020999959, 37.253761292000036 ], [ -111.000679016, 37.15531158400006 ], [ -111.080406188999973, 37.154010773000039 ], [ -111.079193114999953, 37.209941864000029 ], [ -111.127685546999942, 37.184463501000039 ], [ -111.157676696999943, 37.264923096000075 ], [ -111.236732482999969, 37.305301666000048 ], [ -111.280967711999949, 37.236652374000073 ], [ -111.324279784999987, 37.235744476000036 ], [ -111.306877135999969, 37.179161072000056 ], [ -111.370620727999949, 37.187149048000038 ], [ -111.309127807999971, 37.111351013000046 ], [ -111.362388610999972, 37.123104095000031 ], [ -111.363639832, 37.100749969000049 ], [ -111.399238585999967, 37.127540588000045 ], [ -111.366279601999963, 37.07724380500008 ], [ -111.413604735999968, 37.05534362800006 ], [ -111.405097960999967, 37.105464935000043 ], [ -111.462814330999947, 37.141242981000062 ], [ -111.489913939999951, 37.131259918000069 ], [ -111.484359741, 37.090065002000074 ], [ -111.51637268099995, 37.089420319000055 ], [ -111.505630492999956, 37.060745239000028 ], [ -111.551589965999938, 37.075218201000041 ], [ -111.55240631099997, 37.04927063000008 ], [ -111.581459044999974, 37.076454163000051 ], [ -111.652893066, 37.05622863800005 ], [ -111.713356017999956, 37.171222687000068 ], [ -111.811088561999952, 37.161727905000077 ], [ -111.847457885999972, 37.11583328200004 ], [ -111.941490172999977, 37.13325500500008 ], [ -111.827507018999938, 37.455318451000039 ], [ -111.879661559999988, 37.476570129000038 ], [ -111.914169311999956, 37.540828705000024 ], [ -111.958877562999987, 37.525760651000041 ], [ -111.993721007999966, 37.536960602000079 ], [ -111.943191527999943, 37.56455993700007 ], [ -111.988853454999969, 37.56118011500007 ], [ -111.977279663, 37.599273682000046 ], [ -112.017723082999964, 37.568176270000038 ], [ -111.972625731999983, 37.651851654000041 ], [ -111.997688292999953, 37.669467926000038 ], [ -112.04495239299996, 37.630786896000075 ], [ -112.038681029999964, 37.662410736000027 ], [ -112.064453124999943, 37.615886688000046 ], [ -112.080001830999947, 37.643539429000043 ], [ -112.08511352499994, 37.613651276000041 ], [ -112.130599975999985, 37.628036499000075 ], [ -112.070419311999956, 37.607082367000032 ], [ -112.067871093999941, 37.553741455000079 ], [ -112.108940124999947, 37.576698303000057 ], [ -112.107574463, 37.549392700000055 ], [ -112.174644469999976, 37.548374176000038 ], [ -112.14025116, 37.528377533000025 ], [ -112.190444945999957, 37.510551453000062 ], [ -112.168869018999942, 37.486419678000061 ], [ -112.209770202999948, 37.35890579200003 ], [ -112.248161316, 37.379871368000067 ], [ -112.233085631999984, 37.347057343000074 ], [ -112.304939269999977, 37.316413879000038 ], [ -112.340431212999988, 37.361804962000065 ], [ -112.327766417999953, 37.328632355000025 ], [ -112.333984374999943, 37.312900543000069 ], [ -112.337959289999958, 37.310752869000055 ], [ -112.369781493999938, 37.325439453000058 ], [ -112.353981017999956, 37.353515625000057 ], [ -112.364860535, 37.365852356000062 ], [ -112.460258483999951, 37.29346466100003 ], [ -112.421180724999942, 37.41926193200004 ], [ -112.470130919999974, 37.405815125000061 ], [ -112.41252136199995, 37.467060089000029 ], [ -112.482177733999947, 37.448318481000058 ], [ -112.514160155999946, 37.325237274000074 ], [ -112.556854247999979, 37.34166336100003 ], [ -112.596405028999982, 37.305568695000034 ], [ -112.58898925799997, 37.368534088000047 ], [ -112.531501769999977, 37.376838684000063 ], [ -112.321006774999944, 37.699638367000034 ], [ -112.142562866, 37.714447021000069 ], [ -112.044822692999958, 37.78336334200003 ], [ -111.971084594999979, 37.896286011000029 ], [ -111.89084625199996, 37.902900696000074 ], [ -111.876106261999951, 37.853000641000051 ], [ -111.841064452999944, 37.858425140000065 ], [ -111.83332824699994, 37.923446655000077 ], [ -111.725982666, 37.915855408000027 ], [ -111.678131103999988, 37.964248657000041 ], [ -111.666259765999939, 37.865272522000055 ], [ -111.610961913999972, 37.811225891000049 ], [ -111.651863097999978, 37.817115784000066 ], [ -111.64742279099994, 37.843017578000058 ], [ -111.652427672999977, 37.846126556000058 ], [ -111.662582396999937, 37.771800995000035 ], [ -111.625526427999944, 37.763435364000031 ], [ -111.576156616, 37.650844574000075 ], [ -111.498275756999988, 37.656978607000042 ], [ -111.530006408999952, 37.633350372000052 ], [ -111.486541747999979, 37.634307861000025 ], [ -111.503692626999964, 37.620094299000073 ], [ -111.439918517999956, 37.583908081000061 ], [ -111.45793914799998, 37.55790329000007 ] ] ] ] } },
{ "type": "Feature", "properties": { }, "geometry": { "type": "MultiPolygon", "coordinates": [ [ [ [ -110.783554076999962, 37.697174072000053 ], [ -110.747688292999953, 37.682437897000057 ], [ -110.768379210999967, 37.652053833000025 ], [ -110.783554076999962, 37.697174072000053 ] ] ], [ [ [ -110.72744751, 37.765441895000038 ], [ -110.733398436999948, 37.764888763000044 ], [ -110.731475829999965, 37.76983642600004 ], [ -110.72744751, 37.765441895000038 ] ] ], [ [ [ -111.025482177999947, 37.882503510000049 ], [ -111.030418395999959, 37.881698608000079 ], [ -111.034034728999984, 37.892768860000047 ], [ -111.025482177999947, 37.882503510000049 ] ] ], [ [ [ -110.752548217999959, 37.899414063000052 ], [ -110.742973327999948, 37.896045685000047 ], [ -110.754302978999988, 37.895961761000081 ], [ -110.752548217999959, 37.899414063000052 ] ] ], [ [ [ -110.777290344, 37.923461914000029 ], [ -110.785263061999956, 37.919395447000056 ], [ -110.784980773999962, 37.925907135000045 ], [ -110.777290344, 37.923461914000029 ] ] ], [ [ [ -110.754280089999952, 37.968933105000076 ], [ -110.745697020999955, 37.969722748000038 ], [ -110.756324767999956, 37.966636658000027 ], [ -110.754280089999952, 37.968933105000076 ] ] ], [ [ [ -110.675682067999958, 38.016216278000059 ], [ -110.665458678999983, 37.969264984000063 ], [ -110.704071044999978, 37.975532532000045 ], [ -110.675682067999958, 38.016216278000059 ] ] ], [ [ [ -110.762634276999961, 38.022220612000069 ], [ -110.762252807999971, 38.009654999000077 ], [ -110.767005919999974, 38.020042419000049 ], [ -110.762634276999961, 38.022220612000069 ] ] ], [ [ [ -110.747962951999966, 38.052486420000037 ], [ -110.749427794999974, 38.049377441000047 ], [ -110.750595092999959, 38.05168533300008 ], [ -110.747962951999966, 38.052486420000037 ] ] ], [ [ [ -110.766448974999946, 38.049091339000029 ], [ -110.764587401999961, 38.042522430000076 ], [ -110.774291991999974, 38.054180145000032 ], [ -110.766448974999946, 38.049091339000029 ] ] ], [ [ [ -110.819076538, 38.068126678000056 ], [ -110.820137023999962, 38.056259155000077 ], [ -110.82286834699994, 38.065944672000057 ], [ -110.819076538, 38.068126678000056 ] ] ], [ [ [ -110.77346801799996, 38.077121735000048 ], [ -110.777984618999938, 38.076789856000062 ], [ -110.771713256999988, 38.078498840000066 ], [ -110.77346801799996, 38.077121735000048 ] ] ], [ [ [ -110.739830016999974, 38.078529358000026 ], [ -110.771667479999962, 38.055335999000079 ], [ -110.776550292999957, 38.070560455000077 ], [ -110.739830016999974, 38.078529358000026 ] ] ], [ [ [ -110.656372069999975, 38.08054351800007 ], [ -110.661499022999976, 38.077339172000052 ], [ -110.662651061999952, 38.079074860000048 ], [ -110.656372069999975, 38.08054351800007 ] ] ], [ [ [ -110.734863280999946, 38.081047058000024 ], [ -110.734298705999947, 38.07828521700003 ], [ -110.737487792999957, 38.081176758000026 ], [ -110.734863280999946, 38.081047058000024 ] ] ], [ [ [ -110.780227660999969, 38.085464478000063 ], [ -110.778846740999938, 38.079437256000062 ], [ -110.785675048999963, 38.084075928000061 ], [ -110.780227660999969, 38.085464478000063 ] ] ], [ [ [ -110.821258544999978, 38.111129761000029 ], [ -110.813392638999971, 38.110420227000077 ], [ -110.824485778999986, 38.104457855000078 ], [ -110.821258544999978, 38.111129761000029 ] ] ], [ [ [ -110.812049865999938, 38.119869232000042 ], [ -110.820510863999971, 38.116432190000069 ], [ -110.812767028999986, 38.122642517000031 ], [ -110.812049865999938, 38.119869232000042 ] ] ], [ [ [ -110.751495360999968, 38.169525146000069 ], [ -110.759582519999981, 38.152027130000079 ], [ -110.785362243999941, 38.162918091000051 ], [ -110.751495360999968, 38.169525146000069 ] ] ], [ [ [ -110.726310729999966, 38.189067841000053 ], [ -110.717887877999942, 38.183399200000053 ], [ -110.727798461999953, 38.183193207000045 ], [ -110.726310729999966, 38.189067841000053 ] ] ], [ [ [ -110.733428954999965, 38.19473266600005 ], [ -110.745124816999976, 38.188194275000058 ], [ -110.749916076999966, 38.192470551000042 ], [ -110.733428954999965, 38.19473266600005 ] ] ], [ [ [ -111.026832580999951, 38.322368622000056 ], [ -111.039978026999961, 38.306697845000031 ], [ -111.028877257999966, 38.326393127000074 ], [ -111.026832580999951, 38.322368622000056 ] ] ], [ [ [ -111.097526549999941, 38.281352997000056 ], [ -111.136421203999987, 38.314155579000044 ], [ -111.139556885, 38.348293304000038 ], [ -111.105415344, 38.322437286000024 ], [ -111.097526549999941, 38.281352997000056 ] ] ], [ [ [ -111.222427367999956, 38.422191620000035 ], [ -111.230491638, 38.417953491000048 ], [ -111.233108520999963, 38.419925690000071 ], [ -111.222427367999956, 38.422191620000035 ] ] ], [ [ [ -110.913269042999957, 38.521354675000055 ], [ -110.849411010999972, 38.487270355000078 ], [ -110.901092528999982, 38.471569061000025 ], [ -110.818603515999939, 38.470268250000061 ], [ -110.791496276999965, 38.371021271000075 ], [ -110.883270263999975, 38.352874756000062 ], [ -110.819442748999961, 38.358058929000038 ], [ -110.787292479999962, 38.326530457000047 ], [ -110.750625609999986, 38.201202393000074 ], [ -110.776710509999987, 38.201156616000048 ], [ -110.77242279099994, 38.216239929000039 ], [ -110.778106688999969, 38.216255188000048 ], [ -110.776863097999978, 38.23468017600004 ], [ -110.78642272899998, 38.251186371000074 ], [ -110.814262389999953, 38.173477173000038 ], [ -110.760879516999978, 38.188899994000053 ], [ -110.78983306899994, 38.162128448000033 ], [ -110.749580382999966, 38.144958496000072 ], [ -110.795570373999965, 38.162021637000066 ], [ -110.795959472999982, 38.136199951000037 ], [ -110.743392944, 38.12741851800007 ], [ -110.775169372999983, 38.089576721000071 ], [ -110.810264586999949, 38.129547119000051 ], [ -110.839248656999985, 38.132720947000053 ], [ -110.834602355999948, 38.082569122000052 ], [ -110.814620971999943, 38.09140777600004 ], [ -110.791488646999937, 38.08604431200007 ], [ -110.782653808999953, 38.073341370000037 ], [ -110.844245910999973, 38.072448730000076 ], [ -110.808822631999988, 38.043781281000065 ], [ -110.851898192999954, 38.044906616000048 ], [ -110.769309997999983, 38.026271820000034 ], [ -110.767242431999989, 38.03364563000008 ], [ -110.750892638999971, 38.038253784000062 ], [ -110.763839721999943, 38.050720215000069 ], [ -110.748443603999988, 38.040222168000071 ], [ -110.74472045899995, 38.06114578200004 ], [ -110.740936278999982, 38.049400330000026 ], [ -110.752563476999967, 38.029918671000075 ], [ -110.763320922999981, 38.032367706000059 ], [ -110.760009765999939, 38.024173737000069 ], [ -110.768608092999955, 38.02073669400005 ], [ -110.767486571999939, 38.009670258000028 ], [ -110.795410155999946, 38.012042999000073 ], [ -110.788597106999987, 37.967872620000037 ], [ -110.762191771999937, 37.955242157000043 ], [ -110.692054748999965, 37.969726562000062 ], [ -110.67848205599995, 37.935897827000076 ], [ -110.734184264999953, 37.903587341000048 ], [ -110.781402588, 37.929615021000075 ], [ -110.814781188999973, 37.923091888000044 ], [ -110.836074828999983, 37.942047119000051 ], [ -110.822189330999947, 37.923912048000034 ], [ -110.764434813999969, 37.904174805000025 ], [ -110.797584533999952, 37.897571564000032 ], [ -110.76194000199996, 37.876384735000045 ], [ -110.733818053999983, 37.897403717000032 ], [ -110.781021117999956, 37.824676514000032 ], [ -110.705101013, 37.918392181000058 ], [ -110.735374450999984, 37.831394196000076 ], [ -110.722602844, 37.850593567000033 ], [ -110.70494079599996, 37.826538086000028 ], [ -110.785919188999969, 37.720695496000076 ], [ -110.883514403999982, 37.805294037000067 ], [ -110.860092163, 37.777816772000051 ], [ -110.912048339999956, 37.760372162000067 ], [ -110.945640563999973, 37.785663605000025 ], [ -110.92955017099996, 37.706676483000024 ], [ -111.010559081999986, 37.852985382000043 ], [ -110.951049804999968, 37.787330627000074 ], [ -110.963020324999945, 37.821464539000033 ], [ -111.015922545999956, 37.858631134000063 ], [ -111.018943786999955, 37.88641738900003 ], [ -111.065086364999956, 37.966434479000043 ], [ -111.040962219, 37.962154388000044 ], [ -111.083831786999951, 37.99779510500008 ], [ -111.024192809999988, 38.042144775000054 ], [ -111.092437743999938, 38.258861542000034 ], [ -111.038192748999961, 38.289848328000062 ], [ -111.046974181999985, 38.240753174000076 ], [ -111.012176513999975, 38.325096130000077 ], [ -110.906349181999985, 38.349449158000027 ], [ -110.923240661999955, 38.371711731000062 ], [ -111.004188538, 38.340557098000033 ], [ -111.020675658999949, 38.362915039000029 ], [ -111.027114867999956, 38.333995819000052 ], [ -111.020370482999965, 38.373516083000027 ], [ -110.913269042999957, 38.521354675000055 ] ] ], [ [ [ -110.904174804999968, 38.529064178000056 ], [ -110.864212035999969, 38.529117584000062 ], [ -110.847602844, 38.50420379600007 ], [ -110.904174804999968, 38.529064178000056 ] ] ] ] } },
{ "type": "Feature", "properties": { }, "geometry": { "type": "Polygon", "coordinates": [ [ [ -110.302284240999938, 40.538948059000063 ], [ -109.733467101999963, 40.50662612900004 ], [ -109.473358153999982, 40.311309814000026 ], [ -109.168136596999943, 40.262771606000058 ], [ -109.072929381999984, 40.20149993900003 ], [ -109.059826898999972, 40.224977169000056 ], [ -108.909767150999983, 40.080612183000028 ], [ -108.906326293999939, 39.862480164000033 ], [ -108.803947448999963, 39.818016052000075 ], [ -108.801872252999942, 39.725090027000078 ], [ -108.725303649999944, 39.797222137000063 ], [ -108.653678893999938, 39.817920685000047 ], [ -108.686447143999942, 39.980899811000029 ], [ -108.605407714999956, 40.144710541000052 ], [ -108.650932311999952, 40.190620422000052 ], [ -108.367858886999954, 40.181934357000046 ], [ -108.32196044899996, 40.344642639000028 ], [ -108.242233275999979, 40.370731354000043 ], [ -108.158386229999962, 40.35445022600004 ], [ -107.930282592999959, 40.138137817000029 ], [ -107.957260131999988, 39.966873169000053 ], [ -107.93186187699996, 39.731998444000055 ], [ -107.898956298999963, 39.668952942000033 ], [ -107.432991027999947, 39.496616364000033 ], [ -107.417053222999982, 39.416530609000063 ], [ -107.34854126, 39.450664520000032 ], [ -107.319236754999963, 39.381996155000024 ], [ -107.397071837999988, 39.334819794000055 ], [ -107.371871947999978, 39.269145966000053 ], [ -107.397438048999959, 39.219165802000077 ], [ -107.310501098999964, 39.123390198000038 ], [ -107.305870055999947, 39.014278412000067 ], [ -107.379516601999967, 39.058742523000035 ], [ -107.456733703999987, 39.045112610000047 ], [ -107.401351928999986, 38.990859985000043 ], [ -107.425987243999941, 38.971076965000066 ], [ -107.553520202999948, 39.021209717000033 ], [ -107.637756347999982, 38.969680786000026 ], [ -107.67867279099994, 38.973251343000072 ], [ -107.69020080599995, 39.011337280000077 ], [ -108.102912902999947, 38.941638947000058 ], [ -108.170631408999952, 39.032848358000081 ], [ -108.240493773999958, 39.020790100000056 ], [ -108.276313781999988, 39.120292664000033 ], [ -108.229606627999942, 39.170650482000042 ], [ -108.061851500999978, 39.19847106900005 ], [ -108.171989440999937, 39.227031708000027 ], [ -108.254203795999956, 39.297245026000041 ], [ -108.518211364999956, 39.296440125000061 ], [ -108.570396422999977, 39.335720062000064 ], [ -108.607299804999968, 39.324855804000038 ], [ -108.67952728299997, 39.371334076000039 ], [ -108.722610473999964, 39.484443665000072 ], [ -108.781730651999965, 39.540748596000071 ], [ -108.78804779099994, 39.480503082000041 ], [ -108.884529113999974, 39.447097778000057 ], [ -108.940353393999942, 39.548900604000039 ], [ -109.041366576999962, 39.450756073000036 ], [ -109.374542235999968, 39.340690613000049 ], [ -109.397018432999971, 39.263412476000042 ], [ -109.50198364299996, 39.184200287000067 ], [ -109.500091552999947, 39.131259918000069 ], [ -109.64560699499998, 39.138813019000054 ], [ -109.682777404999968, 39.075237274000074 ], [ -109.799667357999965, 39.095218658000078 ], [ -109.856521605999944, 39.054405212000063 ], [ -109.948982238999974, 39.045295715000066 ], [ -109.943809508999948, 39.128585815000065 ], [ -110.039649962999988, 39.13195419300007 ], [ -110.045066832999964, 39.175743103000059 ], [ -109.975990294999974, 39.194423676000042 ], [ -110.03697204599996, 39.260372162000067 ], [ -110.036773681999989, 39.325435638000044 ], [ -110.139816283999949, 39.33327102700008 ], [ -110.120323180999947, 39.283081055000025 ], [ -110.157333373999961, 39.279315948000033 ], [ -110.125022888, 39.23538970900006 ], [ -110.283241271999941, 39.293552399000077 ], [ -110.360153197999978, 39.451538086000028 ], [ -110.368492125999978, 39.598674774000074 ], [ -110.385482788, 39.612327576000041 ], [ -110.373892161999947, 39.563410272000056 ], [ -110.63303375199996, 39.729118347000053 ], [ -110.758476256999984, 39.707851410000046 ], [ -110.896743773999958, 39.747943878000058 ], [ -111.020652770999959, 39.724178314000028 ], [ -111.08101654099994, 39.770145416000048 ], [ -111.152008056999989, 39.780784607000044 ], [ -111.15715789799998, 39.756790161000026 ], [ -111.302970885999969, 39.806674957000041 ], [ -111.314323424999941, 39.692558289000033 ], [ -111.317970275999983, 39.764102936000029 ], [ -111.358100891, 39.790889740000068 ], [ -111.35711669899996, 39.888408661000028 ], [ -111.42792511, 39.872501373000034 ], [ -111.384101867999959, 39.922134399000072 ], [ -111.419715880999945, 39.972042084000066 ], [ -111.371734618999938, 39.96904754600007 ], [ -111.293960570999957, 40.053730011000027 ], [ -111.313018798999963, 40.124538422000057 ], [ -111.35942840599995, 40.162811279000039 ], [ -111.396415709999985, 40.120342255000025 ], [ -111.366050719999976, 40.170513153000059 ], [ -111.395738136999967, 40.185556122000037 ], [ -111.335128783999949, 40.237903595000034 ], [ -111.357047670999975, 40.265466596000067 ], [ -111.172836303999986, 40.292617798000038 ], [ -111.104492186999948, 40.371650696000074 ], [ -111.078086852999945, 40.324642181000058 ], [ -111.041740416999971, 40.319206238000049 ], [ -111.004081725999981, 40.334835052000074 ], [ -111.038658141999974, 40.328414917000032 ], [ -111.097724914999958, 40.393085480000025 ], [ -110.727325438999969, 40.376815796000074 ], [ -110.745704650999983, 40.387069702000076 ], [ -110.719795226999963, 40.411521912000069 ], [ -110.529083251999964, 40.433269501000041 ], [ -110.495979308999949, 40.483539581000059 ], [ -110.302284240999938, 40.538948059000063 ] ] ] } },
{ "type": "Feature", "properties": { }, "geometry": { "type": "Polygon", "coordinates": [ [ [ -111.173019408999949, 39.760841370000037 ], [ -111.08101654099994, 39.770145416000048 ], [ -110.995971679999968, 39.721393585000044 ], [ -110.896743773999958, 39.747943878000058 ], [ -110.758476256999984, 39.707851410000046 ], [ -110.63303375199996, 39.729118347000053 ], [ -110.515111876999981, 39.667172487000073 ], [ -110.625114441, 39.692295074000072 ], [ -110.604949950999981, 39.580291748000036 ], [ -110.683670043999939, 39.510444641000049 ], [ -110.671257018999938, 39.468849182000042 ], [ -110.726409911999951, 39.432548523000037 ], [ -110.767066955999951, 39.336597443000073 ], [ -110.925079345999961, 39.232784271000071 ], [ -110.933052063, 39.198238373000038 ], [ -110.97177886999998, 39.207645416000048 ], [ -110.95491790799997, 39.178554535000046 ], [ -111.010765075999984, 39.113620758000025 ], [ -111.038314819, 39.012180328000056 ], [ -111.085433959999989, 38.950683594000054 ], [ -111.112037658999952, 38.94231796300005 ], [ -111.124877929999968, 38.950588226000036 ], [ -111.131172179999965, 38.947093964000032 ], [ -111.10282897899998, 38.928798676000042 ], [ -111.119972228999984, 38.899257660000046 ], [ -111.174224853999988, 38.850284576000035 ], [ -111.210975646999941, 38.881229401000041 ], [ -111.214881896999941, 38.823257446000071 ], [ -111.259208678999983, 38.851295471000071 ], [ -111.244392394999977, 38.75225067100007 ], [ -111.460029601999963, 38.585540771000069 ], [ -111.492233275999979, 38.644306183000026 ], [ -111.515876769999977, 38.955963135000047 ], [ -111.437332152999943, 38.958106995000037 ], [ -111.39151001, 39.019077301000038 ], [ -111.446838378999985, 39.042606354000043 ], [ -111.392013549999945, 39.072849274000077 ], [ -111.295639038, 39.045509338000045 ], [ -111.310226439999951, 38.974102020000032 ], [ -111.266090392999956, 38.979961395000032 ], [ -111.274932860999968, 39.207744598000033 ], [ -111.205833434999988, 39.239562988000046 ], [ -111.25498199499998, 39.277793884000062 ], [ -111.22785949699994, 39.317443848000039 ], [ -111.235923766999974, 39.389595032000045 ], [ -111.178611754999963, 39.326946259000067 ], [ -111.146049499999947, 39.373569489000033 ], [ -111.198181151999961, 39.46924591100003 ], [ -111.177543639999953, 39.506893158000025 ], [ -111.209877013999971, 39.573085785000046 ], [ -111.235069274999944, 39.586357117000034 ], [ -111.246109008999952, 39.516811371000074 ], [ -111.288307189999955, 39.522621155000024 ], [ -111.265571594, 39.601314545000037 ], [ -111.313316344999976, 39.635517120000031 ], [ -111.302970885999969, 39.806674957000041 ], [ -111.173019408999949, 39.760841370000037 ] ] ] } },
{ "type": "Feature", "properties": { }, "geometry": { "type": "Polygon", "coordinates": [ [ [ -108.205917357999965, 40.399559021000073 ], [ -108.116790770999955, 40.360912323000036 ], [ -108.080307006999988, 40.389266968000072 ], [ -107.789245604999962, 40.288578033000078 ], [ -107.728279113999974, 40.298889160000044 ], [ -107.681243895999955, 40.24069976800007 ], [ -107.743324279999968, 40.169212341000048 ], [ -107.728919982999969, 40.083209991000047 ], [ -107.885826110999972, 40.095466614000031 ], [ -107.950004577999948, 40.019695282000043 ], [ -107.898567199999945, 39.710784912000065 ], [ -107.825904845999958, 39.652893066000047 ], [ -107.370101928999986, 39.521720886000026 ], [ -107.309921264999957, 39.387287140000069 ], [ -107.287811278999982, 39.28121948200004 ], [ -107.300041198999963, 39.222606659000064 ], [ -107.354492187999938, 39.234828949000075 ], [ -107.339569091999977, 39.185401917000036 ], [ -107.272071837999988, 39.174354553000057 ], [ -107.195114135999972, 39.111930847000053 ], [ -107.158462523999958, 39.190334320000034 ], [ -107.055824279999968, 39.183353424000074 ], [ -107.031478881999988, 39.154312134000065 ], [ -107.038963317999958, 39.06475067100007 ], [ -107.070602416999975, 39.110019684000065 ], [ -107.170410155999946, 39.112007141000049 ], [ -107.205627441, 39.083183289000033 ], [ -107.150382995999962, 38.970767975000058 ], [ -107.172058104999962, 38.955211639000026 ], [ -107.105888366999977, 38.972019196000076 ], [ -107.063600948999976, 38.933942785000056 ], [ -107.106750487999989, 38.936973572000056 ], [ -107.142276380999988, 38.810579453000059 ], [ -107.240295409999987, 38.802318573000036 ], [ -107.237136840999938, 38.756607056000064 ], [ -107.289520263999975, 38.805896759000063 ], [ -107.268470763999971, 38.755355835000046 ], [ -107.290428161999955, 38.722759247000056 ], [ -107.251449584999989, 38.732379913000045 ], [ -107.246055602999945, 38.71803665200008 ], [ -107.350631713999974, 38.718334198000036 ], [ -107.330139159999987, 38.750549316000047 ], [ -107.372833251999964, 38.785861969000052 ], [ -107.344947814999955, 38.798473358000081 ], [ -107.41480255099998, 38.787532806000058 ], [ -107.414634704999969, 38.824199677000024 ], [ -107.454071044999978, 38.809612274000074 ], [ -107.5, 38.886352539000029 ], [ -107.551834105999944, 38.886852264000026 ], [ -107.5, 38.917964935000043 ], [ -107.52153778099995, 38.948257446000071 ], [ -107.619810059999963, 38.909288744000037 ], [ -107.65647125199996, 38.968830109000066 ], [ -107.913276154999949, 38.992580734000057 ], [ -107.69020080599995, 39.011337280000077 ], [ -107.67867279099994, 38.973251343000072 ], [ -107.637756347999982, 38.969680786000026 ], [ -107.553520202999948, 39.021209717000033 ], [ -107.425987243999941, 38.971076965000066 ], [ -107.401351928999986, 38.990859985000043 ], [ -107.456733703999987, 39.045112610000047 ], [ -107.379516601999967, 39.058742523000035 ], [ -107.305870055999947, 39.014278412000067 ], [ -107.310501098999964, 39.123390198000038 ], [ -107.363876342999959, 39.155334473000039 ], [ -107.398750304999965, 39.232704163000051 ], [ -107.371871947999978, 39.269145966000053 ], [ -107.397071837999988, 39.334819794000055 ], [ -107.319236754999963, 39.381996155000024 ], [ -107.359527588, 39.459625244000051 ], [ -107.417053222999982, 39.416530609000063 ], [ -107.432991027999947, 39.496616364000033 ], [ -107.898956298999963, 39.668952942000033 ], [ -107.93186187699996, 39.731998444000055 ], [ -107.957260131999988, 39.966873169000053 ], [ -107.957672118999938, 40.034038544000055 ], [ -107.930282592999959, 40.138137817000029 ], [ -108.158386229999962, 40.35445022600004 ], [ -108.242233275999979, 40.370731354000043 ], [ -108.32196044899996, 40.344642639000028 ], [ -108.367858886999954, 40.181934357000046 ], [ -108.650932311999952, 40.190620422000052 ], [ -108.605407714999956, 40.144710541000052 ], [ -108.686447143999942, 39.980899811000029 ], [ -108.660003661999951, 39.800437927000075 ], [ -108.725303649999944, 39.797222137000063 ], [ -108.801872252999942, 39.725090027000078 ], [ -108.803947448999963, 39.818016052000075 ], [ -108.906326293999939, 39.862480164000033 ], [ -108.909767150999983, 40.080612183000028 ], [ -108.995319973999983, 40.161281023000072 ], [ -108.892425536999951, 40.077964783000027 ], [ -108.77456664999994, 40.069583893000072 ], [ -108.788986205999947, 40.005878448000033 ], [ -108.77880096399997, 39.992816925000056 ], [ -108.765785216999973, 40.071620941000049 ], [ -108.694038391, 40.107551575000059 ], [ -108.706993102999945, 40.150413513000046 ], [ -108.626823424999941, 40.163608551000038 ], [ -108.68629455599995, 40.167369843000074 ], [ -108.709075927999947, 40.154914856000062 ], [ -108.729721069, 40.11831283600003 ], [ -108.865188598999964, 40.211605072000054 ], [ -108.950538634999987, 40.20138931300005 ], [ -109.027328491, 40.232467651000036 ], [ -108.796348571999943, 40.249042511000027 ], [ -108.437149047999981, 40.200172424000073 ], [ -108.402435302999947, 40.362312317000033 ], [ -108.205917357999965, 40.399559021000073 ] ] ] } },
{ "type": "Feature", "properties": { }, "geometry": { "type": "Polygon", "coordinates": [ [ [ -108.906326293999939, 39.454238892000035 ], [ -108.801330566, 39.469596863000049 ], [ -108.781730651999965, 39.540748596000071 ], [ -108.722610473999964, 39.484443665000072 ], [ -108.67952728299997, 39.371334076000039 ], [ -108.607299804999968, 39.324855804000038 ], [ -108.570396422999977, 39.335720062000064 ], [ -108.518211364999956, 39.296440125000061 ], [ -108.254203795999956, 39.297245026000041 ], [ -108.171989440999937, 39.227031708000027 ], [ -108.059371947999978, 39.192085266000049 ], [ -108.266647338999974, 39.143604279000044 ], [ -108.272659301999965, 39.08747863800005 ], [ -108.230828220999967, 39.012146481000059 ], [ -108.255477904999964, 38.986579895000034 ], [ -108.327407836999953, 39.124809265000067 ], [ -108.412200927999947, 39.128253937000068 ], [ -108.584495544, 39.292762756000059 ], [ -108.780471801999965, 39.386722565000071 ], [ -108.744728087999988, 39.503337860000045 ], [ -108.787261963, 39.438369751000039 ], [ -108.835128783999949, 39.443592072000058 ], [ -108.853218078999987, 39.395664215000068 ], [ -108.960411071999943, 39.400154114000031 ], [ -108.96115875199996, 39.440967560000047 ], [ -109.020637511999951, 39.38088607800006 ], [ -109.032623291, 39.421859741000048 ], [ -109.057205199999942, 39.369785309000065 ], [ -109.172042846999943, 39.319320679000043 ], [ -109.189361571999939, 39.292881012000066 ], [ -109.164413451999962, 39.300079346000075 ], [ -109.123893738, 39.271099091000053 ], [ -109.071556091, 39.195129395000038 ], [ -109.155227660999969, 39.228507996000076 ], [ -109.189369201999966, 39.268909454000038 ], [ -109.107131957999968, 39.223934174000078 ], [ -109.160552978999988, 39.283897400000058 ], [ -109.269859313999973, 39.264019012000063 ], [ -109.300895690999937, 39.289592743000071 ], [ -109.272911071999943, 39.248748779000039 ], [ -109.294326781999985, 39.172798157000045 ], [ -109.384124755999949, 39.14411926300005 ], [ -109.442596435999974, 39.171005249000075 ], [ -109.447616576999962, 39.13987731900005 ], [ -109.413589477999949, 39.122402191000049 ], [ -109.442893981999987, 39.119464874000073 ], [ -109.41020965599995, 39.108764648000033 ], [ -109.45780181899994, 39.087051392000035 ], [ -109.437927245999958, 39.07826232900004 ], [ -109.617546082, 39.093662262000066 ], [ -109.57977294899996, 39.01405715900006 ], [ -109.692985535, 38.985652924000078 ], [ -109.744468688999973, 39.002124786000024 ], [ -109.806228638, 38.971225739000033 ], [ -109.855293273999962, 39.005954742000029 ], [ -109.935272216999977, 38.966762543000073 ], [ -110.038093566999976, 39.034751892000031 ], [ -110.012893676999965, 39.045803070000034 ], [ -110.084480285999973, 39.069480896000073 ], [ -110.050987243999941, 39.068187714000032 ], [ -110.05047607399996, 39.093078613000046 ], [ -110.109191894999981, 39.090301514000032 ], [ -110.093978881999988, 39.14106750500008 ], [ -110.112686156999985, 39.16270828200004 ], [ -110.104942321999943, 39.134658813000044 ], [ -110.164909363, 39.138668060000043 ], [ -110.129577636999954, 39.112064362000069 ], [ -110.158531188999973, 39.129962921000072 ], [ -110.169921874999943, 39.120594025000059 ], [ -110.218772888, 39.147644043000071 ], [ -110.248657226999967, 39.147422791000054 ], [ -110.219032287999937, 39.118862152000077 ], [ -110.122505188, 39.107715607000046 ], [ -110.212265014999957, 39.096427917000028 ], [ -110.236679076999962, 39.106525421000072 ], [ -110.257095336999953, 39.103679657000043 ], [ -110.194068908999952, 39.089164734000065 ], [ -110.220405578999987, 39.064174652000077 ], [ -110.198471069, 39.072639465000066 ], [ -110.17931366, 39.074527740000065 ], [ -110.208900451999966, 39.062683105000076 ], [ -110.238754271999937, 39.062011719000054 ], [ -110.308525084999985, 39.198730469000054 ], [ -110.281044005999945, 39.245223999000075 ], [ -110.274810791, 39.234687805000078 ], [ -110.259750366, 39.241127014000028 ], [ -110.260398864999956, 39.234352112000067 ], [ -110.250511169, 39.232658386000026 ], [ -110.240715026999965, 39.235744476000036 ], [ -110.298217772999976, 39.257465363000051 ], [ -110.31348573799994, 39.346122346000072 ], [ -110.271743773999958, 39.279720306000058 ], [ -110.139030457, 39.234821320000037 ], [ -110.118850707999968, 39.239685059000067 ], [ -110.157333373999961, 39.279315948000033 ], [ -110.120323180999947, 39.283081055000025 ], [ -110.139816283999949, 39.33327102700008 ], [ -110.036773681999989, 39.325435638000044 ], [ -110.03697204599996, 39.260372162000067 ], [ -109.975990294999974, 39.194423676000042 ], [ -110.045066832999964, 39.175743103000059 ], [ -110.039649962999988, 39.13195419300007 ], [ -109.940078734999986, 39.124832153000057 ], [ -109.955833434999988, 39.047481537000067 ], [ -109.856521605999944, 39.054405212000063 ], [ -109.799667357999965, 39.095218658000078 ], [ -109.682777404999968, 39.075237274000074 ], [ -109.65292358399995, 39.137382507000041 ], [ -109.500091552999947, 39.131259918000069 ], [ -109.50198364299996, 39.184200287000067 ], [ -109.397018432999971, 39.263412476000042 ], [ -109.388153075999981, 39.327293396000073 ], [ -109.317169188999969, 39.376174927000079 ], [ -109.282287597999982, 39.360076904000039 ], [ -109.041366576999962, 39.450756073000036 ], [ -108.940353393999942, 39.548900604000039 ], [ -108.906326293999939, 39.454238892000035 ] ], [ [ -108.383918761999951, 39.261013031000061 ], [ -108.373352050999983, 39.233810425000058 ], [ -108.297866820999957, 39.206920624000077 ], [ -108.328758239999956, 39.251590729000043 ], [ -108.383918761999951, 39.261013031000061 ] ] ] } },
{ "type": "Feature", "properties": { }, "geometry": { "type": "Polygon", "coordinates": [ [ [ -111.313400268999942, 39.675899506000064 ], [ -111.313316344999976, 39.635517120000031 ], [ -111.265571594, 39.601314545000037 ], [ -111.288307189999955, 39.522621155000024 ], [ -111.246109008999952, 39.516811371000074 ], [ -111.235069274999944, 39.586357117000034 ], [ -111.189460753999981, 39.545989990000066 ], [ -111.198181151999961, 39.46924591100003 ], [ -111.147552489999953, 39.355876923000039 ], [ -111.190856933999953, 39.330329895000034 ], [ -111.235923766999974, 39.389595032000045 ], [ -111.22785949699994, 39.317443848000039 ], [ -111.25498199499998, 39.277793884000062 ], [ -111.205833434999988, 39.239562988000046 ], [ -111.274932860999968, 39.207744598000033 ], [ -111.266090392999956, 38.979961395000032 ], [ -111.310226439999951, 38.974102020000032 ], [ -111.295639038, 39.045509338000045 ], [ -111.411247252999942, 39.069568634000063 ], [ -111.446838378999985, 39.042606354000043 ], [ -111.391166686999952, 39.006057739000028 ], [ -111.437332152999943, 38.958106995000037 ], [ -111.515876769999977, 38.955963135000047 ], [ -111.522766050999962, 38.891769358000033 ], [ -111.521507263, 38.982387543000073 ], [ -111.474845885999969, 38.999599457000045 ], [ -111.496063231999983, 39.089599609000061 ], [ -111.462440490999938, 39.094387054000038 ], [ -111.446853638, 39.143283844000052 ], [ -111.451301574999945, 39.333713531000058 ], [ -111.319992064999951, 39.456577301000038 ], [ -111.300926207999964, 39.510662079000042 ], [ -111.328918456999986, 39.639953613000046 ], [ -111.313400268999942, 39.675899506000064 ] ] ] } },
{ "type": "Feature", "properties": { }, "geometry": { "type": "Polygon", "coordinates": [ [ [ -109.690101623999965, 40.53083038300008 ], [ -109.670211791999975, 40.480834961000028 ], [ -109.633300780999946, 40.460227966000048 ], [ -109.640907287999937, 40.491535187000068 ], [ -109.608276366999974, 40.475128174000076 ], [ -109.629013061999956, 40.470771790000072 ], [ -109.615608214999952, 40.445133209000062 ], [ -109.562217711999949, 40.427661896000075 ], [ -109.594856261999951, 40.421970367000029 ], [ -109.541587829999969, 40.421752930000025 ], [ -109.511306763, 40.359039307000046 ], [ -109.444282531999988, 40.382205963000047 ], [ -109.495880126999964, 40.419765472000051 ], [ -109.466484069999979, 40.421672821000072 ], [ -109.497489928999983, 40.459526062000066 ], [ -109.454505919999974, 40.413101196000071 ], [ -109.430198669, 40.367614746000072 ], [ -109.436447143999942, 40.358253479000041 ], [ -109.39225006099997, 40.351879120000035 ], [ -109.404884337999988, 40.310886383000025 ], [ -109.332710266, 40.335044861000029 ], [ -109.33263397199994, 40.369354248000036 ], [ -109.322433471999943, 40.377487183000028 ], [ -109.307609557999967, 40.376457214000027 ], [ -109.330535888999975, 40.367900848000033 ], [ -109.298103332999972, 40.330722809000065 ], [ -109.138008117999959, 40.279663086000028 ], [ -109.112408080999955, 40.245340916000032 ], [ -109.481231688999969, 40.314807892000033 ], [ -109.770667657, 40.512766431000045 ], [ -109.690101623999965, 40.53083038300008 ] ] ] } },
{ "type": "Feature", "properties": { }, "geometry": { "type": "Polygon", "coordinates": [ [ [ -108.297866820999957, 39.206920624000077 ], [ -108.373352050999983, 39.233810425000058 ], [ -108.383918761999951, 39.261013031000061 ], [ -108.328758239999956, 39.251590729000043 ], [ -108.297866820999957, 39.206920624000077 ] ] ] } },
{ "type": "Feature", "properties": { }, "geometry": { "type": "Polygon", "coordinates": [ [ [ -111.335128783999949, 40.237903595000034 ], [ -111.371963500999982, 40.200649261000081 ], [ -111.418692051999983, 40.177511137000067 ], [ -111.357047670999975, 40.265466596000067 ], [ -111.335128783999949, 40.237903595000034 ] ] ] } },
{ "type": "Feature", "properties": { }, "geometry": { "type": "Polygon", "coordinates": [ [ [ -110.482832557999984, 39.648883488000024 ], [ -110.403869628999985, 39.603225708000025 ], [ -110.373947143999942, 39.563316345000032 ], [ -110.390998839999952, 39.558601379000038 ], [ -110.482832557999984, 39.648883488000024 ] ] ] } },
{ "type": "Feature", "properties": { }, "geometry": { "type": "Polygon", "coordinates": [ [ [ -109.07775116, 40.285667419000049 ], [ -109.050262450999981, 40.25990295400004 ], [ -109.050159707999967, 40.217393185000049 ], [ -109.080841063999969, 40.272705078000058 ], [ -109.136741638, 40.287017822000053 ], [ -109.07775116, 40.285667419000049 ] ] ] } },
{ "type": "Feature", "properties": { }, "geometry": { "type": "Polygon", "coordinates": [ [ [ -109.848777770999959, 40.533729553000057 ], [ -109.800949096999943, 40.528160095000032 ], [ -109.781846134999967, 40.511853258000031 ], [ -109.822052001999964, 40.506027222000057 ], [ -109.848777770999959, 40.533729553000057 ] ] ] } },
{ "type": "Feature", "properties": { }, "geometry": { "type": "Polygon", "coordinates": [ [ [ -111.167366027999947, 40.394878387000063 ], [ -111.121131896999941, 40.334823608000079 ], [ -111.167648314999951, 40.377937317000033 ], [ -111.167366027999947, 40.394878387000063 ] ] ] } },
{ "type": "Feature", "properties": { }, "geometry": { "type": "Polygon", "coordinates": [ [ [ -110.382019042999957, 39.490184784000064 ], [ -110.362228393999942, 39.457550049000076 ], [ -110.367797851999967, 39.455646515000069 ], [ -110.382019042999957, 39.490184784000064 ] ] ] } },
{ "type": "Feature", "properties": { }, "geometry": { "type": "Polygon", "coordinates": [ [ [ -110.320176018999973, 40.535180952000076 ], [ -110.345657348999964, 40.513820648000035 ], [ -110.36001826599994, 40.526199271000053 ], [ -110.320176018999973, 40.535180952000076 ] ] ] } },
{ "type": "Feature", "properties": { }, "geometry": { "type": "Polygon", "coordinates": [ [ [ -109.902435288, 40.541551299000048 ], [ -109.920120238999971, 40.532855988000051 ], [ -109.942566214999943, 40.546010012000067 ], [ -109.902435288, 40.541551299000048 ] ] ] } },
{ "type": "Feature", "properties": { }, "geometry": { "type": "Polygon", "coordinates": [ [ [ -110.509490966999977, 39.652835846000073 ], [ -110.49429076499996, 39.656723520000071 ], [ -110.494453429999965, 39.653369904000044 ], [ -110.509490966999977, 39.652835846000073 ] ] ] } },
{ "type": "Feature", "properties": { }, "geometry": { "type": "Polygon", "coordinates": [ [ [ -110.350799560999974, 39.437232971000071 ], [ -110.361495971999943, 39.439971924000076 ], [ -110.360434995, 39.452621242000077 ], [ -110.350799560999974, 39.437232971000071 ] ] ] } },
{ "type": "Feature", "properties": { }, "geometry": { "type": "Polygon", "coordinates": [ [ [ -110.37681579599996, 39.556545258000028 ], [ -110.36807251, 39.547252655000079 ], [ -110.375305175999983, 39.537937164000027 ], [ -110.37681579599996, 39.556545258000028 ] ] ] } },
{ "type": "Feature", "properties": { }, "geometry": { "type": "Polygon", "coordinates": [ [ [ -111.217247008999948, 40.296611786000028 ], [ -111.207734803, 40.297139936000065 ], [ -111.237332595999987, 40.289185030000056 ], [ -111.217247008999948, 40.296611786000028 ] ] ] } },
{ "type": "Feature", "properties": { }, "geometry": { "type": "Polygon", "coordinates": [ [ [ -110.944862365999938, 40.404735565000067 ], [ -110.917899764999959, 40.396770093000043 ], [ -110.961265563999973, 40.404079437000064 ], [ -110.944862365999938, 40.404735565000067 ] ] ] } },
{ "type": "Feature", "properties": { }, "geometry": { "type": "Polygon", "coordinates": [ [ [ -111.407302468999944, 40.180516520000026 ], [ -111.414749145999963, 40.168788910000046 ], [ -111.419731139999953, 40.176143646000071 ], [ -111.407302468999944, 40.180516520000026 ] ] ] } },
{ "type": "Feature", "properties": { }, "geometry": { "type": "Polygon", "coordinates": [ [ [ -110.343223571999943, 39.423336029000041 ], [ -110.341585039999984, 39.417888682000068 ], [ -110.34644317599998, 39.421310425000058 ], [ -110.343223571999943, 39.423336029000041 ] ] ] } },
{ "type": "Feature", "properties": { }, "geometry": { "type": "Polygon", "coordinates": [ [ [ -110.838851928999986, 40.400531769000054 ], [ -110.813040352999963, 40.400592456000027 ], [ -110.841273078999961, 40.400193635000051 ], [ -110.838851928999986, 40.400531769000054 ] ] ] } },
{ "type": "Feature", "properties": { }, "geometry": { "type": "Polygon", "coordinates": [ [ [ -110.491152542999941, 39.654729579000048 ], [ -110.48546850699995, 39.650735654000073 ], [ -110.489952086999949, 39.650951385000042 ], [ -110.491152542999941, 39.654729579000048 ] ] ] } },
{ "type": "Feature", "properties": { }, "geometry": { "type": "Polygon", "coordinates": [ [ [ -110.37338501399995, 39.511165297000048 ], [ -110.370719990999987, 39.50612129600006 ], [ -110.374450683999953, 39.508312225000054 ], [ -110.37338501399995, 39.511165297000048 ] ] ] } },
{ "type": "Feature", "properties": { }, "geometry": { "type": "Polygon", "coordinates": [ [ [ -110.315116881999984, 39.348873138000044 ], [ -110.313528001999941, 39.346193622000044 ], [ -110.315040587999988, 39.346408844000052 ], [ -110.315116881999984, 39.348873138000044 ] ] ] } },
{ "type": "Feature", "properties": { }, "geometry": { "type": "Polygon", "coordinates": [ [ [ -110.566215208999949, 40.442292102000067 ], [ -110.556009328999949, 40.44237333500007 ], [ -110.559066771999937, 40.442241669000055 ], [ -110.566215208999949, 40.442292102000067 ] ] ] } },
{ "type": "Feature", "properties": { }, "geometry": { "type": "Polygon", "coordinates": [ [ [ -110.875549316, 40.395957947000056 ], [ -110.878869161999944, 40.39577900200004 ], [ -110.875112343999945, 40.396025657000052 ], [ -110.875549316, 40.395957947000056 ] ] ] } },
{ "type": "Feature", "properties": { }, "geometry": { "type": "Polygon", "coordinates": [ [ [ -110.374915257999987, 39.529484683000078 ], [ -110.375159115999963, 39.528513730000043 ], [ -110.375213622999979, 39.528869629000042 ], [ -110.374915257999987, 39.529484683000078 ] ] ] } },
{ "type": "Feature", "properties": { }, "geometry": { "type": "Polygon", "coordinates": [ [ [ -108.188636779999968, 38.99053192100007 ], [ -108.144126891999974, 38.890544891000047 ], [ -107.86100006099997, 38.997806549000074 ], [ -107.65647125199996, 38.968830109000066 ], [ -107.619810059999963, 38.909288744000037 ], [ -107.688446044999978, 38.87984085100004 ], [ -107.81624603299997, 38.93585205100004 ], [ -107.99543762199994, 38.927719116000048 ], [ -108.168823241999974, 38.870254517000035 ], [ -108.25309545999994, 38.986339106000059 ], [ -108.230828220999967, 39.012146481000059 ], [ -108.188636779999968, 38.99053192100007 ] ] ] } },
{ "type": "Feature", "properties": { }, "geometry": { "type": "Polygon", "coordinates": [ [ [ -108.091072082999972, 38.939388275000056 ], [ -108.000297545999956, 38.976726532000043 ], [ -107.913276154999949, 38.992580734000057 ], [ -108.144126891999974, 38.890544891000047 ], [ -108.180183410999973, 38.926631927000074 ], [ -108.179336547999981, 38.98024749800004 ], [ -108.230828220999967, 39.012146481000059 ], [ -108.180160521999937, 39.037837982000042 ], [ -108.091072082999972, 38.939388275000056 ] ] ] } },
{ "type": "Feature", "properties": { }, "geometry": { "type": "Polygon", "coordinates": [ [ [ -107.068321227999945, 38.934902191000049 ], [ -107.049621581999986, 38.915485382000043 ], [ -107.080604552999944, 38.933551788000045 ], [ -107.09895324699994, 38.929347992000032 ], [ -107.008979796999938, 38.895160675000056 ], [ -106.938644147, 38.792517720000035 ], [ -107.073776244999976, 38.75044250500008 ], [ -107.089378356999987, 38.823581696000076 ], [ -107.142276380999988, 38.810579453000059 ], [ -107.106750487999989, 38.936973572000056 ], [ -107.068321227999945, 38.934902191000049 ] ] ] } },
{ "type": "Feature", "properties": { }, "geometry": { "type": "Polygon", "coordinates": [ [ [ -106.934898375999978, 38.78570175200008 ], [ -106.944496154999968, 38.759616852000079 ], [ -106.923782348999964, 38.761146545000031 ], [ -106.917488097999978, 38.750961304000043 ], [ -106.950248717999955, 38.736572266000053 ], [ -107.071708678999983, 38.736343384000065 ], [ -107.051864623999961, 38.71107482900004 ], [ -107.058563231999983, 38.698581696000076 ], [ -107.099159240999938, 38.732116699000073 ], [ -106.934898375999978, 38.78570175200008 ] ] ] } },
{ "type": "Feature", "properties": { }, "geometry": { "type": "Polygon", "coordinates": [ [ [ -108.201820373999965, 38.901332855000078 ], [ -108.226707457999964, 38.940216064000026 ], [ -108.213968306999959, 38.958683464000046 ], [ -108.204399108999951, 38.945987701000035 ], [ -108.201820373999965, 38.901332855000078 ] ] ] } },
{ "type": "Feature", "properties": { }, "geometry": { "type": "Polygon", "coordinates": [ [ [ -122.208557128999985, 48.902984619000051 ], [ -122.152778624999939, 48.912456512000063 ], [ -122.120300292999957, 48.874168396000073 ], [ -122.032653808999953, 48.930728912000063 ], [ -121.924949645999959, 48.908058167000036 ], [ -121.964561461999949, 48.832862854000041 ], [ -122.157981872999983, 48.775077820000035 ], [ -122.33667755099998, 48.651725769000052 ], [ -122.424896239999953, 48.662513733000026 ], [ -122.45529937699996, 48.623886108000079 ], [ -122.513633727999945, 48.665283203000058 ], [ -122.490768432999971, 48.676235199000075 ], [ -122.519233703999987, 48.71371460000006 ], [ -122.485427855999944, 48.746547699000075 ], [ -122.572959899999944, 48.794048309000061 ], [ -122.548629760999972, 48.851688385000045 ], [ -122.395446776999961, 48.892257690000065 ], [ -122.239807128999985, 48.835308075000057 ], [ -122.285423278999986, 48.90674591100003 ], [ -122.238731383999948, 48.969131470000036 ], [ -122.20584869399994, 48.949157715000069 ], [ -122.208557128999985, 48.902984619000051 ] ] ] } },
{ "type": "Feature", "properties": { }, "geometry": { "type": "Polygon", "coordinates": [ [ [ -122.155509948999963, 48.505298615000072 ], [ -122.207649230999948, 48.546569824000073 ], [ -122.20387268099995, 48.558189392000031 ], [ -122.170227050999983, 48.550537109000061 ], [ -122.155509948999963, 48.505298615000072 ] ] ] } },
{ "type": "Feature", "properties": { }, "geometry": { "type": "Polygon", "coordinates": [ [ [ -121.902046203999987, 47.451610565000067 ], [ -121.943161010999972, 47.473030090000066 ], [ -121.931663513, 47.503578186000027 ], [ -121.882232666, 47.475948334000066 ], [ -121.902046203999987, 47.451610565000067 ] ] ] } },
{ "type": "Feature", "properties": { }, "geometry": { "type": "Polygon", "coordinates": [ [ [ -122.171043395999959, 47.477668762000064 ], [ -122.159797667999953, 47.436241150000058 ], [ -122.221336364999956, 47.392101288000049 ], [ -122.226478576999966, 47.444522858000028 ], [ -122.171043395999959, 47.477668762000064 ] ] ] } },
{ "type": "Feature", "properties": { }, "geometry": { "type": "Polygon", "coordinates": [ [ [ -121.947563170999956, 46.927356720000034 ], [ -122.00074768099995, 46.95023345900006 ], [ -122.05383300799997, 47.04665374800004 ], [ -122.054237365999938, 47.134265900000059 ], [ -122.006141663, 47.138683319000052 ], [ -121.906372069999975, 47.03353118900003 ], [ -121.947563170999956, 46.927356720000034 ] ] ] } },
{ "type": "Feature", "properties": { }, "geometry": { "type": "Polygon", "coordinates": [ [ [ -121.938919066999972, 46.840690613000049 ], [ -121.893920897999976, 46.715595245000031 ], [ -121.995063781999988, 46.715244293000069 ], [ -121.951522826999962, 46.734115601000042 ], [ -122.044540404999964, 46.766025543000069 ], [ -122.041893004999963, 46.856979370000033 ], [ -121.938919066999972, 46.840690613000049 ] ] ] } },
{ "type": "Feature", "properties": { }, "geometry": { "type": "Polygon", "coordinates": [ [ [ -121.462348938, 46.670635223000033 ], [ -121.496047973999964, 46.750133514000026 ], [ -121.399497985999972, 46.770938873000034 ], [ -121.392982482999969, 46.754501343000072 ], [ -121.462348938, 46.670635223000033 ] ] ] } },
{ "type": "Feature", "properties": { }, "geometry": { "type": "Polygon", "coordinates": [ [ [ -123.122543334999989, 45.807048798000039 ], [ -123.142013549999945, 45.822269440000071 ], [ -123.051376342999959, 45.924041748000036 ], [ -122.97395324699994, 45.942840576000037 ], [ -123.035911559999988, 45.854351044000055 ], [ -123.122543334999989, 45.807048798000039 ] ] ] } },
{ "type": "Feature", "properties": { }, "geometry": { "type": "Polygon", "coordinates": [ [ [ -123.88443756099997, 45.764072418000069 ], [ -123.877616881999984, 45.73723220800008 ], [ -123.903297423999959, 45.747177124000075 ], [ -123.88443756099997, 45.764072418000069 ] ] ] } },
{ "type": "Feature", "properties": { }, "geometry": { "type": "Polygon", "coordinates": [ [ [ -122.774772644, 44.919593811000027 ], [ -122.830566405999946, 44.899318695000034 ], [ -122.843101500999978, 44.913410187000068 ], [ -122.774772644, 44.919593811000027 ] ] ] } },
{ "type": "Feature", "properties": { }, "geometry": { "type": "Polygon", "coordinates": [ [ [ -123.146408080999947, 43.750041962000068 ], [ -123.187156676999962, 43.731620789000033 ], [ -123.193801879999967, 43.747856140000067 ], [ -123.146408080999947, 43.750041962000068 ] ] ] } },
{ "type": "Feature", "properties": { }, "geometry": { "type": "Polygon", "coordinates": [ [ [ -123.02808380099998, 43.208831787000065 ], [ -123.048149108999951, 43.221794128000056 ], [ -123.049026488999971, 43.242527008000025 ], [ -123.015838622999979, 43.237129211000081 ], [ -123.02808380099998, 43.208831787000065 ] ] ] } },
{ "type": "Feature", "properties": { }, "geometry": { "type": "Polygon", "coordinates": [ [ [ -123.459648131999984, 43.162727356000062 ], [ -123.465553283999952, 43.179073334000066 ], [ -123.437187194999979, 43.179077148000033 ], [ -123.459648131999984, 43.162727356000062 ] ] ] } },
{ "type": "Feature", "properties": { }, "geometry": { "type": "Polygon", "coordinates": [ [ [ -123.667053222999982, 42.997612 ], [ -123.694747924999945, 43.084400177000077 ], [ -123.65113067599998, 43.100261688000046 ], [ -123.62345886199995, 43.029769897000051 ], [ -123.667053222999982, 42.997612 ] ] ] } },
{ "type": "Feature", "properties": { }, "geometry": { "type": "Polygon", "coordinates": [ [ [ -124.10301971399997, 42.819358826000041 ], [ -124.190048217999959, 42.814086914000029 ], [ -124.18469238299997, 42.866466522000053 ], [ -124.166442870999958, 42.871765137000068 ], [ -124.10301971399997, 42.819358826000041 ] ] ] } },
{ "type": "Feature", "properties": { }, "geometry": { "type": "Polygon", "coordinates": [ [ [ -124.047599791999971, 42.727909088000047 ], [ -124.060653686999956, 42.788276672000052 ], [ -123.999076842999955, 42.805229187000066 ], [ -123.982521056999985, 42.75137329100005 ], [ -124.047599791999971, 42.727909088000047 ] ] ] } },
{ "type": "Feature", "properties": { }, "geometry": { "type": "Polygon", "coordinates": [ [ [ -122.525329589999956, 41.814189911000028 ], [ -122.575920104999966, 41.886539459000062 ], [ -122.614311217999955, 42.077583313000048 ], [ -122.863327025999979, 42.274566650000054 ], [ -123.010383605999948, 42.480190277000077 ], [ -123.03185272199994, 42.582393646000071 ], [ -122.934967041, 42.567001343000072 ], [ -122.714736937999987, 42.295150757000044 ], [ -122.555358886999954, 42.168094635000045 ], [ -122.483421325999984, 41.894527435000043 ], [ -122.49648284899996, 41.81637573200004 ], [ -122.525329589999956, 41.814189911000028 ] ] ] } },
{ "type": "Feature", "properties": { }, "geometry": { "type": "Polygon", "coordinates": [ [ [ -117.833190917999957, 38.035705566000047 ], [ -117.856628417999957, 38.036796570000035 ], [ -117.888046264999957, 38.063518524000074 ], [ -117.865386963, 38.070915222000053 ], [ -117.833190917999957, 38.035705566000047 ] ] ] } },
{ "type": "Feature", "properties": { }, "geometry": { "type": "Polygon", "coordinates": [ [ [ -120.647621154999968, 36.438385010000047 ], [ -120.694450377999942, 36.45279312100007 ], [ -120.608276366999974, 36.459747314000026 ], [ -120.647621154999968, 36.438385010000047 ] ] ] } },
{ "type": "Feature", "properties": { }, "geometry": { "type": "Polygon", "coordinates": [ [ [ -120.385360717999959, 36.138019562000068 ], [ -120.398628235, 36.178092957000047 ], [ -120.299377441, 36.280605316000049 ], [ -120.30509948699995, 36.218654633000028 ], [ -120.385360717999959, 36.138019562000068 ] ] ] } },
{ "type": "Feature", "properties": { }, "geometry": { "type": "Polygon", "coordinates": [ [ [ -120.609336852999945, 36.173042297000052 ], [ -120.628723144999981, 36.186279297000056 ], [ -120.647323607999965, 36.227851868000073 ], [ -120.611091613999974, 36.218761444000052 ], [ -120.609336852999945, 36.173042297000052 ] ] ] } },
{ "type": "Feature", "properties": { }, "geometry": { "type": "Polygon", "coordinates": [ [ [ -120.478416442999958, 35.989917755000079 ], [ -120.542381286999955, 36.044075012000064 ], [ -120.554336547999981, 36.079959869000049 ], [ -120.452346801999965, 36.028057098000033 ], [ -120.442237853999984, 36.003372192000029 ], [ -120.478416442999958, 35.989917755000079 ] ] ] } },
{ "type": "Feature", "properties": { }, "geometry": { "type": "Polygon", "coordinates": [ [ [ -121.927436828999987, 48.832298279000042 ], [ -121.964561461999949, 48.832862854000041 ], [ -121.924949645999959, 48.908058167000036 ], [ -121.892227172999981, 48.885662079000042 ], [ -121.927436828999987, 48.832298279000042 ] ] ] } },
{ "type": "Feature", "properties": { }, "geometry": { "type": "Polygon", "coordinates": [ [ [ -121.927352904999964, 48.395023346000073 ], [ -121.975082397, 48.425632477000079 ], [ -121.995086669999978, 48.483470917000034 ], [ -121.898368834999985, 48.416305542000032 ], [ -121.927352904999964, 48.395023346000073 ] ] ] } },
{ "type": "Feature", "properties": { }, "geometry": { "type": "Polygon", "coordinates": [ [ [ -122.132369994999976, 48.358360291000054 ], [ -122.178619385, 48.281497955000077 ], [ -122.287101745999962, 48.320659637000063 ], [ -122.171150207999972, 48.400188446000072 ], [ -122.132369994999976, 48.358360291000054 ] ] ] } },
{ "type": "Feature", "properties": { }, "geometry": { "type": "Polygon", "coordinates": [ [ [ -121.843223571999943, 48.321884155000077 ], [ -121.873832702999948, 48.333396912000069 ], [ -121.885688781999988, 48.356712341000048 ], [ -121.849952697999981, 48.351913452000076 ], [ -121.843223571999943, 48.321884155000077 ] ] ] } },
{ "type": "Feature", "properties": { }, "geometry": { "type": "Polygon", "coordinates": [ [ [ -122.08206176799996, 47.534717560000047 ], [ -121.953781127999946, 47.560829163000051 ], [ -121.925033569, 47.550300598000035 ], [ -122.056121825999981, 47.504837036000026 ], [ -122.156227111999954, 47.584384918000069 ], [ -122.08206176799996, 47.534717560000047 ] ] ] } },
{ "type": "Feature", "properties": { }, "geometry": { "type": "Polygon", "coordinates": [ [ [ -121.871932982999965, 47.521347046000074 ], [ -121.920753478999984, 47.533042908000027 ], [ -121.911186217999955, 47.543384552000077 ], [ -121.871932982999965, 47.521347046000074 ] ] ] } },
{ "type": "Feature", "properties": { }, "geometry": { "type": "Polygon", "coordinates": [ [ [ -122.069679259999987, 47.410568237000064 ], [ -122.080039977999945, 47.463439941000047 ], [ -122.170883178999986, 47.529258728000059 ], [ -122.050636291999979, 47.482330322000053 ], [ -122.038467406999985, 47.438678741000047 ], [ -122.069679259999987, 47.410568237000064 ] ] ] } },
{ "type": "Feature", "properties": { }, "geometry": { "type": "Polygon", "coordinates": [ [ [ -121.844802855999944, 47.431186676000038 ], [ -121.882080077999944, 47.436782837000067 ], [ -121.905258178999986, 47.447662354000045 ], [ -121.882232666, 47.475948334000066 ], [ -121.844802855999944, 47.431186676000038 ] ] ] } },
{ "type": "Feature", "properties": { }, "geometry": { "type": "Polygon", "coordinates": [ [ [ -121.924263, 47.419944763000046 ], [ -121.992416381999988, 47.418148041000052 ], [ -121.935432433999949, 47.436843872000054 ], [ -121.924263, 47.419944763000046 ] ] ] } },
{ "type": "Feature", "properties": { }, "geometry": { "type": "Polygon", "coordinates": [ [ [ -120.321701049999945, 47.353584290000072 ], [ -120.350891112999989, 47.37005233800005 ], [ -120.34380340599995, 47.387435913000047 ], [ -120.320121764999953, 47.380538940000065 ], [ -120.321701049999945, 47.353584290000072 ] ] ] } },
{ "type": "Feature", "properties": { }, "geometry": { "type": "Polygon", "coordinates": [ [ [ -121.990882873999965, 47.247016907000045 ], [ -121.992118834999985, 47.287162781000063 ], [ -121.938262938999969, 47.326412201000039 ], [ -121.956329345999961, 47.340991974000076 ], [ -121.882011413999976, 47.356655121000074 ], [ -121.860603332999972, 47.335010529000044 ], [ -121.851417541999979, 47.275119781000058 ], [ -121.990882873999965, 47.247016907000045 ] ] ] } },
{ "type": "Feature", "properties": { }, "geometry": { "type": "Polygon", "coordinates": [ [ [ -121.963516234999986, 47.351520538000045 ], [ -121.948196410999969, 47.306068420000031 ], [ -121.992118834999985, 47.287162781000063 ], [ -122.003921508999952, 47.240776062000066 ], [ -122.052749633999952, 47.230983734000063 ], [ -122.053207397, 47.335613251000041 ], [ -121.963516234999986, 47.351520538000045 ] ] ] } },
{ "type": "Feature", "properties": { }, "geometry": { "type": "Polygon", "coordinates": [ [ [ -120.903572082999972, 47.17531204200003 ], [ -121.032356261999951, 47.212985992000029 ], [ -121.032089232999965, 47.232284546000074 ], [ -121.007301330999951, 47.244922638000048 ], [ -120.903572082999972, 47.17531204200003 ] ] ] } },
{ "type": "Feature", "properties": { }, "geometry": { "type": "Polygon", "coordinates": [ [ [ -121.890930175999983, 47.224178314000028 ], [ -121.932891845999961, 47.207424164000031 ], [ -121.968292235999968, 47.205703735000043 ], [ -121.939262389999953, 47.235023499000079 ], [ -121.890930175999983, 47.224178314000028 ] ] ] } },
{ "type": "Feature", "properties": { }, "geometry": { "type": "Polygon", "coordinates": [ [ [ -120.823081969999976, 47.119770050000056 ], [ -120.851348876999964, 47.104869843000074 ], [ -120.859016417999953, 47.120002747000058 ], [ -120.823081969999976, 47.119770050000056 ] ] ] } },
{ "type": "Feature", "properties": { }, "geometry": { "type": "Polygon", "coordinates": [ [ [ -120.943283080999947, 47.109161377000078 ], [ -120.957489013999975, 47.083034515000065 ], [ -120.984970092999959, 47.12128830000006 ], [ -120.943283080999947, 47.109161377000078 ] ] ] } },
{ "type": "Feature", "properties": { }, "geometry": { "type": "Polygon", "coordinates": [ [ [ -120.958633422999981, 47.015823364000028 ], [ -120.971122741999977, 46.999877930000025 ], [ -120.996932982999965, 47.02321624800004 ], [ -120.958633422999981, 47.015823364000028 ] ] ] } },
{ "type": "Feature", "properties": { }, "geometry": { "type": "Polygon", "coordinates": [ [ [ -122.611328124999943, 46.643959045000031 ], [ -122.531806945999961, 46.673805237000067 ], [ -122.520683288999976, 46.626605988000051 ], [ -122.437149047999981, 46.621463776000041 ], [ -122.501708983999947, 46.595344543000067 ], [ -122.636482238999974, 46.622100830000079 ], [ -122.743949889999953, 46.683254242000032 ], [ -122.926200866999977, 46.724456787000065 ], [ -122.922431945999961, 46.781288147000055 ], [ -122.861457824999945, 46.81051635700004 ], [ -122.871726989999956, 46.873134613000047 ], [ -122.824897766, 46.885272980000082 ], [ -122.788398742999959, 46.844116211000028 ], [ -122.633422851999967, 46.796276093000074 ], [ -122.72232818599997, 46.715023041000052 ], [ -122.611328124999943, 46.643959045000031 ] ] ] } },
{ "type": "Feature", "properties": { }, "geometry": { "type": "Polygon", "coordinates": [ [ [ -122.825462341, 46.667694092000033 ], [ -123.067596435999974, 46.650222778000057 ], [ -123.132972716999973, 46.681571960000042 ], [ -123.051269530999946, 46.732662201000039 ], [ -122.854690551999965, 46.699337006000064 ], [ -122.825462341, 46.667694092000033 ] ] ] } },
{ "type": "Feature", "properties": { }, "geometry": { "type": "Polygon", "coordinates": [ [ [ -123.723876952999944, 46.641899109000065 ], [ -123.785346985, 46.662014008000028 ], [ -123.660316466999973, 46.687377930000025 ], [ -123.671127319, 46.66455841100003 ], [ -123.723876952999944, 46.641899109000065 ] ] ] } },
{ "type": "Feature", "properties": { }, "geometry": { "type": "Polygon", "coordinates": [ [ [ -122.25227356, 46.680027008000081 ], [ -122.158721923999963, 46.668212891000053 ], [ -122.190116881999984, 46.56546783400006 ], [ -122.155311583999946, 46.508243561000029 ], [ -122.298553466999977, 46.574146271000075 ], [ -122.25227356, 46.680027008000081 ] ] ] } },
{ "type": "Feature", "properties": { }, "geometry": { "type": "Polygon", "coordinates": [ [ [ -122.638931273999958, 46.41365051300005 ], [ -122.683273314999951, 46.416576385000042 ], [ -122.69745636, 46.441604614000028 ], [ -122.638931273999958, 46.41365051300005 ] ] ] } },
{ "type": "Feature", "properties": { }, "geometry": { "type": "Polygon", "coordinates": [ [ [ -122.924491881999984, 46.405410767000035 ], [ -122.990173339999956, 46.401611328000058 ], [ -122.998916625999982, 46.434593201000041 ], [ -122.974792479999962, 46.445209503000058 ], [ -122.924491881999984, 46.405410767000035 ] ] ] } },
{ "type": "Feature", "properties": { }, "geometry": { "type": "Polygon", "coordinates": [ [ [ -122.744506835999971, 46.361080170000037 ], [ -122.78163909899996, 46.369876862000069 ], [ -122.777473449999945, 46.384040833000029 ], [ -122.744506835999971, 46.361080170000037 ] ] ] } },
{ "type": "Feature", "properties": { }, "geometry": { "type": "Polygon", "coordinates": [ [ [ -123.013229369999976, 46.309902191000049 ], [ -122.844963073999963, 46.320388794000053 ], [ -122.862968444999979, 46.212108612000065 ], [ -122.831298827999944, 46.136989594000056 ], [ -122.864753722999978, 46.149887085000046 ], [ -122.908912658999952, 46.249721527000077 ], [ -123.003540038999972, 46.251388550000058 ], [ -123.013229369999976, 46.309902191000049 ] ] ] } },
{ "type": "Feature", "properties": { }, "geometry": { "type": "Polygon", "coordinates": [ [ [ -119.226242064999951, 45.145664215000068 ], [ -119.334808349999946, 45.146987915000068 ], [ -119.212226867999959, 45.159278870000037 ], [ -119.226242064999951, 45.145664215000068 ] ] ] } },
{ "type": "Feature", "properties": { }, "geometry": { "type": "Polygon", "coordinates": [ [ [ -122.507850646999941, 45.037467957000047 ], [ -122.539649962999988, 45.035629272000051 ], [ -122.558021544999974, 45.042919159000064 ], [ -122.508476256999984, 45.067203522000057 ], [ -122.507850646999941, 45.037467957000047 ] ] ] } },
{ "type": "Feature", "properties": { }, "geometry": { "type": "Polygon", "coordinates": [ [ [ -123.913780211999949, 44.632366180000076 ], [ -123.949012755999945, 44.662517548000039 ], [ -123.914070128999981, 44.708667755000079 ], [ -123.884590148999962, 44.672096252000074 ], [ -123.913780211999949, 44.632366180000076 ] ] ] } },
{ "type": "Feature", "properties": { }, "geometry": { "type": "Polygon", "coordinates": [ [ [ -119.276367188, 44.427360535000048 ], [ -119.377189635999969, 44.444042206000063 ], [ -119.425559997999983, 44.479492187000062 ], [ -119.307083129999967, 44.468917847000057 ], [ -119.276367188, 44.427360535000048 ] ] ] } },
{ "type": "Feature", "properties": { }, "geometry": { "type": "Polygon", "coordinates": [ [ [ -124.234397888, 43.425266266000051 ], [ -124.208572388, 43.367706299000076 ], [ -124.175743102999945, 43.363731384000062 ], [ -124.171829223999964, 43.239147186000025 ], [ -124.218399047999981, 43.150482178000061 ], [ -124.293266295999956, 43.114021301000037 ], [ -124.352622985999972, 43.183605194000052 ], [ -124.359283446999939, 43.314018250000061 ], [ -124.322937011999954, 43.345073700000057 ], [ -124.33437347399996, 43.31764602700008 ], [ -124.305961608999951, 43.282501221000075 ], [ -124.318717957, 43.330852509000067 ], [ -124.285026549999941, 43.336833954000042 ], [ -124.316009520999955, 43.350055695000037 ], [ -124.234397888, 43.425266266000051 ] ] ] } },
{ "type": "Feature", "properties": { }, "geometry": { "type": "Polygon", "coordinates": [ [ [ -123.97640228299997, 42.550170898000033 ], [ -124.00321960399998, 42.542156219000049 ], [ -123.989158629999963, 42.576232910000044 ], [ -123.97640228299997, 42.550170898000033 ] ] ] } },
{ "type": "Feature", "properties": { }, "geometry": { "type": "Polygon", "coordinates": [ [ [ -123.194290160999969, 40.746696472000053 ], [ -123.221763610999972, 40.772079468000072 ], [ -123.201072692999958, 40.784667969000054 ], [ -123.178741454999965, 40.774394989000029 ], [ -123.194290160999969, 40.746696472000053 ] ] ] } },
{ "type": "Feature", "properties": { }, "geometry": { "type": "Polygon", "coordinates": [ [ [ -121.972290038999972, 40.701606750000053 ], [ -122.004753113, 40.75616455100004 ], [ -121.964317321999943, 40.773189545000037 ], [ -121.956787108999947, 40.752593994000051 ], [ -121.972290038999972, 40.701606750000053 ] ] ] } },
{ "type": "Feature", "properties": { }, "geometry": { "type": "Polygon", "coordinates": [ [ [ -122.814559936999956, 40.624710083000025 ], [ -122.859809874999939, 40.646541595000031 ], [ -122.851852416999975, 40.68736648600003 ], [ -122.816146850999985, 40.655815125000061 ], [ -122.814559936999956, 40.624710083000025 ] ] ] } },
{ "type": "Feature", "properties": { }, "geometry": { "type": "Polygon", "coordinates": [ [ [ -123.390007019, 40.60318374600007 ], [ -123.419212341, 40.629192352000075 ], [ -123.424713135, 40.678550720000032 ], [ -123.376289367999959, 40.631580353000061 ], [ -123.390007019, 40.60318374600007 ] ] ] } },
{ "type": "Feature", "properties": { }, "geometry": { "type": "Polygon", "coordinates": [ [ [ -123.147003173999963, 40.573665619000053 ], [ -123.187309264999953, 40.593269348000035 ], [ -123.14527130099998, 40.589046478000057 ], [ -123.147003173999963, 40.573665619000053 ] ] ] } },
{ "type": "Feature", "properties": { }, "geometry": { "type": "Polygon", "coordinates": [ [ [ -123.412132263, 40.32638931300005 ], [ -123.450370788999976, 40.31326675400004 ], [ -123.44143676799996, 40.348007202000076 ], [ -123.412132263, 40.32638931300005 ] ] ] } },
{ "type": "Feature", "properties": { }, "geometry": { "type": "Polygon", "coordinates": [ [ [ -123.741577147999976, 40.054210663000049 ], [ -123.763717650999979, 40.097934723000037 ], [ -123.733596801999965, 40.118293762000064 ], [ -123.721946716, 40.090671539000027 ], [ -123.741577147999976, 40.054210663000049 ] ] ] } },
{ "type": "Feature", "properties": { }, "geometry": { "type": "Polygon", "coordinates": [ [ [ -123.187301635999972, 39.65929794300007 ], [ -123.239593505999949, 39.746772766000049 ], [ -123.229393004999963, 39.764350891000049 ], [ -123.158172606999983, 39.718345642000031 ], [ -123.187301635999972, 39.65929794300007 ] ] ] } },
{ "type": "Feature", "properties": { }, "geometry": { "type": "Polygon", "coordinates": [ [ [ -121.255706786999951, 38.908874512000068 ], [ -121.300086974999942, 38.892967224000074 ], [ -121.305511474999946, 38.91043090800008 ], [ -121.255706786999951, 38.908874512000068 ] ] ] } },
{ "type": "Feature", "properties": { }, "geometry": { "type": "Polygon", "coordinates": [ [ [ -118.880279541, 38.502475739000033 ], [ -118.926628113, 38.485427856000058 ], [ -118.903907775999983, 38.514789581000059 ], [ -118.880279541, 38.502475739000033 ] ] ] } },
{ "type": "Feature", "properties": { }, "geometry": { "type": "Polygon", "coordinates": [ [ [ -120.799461364999956, 38.320793152000078 ], [ -120.927970885999969, 38.360462189000032 ], [ -120.936027526999965, 38.419464111000025 ], [ -120.810173035, 38.354003906000059 ], [ -120.799461364999956, 38.320793152000078 ] ] ] } },
{ "type": "Feature", "properties": { }, "geometry": { "type": "Polygon", "coordinates": [ [ [ -121.797447204999969, 37.982723236000027 ], [ -121.738136291999979, 37.956119537000063 ], [ -121.831092833999946, 37.982307434000063 ], [ -121.797447204999969, 37.982723236000027 ] ] ] } },
{ "type": "Feature", "properties": { }, "geometry": { "type": "Polygon", "coordinates": [ [ [ -121.54178619399994, 37.69687652600004 ], [ -121.594306945999961, 37.68557357800006 ], [ -121.59306335399998, 37.695552826000039 ], [ -121.54178619399994, 37.69687652600004 ] ] ] } },
{ "type": "Feature", "properties": { }, "geometry": { "type": "Polygon", "coordinates": [ [ [ -121.708717345999958, 37.015014648000033 ], [ -121.752349853999988, 36.995777130000079 ], [ -121.728988647, 37.039497375000053 ], [ -121.708717345999958, 37.015014648000033 ] ] ] } },
{ "type": "Feature", "properties": { }, "geometry": { "type": "Polygon", "coordinates": [ [ [ -120.803092957, 36.401592255000025 ], [ -120.83010864299996, 36.40308761600005 ], [ -120.803543091, 36.416744232000042 ], [ -120.803092957, 36.401592255000025 ] ] ] } },
{ "type": "Feature", "properties": { }, "geometry": { "type": "Polygon", "coordinates": [ [ [ -117.841789245999962, 35.424312592000035 ], [ -117.832359313999973, 35.458461761000024 ], [ -117.772987365999938, 35.494804382000041 ], [ -117.770599364999953, 35.482299805000025 ], [ -117.841789245999962, 35.424312592000035 ] ] ] } },
{ "type": "Feature", "properties": { }, "geometry": { "type": "Polygon", "coordinates": [ [ [ -117.322303771999941, 33.688224792000028 ], [ -117.349922179999965, 33.697074890000067 ], [ -117.356666564999955, 33.733543396000073 ], [ -117.313926696999943, 33.716075897000053 ], [ -117.322303771999941, 33.688224792000028 ] ] ] } },
{ "type": "Feature", "properties": { }, "geometry": { "type": "Polygon", "coordinates": [ [ [ -111.356328941999948, 39.593519696000044 ], [ -111.36012027299995, 39.499166711000044 ], [ -111.430357493999963, 39.441572191000034 ], [ -111.442246066999985, 39.53345726200007 ], [ -111.401143199999979, 39.692341016000057 ], [ -111.356328941999948, 39.593519696000044 ] ] ] } },
{ "type": "Feature", "properties": { }, "geometry": { "type": "Polygon", "coordinates": [ [ [ -111.759587531999955, 39.35095173600007 ], [ -111.655485112999941, 39.521866157000034 ], [ -111.610425856999939, 39.49389834200008 ], [ -111.643054972999948, 39.394457225000053 ], [ -111.738611672, 39.326091457000075 ], [ -111.759587531999955, 39.35095173600007 ] ] ] } },
{ "type": "Feature", "properties": { }, "geometry": { "type": "Polygon", "coordinates": [ [ [ -111.703859855999951, 39.187390360000052 ], [ -111.641069473999949, 39.264954948000025 ], [ -111.64845657799998, 39.208628283000053 ], [ -111.703859855999951, 39.187390360000052 ] ] ] } }
]
}
